backbone,method,split_index,setting,analysis_unit,attribute,metric,gap_max_minus_min,eligible_groups,patient_outcome_aggregation,patient_score_aggregation
vits16,baseline,0,internal_test,patient,sex,auroc,0.033067877960351155,2,max_image_outcome,max_calibrated_image_probability
vits16,baseline,0,internal_test,patient,sex,auprc,0.170370907287272,2,max_image_outcome,max_calibrated_image_probability
vits16,baseline,0,internal_test,patient,sex,brier,0.006044816593904559,2,max_image_outcome,max_calibrated_image_probability
vits16,baseline,0,internal_test,patient,sex,ece,0.0159552480738765,2,max_image_outcome,max_calibrated_image_probability
vits16,baseline,0,internal_test,patient,sex,sensitivity,0.01753246753246751,2,max_image_outcome,max_calibrated_image_probability
vits16,baseline,0,internal_test,patient,sex,fpr,0.039002415346501396,2,max_image_outcome,max_calibrated_image_probability
vits16,baseline,0,internal_test,patient,sex,fnr,0.01753246753246751,2,max_image_outcome,max_calibrated_image_probability
vits16,baseline,0,internal_test,patient,sex,ppv,0.07605977984183909,2,max_image_outcome,max_calibrated_image_probability
vits16,baseline,0,internal_test,patient,age_group,auroc,0.14162566159400636,3,max_image_outcome,max_calibrated_image_probability
vits16,baseline,0,internal_test,patient,age_group,auprc,0.3326171349740522,3,max_image_outcome,max_calibrated_image_probability
vits16,baseline,0,internal_test,patient,age_group,brier,0.03226759062981929,3,max_image_outcome,max_calibrated_image_probability
vits16,baseline,0,internal_test,patient,age_group,ece,0.013212419625405415,3,max_image_outcome,max_calibrated_image_probability
vits16,baseline,0,internal_test,patient,age_group,sensitivity,0.07317073170731703,3,max_image_outcome,max_calibrated_image_probability
vits16,baseline,0,internal_test,patient,age_group,fpr,0.36778134911343363,3,max_image_outcome,max_calibrated_image_probability
vits16,baseline,0,internal_test,patient,age_group,fnr,0.07317073170731703,3,max_image_outcome,max_calibrated_image_probability
vits16,baseline,0,internal_test,patient,age_group,ppv,0.026785714285714274,3,max_image_outcome,max_calibrated_image_probability
vits16,baseline,0,internal_test,patient,sex_age,auroc,0.18221231264709525,4,max_image_outcome,max_calibrated_image_probability
vits16,baseline,0,internal_test,patient,sex_age,auprc,0.42563029359361415,4,max_image_outcome,max_calibrated_image_probability
vits16,baseline,0,internal_test,patient,sex_age,brier,0.03519224864736778,4,max_image_outcome,max_calibrated_image_probability
vits16,baseline,0,internal_test,patient,sex_age,ece,0.014350073790299817,4,max_image_outcome,max_calibrated_image_probability
vits16,baseline,0,internal_test,patient,sex_age,sensitivity,0.07407407407407407,4,max_image_outcome,max_calibrated_image_probability
vits16,baseline,0,internal_test,patient,sex_age,fpr,0.31845919145690316,4,max_image_outcome,max_calibrated_image_probability
vits16,baseline,0,internal_test,patient,sex_age,fnr,0.07407407407407407,4,max_image_outcome,max_calibrated_image_probability
vits16,baseline,0,internal_test,patient,sex_age,ppv,0.11198712791633145,4,max_image_outcome,max_calibrated_image_probability
vits16,baseline,0,external_full,patient,sex,auroc,0.0006155686805114913,2,max_image_outcome,max_calibrated_image_probability
vits16,baseline,0,external_full,patient,sex,auprc,0.06933666489402668,2,max_image_outcome,max_calibrated_image_probability
vits16,baseline,0,external_full,patient,sex,brier,0.017127629687046092,2,max_image_outcome,max_calibrated_image_probability
vits16,baseline,0,external_full,patient,sex,ece,0.031926560454621875,2,max_image_outcome,max_calibrated_image_probability
vits16,baseline,0,external_full,patient,sex,sensitivity,0.008547008547008628,2,max_image_outcome,max_calibrated_image_probability
vits16,baseline,0,external_full,patient,sex,fpr,0.014766382603585093,2,max_image_outcome,max_calibrated_image_probability
vits16,baseline,0,external_full,patient,sex,fnr,0.008547008547008628,2,max_image_outcome,max_calibrated_image_probability
vits16,baseline,0,external_full,patient,sex,ppv,0.051083787552287985,2,max_image_outcome,max_calibrated_image_probability
vits16,baseline,0,external_full,patient,age_group,auroc,0.09530786492482679,3,max_image_outcome,max_calibrated_image_probability
vits16,baseline,0,external_full,patient,age_group,auprc,0.3022785572888155,3,max_image_outcome,max_calibrated_image_probability
vits16,baseline,0,external_full,patient,age_group,brier,0.014435811981074992,3,max_image_outcome,max_calibrated_image_probability
vits16,baseline,0,external_full,patient,age_group,ece,0.036969993012244226,3,max_image_outcome,max_calibrated_image_probability
vits16,baseline,0,external_full,patient,age_group,sensitivity,0.043740573152337814,3,max_image_outcome,max_calibrated_image_probability
vits16,baseline,0,external_full,patient,age_group,fpr,0.20898963842573248,3,max_image_outcome,max_calibrated_image_probability
vits16,baseline,0,external_full,patient,age_group,fnr,0.043740573152337814,3,max_image_outcome,max_calibrated_image_probability
vits16,baseline,0,external_full,patient,age_group,ppv,0.12159670246230614,3,max_image_outcome,max_calibrated_image_probability
vits16,baseline,0,external_full,patient,sex_age,auroc,0.2179925023062277,6,max_image_outcome,max_calibrated_image_probability
vits16,baseline,0,external_full,patient,sex_age,auprc,0.47638781208634307,6,max_image_outcome,max_calibrated_image_probability
vits16,baseline,0,external_full,patient,sex_age,brier,0.07707537526234114,6,max_image_outcome,max_calibrated_image_probability
vits16,baseline,0,external_full,patient,sex_age,ece,0.06850506410950159,6,max_image_outcome,max_calibrated_image_probability
vits16,baseline,0,external_full,patient,sex_age,sensitivity,0.16329966329966328,6,max_image_outcome,max_calibrated_image_probability
vits16,baseline,0,external_full,patient,sex_age,fpr,0.22192513368983957,6,max_image_outcome,max_calibrated_image_probability
vits16,baseline,0,external_full,patient,sex_age,fnr,0.16329966329966328,6,max_image_outcome,max_calibrated_image_probability
vits16,baseline,0,external_full,patient,sex_age,ppv,0.23968253968253966,6,max_image_outcome,max_calibrated_image_probability
vits16,sex_erased,0,internal_test,patient,sex,auroc,0.033248899646749264,2,max_image_outcome,max_calibrated_image_probability
vits16,sex_erased,0,internal_test,patient,sex,auprc,0.17186205317687286,2,max_image_outcome,max_calibrated_image_probability
vits16,sex_erased,0,internal_test,patient,sex,brier,0.006052470352381423,2,max_image_outcome,max_calibrated_image_probability
vits16,sex_erased,0,internal_test,patient,sex,ece,0.015997469779267366,2,max_image_outcome,max_calibrated_image_probability
vits16,sex_erased,0,internal_test,patient,sex,sensitivity,0.018181818181818188,2,max_image_outcome,max_calibrated_image_probability
vits16,sex_erased,0,internal_test,patient,sex,fpr,0.04620707846514294,2,max_image_outcome,max_calibrated_image_probability
vits16,sex_erased,0,internal_test,patient,sex,fnr,0.018181818181818188,2,max_image_outcome,max_calibrated_image_probability
vits16,sex_erased,0,internal_test,patient,sex,ppv,0.07249780333892482,2,max_image_outcome,max_calibrated_image_probability
vits16,sex_erased,0,internal_test,patient,age_group,auroc,0.14188867050453424,3,max_image_outcome,max_calibrated_image_probability
vits16,sex_erased,0,internal_test,patient,age_group,auprc,0.33001466424262227,3,max_image_outcome,max_calibrated_image_probability
vits16,sex_erased,0,internal_test,patient,age_group,brier,0.032217516225738055,3,max_image_outcome,max_calibrated_image_probability
vits16,sex_erased,0,internal_test,patient,age_group,ece,0.013004973467772674,3,max_image_outcome,max_calibrated_image_probability
vits16,sex_erased,0,internal_test,patient,age_group,sensitivity,0.024390243902439046,3,max_image_outcome,max_calibrated_image_probability
vits16,sex_erased,0,internal_test,patient,age_group,fpr,0.36409175731000365,3,max_image_outcome,max_calibrated_image_probability
vits16,sex_erased,0,internal_test,patient,age_group,fnr,0.024390243902439046,3,max_image_outcome,max_calibrated_image_probability
vits16,sex_erased,0,internal_test,patient,age_group,ppv,0.023720349563046195,3,max_image_outcome,max_calibrated_image_probability
vits16,sex_erased,0,internal_test,patient,sex_age,auroc,0.1830794004707048,4,max_image_outcome,max_calibrated_image_probability
vits16,sex_erased,0,internal_test,patient,sex_age,auprc,0.4263255287316612,4,max_image_outcome,max_calibrated_image_probability
vits16,sex_erased,0,internal_test,patient,sex_age,brier,0.035166631686998386,4,max_image_outcome,max_calibrated_image_probability
vits16,sex_erased,0,internal_test,patient,sex_age,ece,0.01447805374067105,4,max_image_outcome,max_calibrated_image_probability
vits16,sex_erased,0,internal_test,patient,sex_age,sensitivity,0.0714285714285714,4,max_image_outcome,max_calibrated_image_probability
vits16,sex_erased,0,internal_test,patient,sex_age,fpr,0.31429325822918497,4,max_image_outcome,max_calibrated_image_probability
vits16,sex_erased,0,internal_test,patient,sex_age,fnr,0.0714285714285714,4,max_image_outcome,max_calibrated_image_probability
vits16,sex_erased,0,internal_test,patient,sex_age,ppv,0.1113527620704654,4,max_image_outcome,max_calibrated_image_probability
vits16,sex_erased,0,external_full,patient,sex,auroc,0.001085587323832904,2,max_image_outcome,max_calibrated_image_probability
vits16,sex_erased,0,external_full,patient,sex,auprc,0.06741082389468844,2,max_image_outcome,max_calibrated_image_probability
vits16,sex_erased,0,external_full,patient,sex,brier,0.017130702177345775,2,max_image_outcome,max_calibrated_image_probability
vits16,sex_erased,0,external_full,patient,sex,ece,0.03204062978586582,2,max_image_outcome,max_calibrated_image_probability
vits16,sex_erased,0,external_full,patient,sex,sensitivity,0.0219780219780219,2,max_image_outcome,max_calibrated_image_probability
vits16,sex_erased,0,external_full,patient,sex,fpr,0.024243314722303788,2,max_image_outcome,max_calibrated_image_probability
vits16,sex_erased,0,external_full,patient,sex,fnr,0.0219780219780219,2,max_image_outcome,max_calibrated_image_probability
vits16,sex_erased,0,external_full,patient,sex,ppv,0.049996627546202654,2,max_image_outcome,max_calibrated_image_probability
vits16,sex_erased,0,external_full,patient,age_group,auroc,0.09779356456773836,3,max_image_outcome,max_calibrated_image_probability
vits16,sex_erased,0,external_full,patient,age_group,auprc,0.2976419297526939,3,max_image_outcome,max_calibrated_image_probability
vits16,sex_erased,0,external_full,patient,age_group,brier,0.014523118308076788,3,max_image_outcome,max_calibrated_image_probability
vits16,sex_erased,0,external_full,patient,age_group,ece,0.03577254328931764,3,max_image_outcome,max_calibrated_image_probability
vits16,sex_erased,0,external_full,patient,age_group,sensitivity,0.02250130821559393,3,max_image_outcome,max_calibrated_image_probability
vits16,sex_erased,0,external_full,patient,age_group,fpr,0.18818002334596695,3,max_image_outcome,max_calibrated_image_probability
vits16,sex_erased,0,external_full,patient,age_group,fnr,0.02250130821559393,3,max_image_outcome,max_calibrated_image_probability
vits16,sex_erased,0,external_full,patient,age_group,ppv,0.11903289795708066,3,max_image_outcome,max_calibrated_image_probability
vits16,sex_erased,0,external_full,patient,sex_age,auroc,0.22259514416377146,6,max_image_outcome,max_calibrated_image_probability
vits16,sex_erased,0,external_full,patient,sex_age,auprc,0.4598881327110921,6,max_image_outcome,max_calibrated_image_probability
vits16,sex_erased,0,external_full,patient,sex_age,brier,0.07660088594372293,6,max_image_outcome,max_calibrated_image_probability
vits16,sex_erased,0,external_full,patient,sex_age,ece,0.06189959329659314,6,max_image_outcome,max_calibrated_image_probability
vits16,sex_erased,0,external_full,patient,sex_age,sensitivity,0.14057239057239057,6,max_image_outcome,max_calibrated_image_probability
vits16,sex_erased,0,external_full,patient,sex_age,fpr,0.2139037433155081,6,max_image_outcome,max_calibrated_image_probability
vits16,sex_erased,0,external_full,patient,sex_age,fnr,0.14057239057239057,6,max_image_outcome,max_calibrated_image_probability
vits16,sex_erased,0,external_full,patient,sex_age,ppv,0.23549423549423548,6,max_image_outcome,max_calibrated_image_probability
vits16,age_erased,0,internal_test,patient,sex,auroc,0.03301874350261458,2,max_image_outcome,max_calibrated_image_probability
vits16,age_erased,0,internal_test,patient,sex,auprc,0.17052346470773405,2,max_image_outcome,max_calibrated_image_probability
vits16,age_erased,0,internal_test,patient,sex,brier,0.0060124905226477225,2,max_image_outcome,max_calibrated_image_probability
vits16,age_erased,0,internal_test,patient,sex,ece,0.015906266173725536,2,max_image_outcome,max_calibrated_image_probability
vits16,age_erased,0,internal_test,patient,sex,sensitivity,0.01753246753246751,2,max_image_outcome,max_calibrated_image_probability
vits16,age_erased,0,internal_test,patient,sex,fpr,0.0354750784858312,2,max_image_outcome,max_calibrated_image_probability
vits16,age_erased,0,internal_test,patient,sex,fnr,0.01753246753246751,2,max_image_outcome,max_calibrated_image_probability
vits16,age_erased,0,internal_test,patient,sex,ppv,0.07497133349821256,2,max_image_outcome,max_calibrated_image_probability
vits16,age_erased,0,internal_test,patient,age_group,auroc,0.1415124818079162,3,max_image_outcome,max_calibrated_image_probability
vits16,age_erased,0,internal_test,patient,age_group,auprc,0.33295725641579954,3,max_image_outcome,max_calibrated_image_probability
vits16,age_erased,0,internal_test,patient,age_group,brier,0.032292979834173736,3,max_image_outcome,max_calibrated_image_probability
vits16,age_erased,0,internal_test,patient,age_group,ece,0.013202982662486408,3,max_image_outcome,max_calibrated_image_probability
vits16,age_erased,0,internal_test,patient,age_group,sensitivity,0.07317073170731703,3,max_image_outcome,max_calibrated_image_probability
vits16,age_erased,0,internal_test,patient,age_group,fpr,0.36472324513789844,3,max_image_outcome,max_calibrated_image_probability
vits16,age_erased,0,internal_test,patient,age_group,fnr,0.07317073170731703,3,max_image_outcome,max_calibrated_image_probability
vits16,age_erased,0,internal_test,patient,age_group,ppv,0.02781289506953223,3,max_image_outcome,max_calibrated_image_probability
vits16,age_erased,0,internal_test,patient,sex_age,auroc,0.18159296420165982,4,max_image_outcome,max_calibrated_image_probability
vits16,age_erased,0,internal_test,patient,sex_age,auprc,0.4262051739993089,4,max_image_outcome,max_calibrated_image_probability
vits16,age_erased,0,internal_test,patient,sex_age,brier,0.035272262056868675,4,max_image_outcome,max_calibrated_image_probability
vits16,age_erased,0,internal_test,patient,sex_age,ece,0.014253216289122024,4,max_image_outcome,max_calibrated_image_probability
vits16,age_erased,0,internal_test,patient,sex_age,sensitivity,0.07407407407407407,4,max_image_outcome,max_calibrated_image_probability
vits16,age_erased,0,internal_test,patient,sex_age,fpr,0.31845919145690316,4,max_image_outcome,max_calibrated_image_probability
vits16,age_erased,0,internal_test,patient,sex_age,fnr,0.07407407407407407,4,max_image_outcome,max_calibrated_image_probability
vits16,age_erased,0,internal_test,patient,sex_age,ppv,0.11198712791633145,4,max_image_outcome,max_calibrated_image_probability
vits16,age_erased,0,external_full,patient,sex,auroc,0.00024148456597761214,2,max_image_outcome,max_calibrated_image_probability
vits16,age_erased,0,external_full,patient,sex,auprc,0.06882867003982118,2,max_image_outcome,max_calibrated_image_probability
vits16,age_erased,0,external_full,patient,sex,brier,0.017240024339484405,2,max_image_outcome,max_calibrated_image_probability
vits16,age_erased,0,external_full,patient,sex,ece,0.03203506674174002,2,max_image_outcome,max_calibrated_image_probability
vits16,age_erased,0,external_full,patient,sex,sensitivity,0.008547008547008628,2,max_image_outcome,max_calibrated_image_probability
vits16,age_erased,0,external_full,patient,sex,fpr,0.010229944166911586,2,max_image_outcome,max_calibrated_image_probability
vits16,age_erased,0,external_full,patient,sex,fnr,0.008547008547008628,2,max_image_outcome,max_calibrated_image_probability
vits16,age_erased,0,external_full,patient,sex,ppv,0.04977123946616513,2,max_image_outcome,max_calibrated_image_probability
vits16,age_erased,0,external_full,patient,age_group,auroc,0.09551783635546485,3,max_image_outcome,max_calibrated_image_probability
vits16,age_erased,0,external_full,patient,age_group,auprc,0.3028623180536821,3,max_image_outcome,max_calibrated_image_probability
vits16,age_erased,0,external_full,patient,age_group,brier,0.01443608283424122,3,max_image_outcome,max_calibrated_image_probability
vits16,age_erased,0,external_full,patient,age_group,ece,0.03720221919389237,3,max_image_outcome,max_calibrated_image_probability
vits16,age_erased,0,external_full,patient,age_group,sensitivity,0.043740573152337814,3,max_image_outcome,max_calibrated_image_probability
vits16,age_erased,0,external_full,patient,age_group,fpr,0.20666945281088323,3,max_image_outcome,max_calibrated_image_probability
vits16,age_erased,0,external_full,patient,age_group,fnr,0.043740573152337814,3,max_image_outcome,max_calibrated_image_probability
vits16,age_erased,0,external_full,patient,age_group,ppv,0.12230919765166343,3,max_image_outcome,max_calibrated_image_probability
vits16,age_erased,0,external_full,patient,sex_age,auroc,0.2195823274254648,6,max_image_outcome,max_calibrated_image_probability
vits16,age_erased,0,external_full,patient,sex_age,auprc,0.47665870409721794,6,max_image_outcome,max_calibrated_image_probability
vits16,age_erased,0,external_full,patient,sex_age,brier,0.07717800476263087,6,max_image_outcome,max_calibrated_image_probability
vits16,age_erased,0,external_full,patient,sex_age,ece,0.06892391887085733,6,max_image_outcome,max_calibrated_image_probability
vits16,age_erased,0,external_full,patient,sex_age,sensitivity,0.16329966329966328,6,max_image_outcome,max_calibrated_image_probability
vits16,age_erased,0,external_full,patient,sex_age,fpr,0.21604278074866312,6,max_image_outcome,max_calibrated_image_probability
vits16,age_erased,0,external_full,patient,sex_age,fnr,0.16329966329966328,6,max_image_outcome,max_calibrated_image_probability
vits16,age_erased,0,external_full,patient,sex_age,ppv,0.23968253968253966,6,max_image_outcome,max_calibrated_image_probability
vits16,joint_erased,0,internal_test,patient,sex,auroc,0.03325458889975019,2,max_image_outcome,max_calibrated_image_probability
vits16,joint_erased,0,internal_test,patient,sex,auprc,0.1724208571914464,2,max_image_outcome,max_calibrated_image_probability
vits16,joint_erased,0,internal_test,patient,sex,brier,0.006031428421561326,2,max_image_outcome,max_calibrated_image_probability
vits16,joint_erased,0,internal_test,patient,sex,ece,0.015951301166887158,2,max_image_outcome,max_calibrated_image_probability
vits16,joint_erased,0,internal_test,patient,sex,sensitivity,0.018181818181818188,2,max_image_outcome,max_calibrated_image_probability
vits16,joint_erased,0,internal_test,patient,sex,fpr,0.04835347846100535,2,max_image_outcome,max_calibrated_image_probability
vits16,joint_erased,0,internal_test,patient,sex,fnr,0.018181818181818188,2,max_image_outcome,max_calibrated_image_probability
vits16,joint_erased,0,internal_test,patient,sex,ppv,0.07262546267492014,2,max_image_outcome,max_calibrated_image_probability
vits16,joint_erased,0,internal_test,patient,age_group,auroc,0.14171890082539884,3,max_image_outcome,max_calibrated_image_probability
vits16,joint_erased,0,internal_test,patient,age_group,auprc,0.33016643169025894,3,max_image_outcome,max_calibrated_image_probability
vits16,joint_erased,0,internal_test,patient,age_group,brier,0.0322555766126944,3,max_image_outcome,max_calibrated_image_probability
vits16,joint_erased,0,internal_test,patient,age_group,ece,0.013039073715599675,3,max_image_outcome,max_calibrated_image_probability
vits16,joint_erased,0,internal_test,patient,age_group,sensitivity,0.024390243902439046,3,max_image_outcome,max_calibrated_image_probability
vits16,joint_erased,0,internal_test,patient,age_group,fpr,0.36029573497378264,3,max_image_outcome,max_calibrated_image_probability
vits16,joint_erased,0,internal_test,patient,age_group,fnr,0.024390243902439046,3,max_image_outcome,max_calibrated_image_probability
vits16,joint_erased,0,internal_test,patient,age_group,ppv,0.025587763195165703,3,max_image_outcome,max_calibrated_image_probability
vits16,joint_erased,0,internal_test,patient,sex_age,auroc,0.18270779140344362,4,max_image_outcome,max_calibrated_image_probability
vits16,joint_erased,0,internal_test,patient,sex_age,auprc,0.4259507932805605,4,max_image_outcome,max_calibrated_image_probability
vits16,joint_erased,0,internal_test,patient,sex_age,brier,0.03521223813452265,4,max_image_outcome,max_calibrated_image_probability
vits16,joint_erased,0,internal_test,patient,sex_age,ece,0.014417159686938793,4,max_image_outcome,max_calibrated_image_probability
vits16,joint_erased,0,internal_test,patient,sex_age,sensitivity,0.0714285714285714,4,max_image_outcome,max_calibrated_image_probability
vits16,joint_erased,0,internal_test,patient,sex_age,fpr,0.31763773983453614,4,max_image_outcome,max_calibrated_image_probability
vits16,joint_erased,0,internal_test,patient,sex_age,fnr,0.0714285714285714,4,max_image_outcome,max_calibrated_image_probability
vits16,joint_erased,0,internal_test,patient,sex_age,ppv,0.1113527620704654,4,max_image_outcome,max_calibrated_image_probability
vits16,joint_erased,0,external_full,patient,sex,auroc,0.0007521486822839041,2,max_image_outcome,max_calibrated_image_probability
vits16,joint_erased,0,external_full,patient,sex,auprc,0.06818098766379899,2,max_image_outcome,max_calibrated_image_probability
vits16,joint_erased,0,external_full,patient,sex,brier,0.01721840088219917,2,max_image_outcome,max_calibrated_image_probability
vits16,joint_erased,0,external_full,patient,sex,ece,0.03216637712059614,2,max_image_outcome,max_calibrated_image_probability
vits16,joint_erased,0,external_full,patient,sex,sensitivity,0.0219780219780219,2,max_image_outcome,max_calibrated_image_probability
vits16,joint_erased,0,external_full,patient,sex,fpr,0.022718924478401403,2,max_image_outcome,max_calibrated_image_probability
vits16,joint_erased,0,external_full,patient,sex,fnr,0.0219780219780219,2,max_image_outcome,max_calibrated_image_probability
vits16,joint_erased,0,external_full,patient,sex,ppv,0.04961517839426166,2,max_image_outcome,max_calibrated_image_probability
vits16,joint_erased,0,external_full,patient,age_group,auroc,0.09761812471622944,3,max_image_outcome,max_calibrated_image_probability
vits16,joint_erased,0,external_full,patient,age_group,auprc,0.3039012229346273,3,max_image_outcome,max_calibrated_image_probability
vits16,joint_erased,0,external_full,patient,age_group,brier,0.014530822090569218,3,max_image_outcome,max_calibrated_image_probability
vits16,joint_erased,0,external_full,patient,age_group,ece,0.03593983937194993,3,max_image_outcome,max_calibrated_image_probability
vits16,joint_erased,0,external_full,patient,age_group,sensitivity,0.02250130821559393,3,max_image_outcome,max_calibrated_image_probability
vits16,joint_erased,0,external_full,patient,age_group,fpr,0.1905002089608162,3,max_image_outcome,max_calibrated_image_probability
vits16,joint_erased,0,external_full,patient,age_group,fnr,0.02250130821559393,3,max_image_outcome,max_calibrated_image_probability
vits16,joint_erased,0,external_full,patient,age_group,ppv,0.11903289795708066,3,max_image_outcome,max_calibrated_image_probability
vits16,joint_erased,0,external_full,patient,sex_age,auroc,0.22217315354570255,6,max_image_outcome,max_calibrated_image_probability
vits16,joint_erased,0,external_full,patient,sex_age,auprc,0.48069046059500203,6,max_image_outcome,max_calibrated_image_probability
vits16,joint_erased,0,external_full,patient,sex_age,brier,0.07667854909669218,6,max_image_outcome,max_calibrated_image_probability
vits16,joint_erased,0,external_full,patient,sex_age,ece,0.062336346087522906,6,max_image_outcome,max_calibrated_image_probability
vits16,joint_erased,0,external_full,patient,sex_age,sensitivity,0.14057239057239057,6,max_image_outcome,max_calibrated_image_probability
vits16,joint_erased,0,external_full,patient,sex_age,fpr,0.2139037433155081,6,max_image_outcome,max_calibrated_image_probability
vits16,joint_erased,0,external_full,patient,sex_age,fnr,0.14057239057239057,6,max_image_outcome,max_calibrated_image_probability
vits16,joint_erased,0,external_full,patient,sex_age,ppv,0.23549423549423548,6,max_image_outcome,max_calibrated_image_probability
vits16,baseline,1,internal_test,patient,sex,auroc,0.014102606279405516,2,max_image_outcome,max_calibrated_image_probability
vits16,baseline,1,internal_test,patient,sex,auprc,0.10947754101415363,2,max_image_outcome,max_calibrated_image_probability
vits16,baseline,1,internal_test,patient,sex,brier,0.017135105530756686,2,max_image_outcome,max_calibrated_image_probability
vits16,baseline,1,internal_test,patient,sex,ece,0.005945196640418718,2,max_image_outcome,max_calibrated_image_probability
vits16,baseline,1,internal_test,patient,sex,sensitivity,0.019841269841269882,2,max_image_outcome,max_calibrated_image_probability
vits16,baseline,1,internal_test,patient,sex,fpr,0.006163642917217382,2,max_image_outcome,max_calibrated_image_probability
vits16,baseline,1,internal_test,patient,sex,fnr,0.019841269841269882,2,max_image_outcome,max_calibrated_image_probability
vits16,baseline,1,internal_test,patient,sex,ppv,0.17012051734273953,2,max_image_outcome,max_calibrated_image_probability
vits16,baseline,1,internal_test,patient,age_group,auroc,0.09064900336264137,2,max_image_outcome,max_calibrated_image_probability
vits16,baseline,1,internal_test,patient,age_group,auprc,0.2398619493732147,2,max_image_outcome,max_calibrated_image_probability
vits16,baseline,1,internal_test,patient,age_group,brier,0.01556914812138177,2,max_image_outcome,max_calibrated_image_probability
vits16,baseline,1,internal_test,patient,age_group,ece,0.0003291945880694487,2,max_image_outcome,max_calibrated_image_probability
vits16,baseline,1,internal_test,patient,age_group,sensitivity,0.05050505050505061,2,max_image_outcome,max_calibrated_image_probability
vits16,baseline,1,internal_test,patient,age_group,fpr,0.17893268224625047,2,max_image_outcome,max_calibrated_image_probability
vits16,baseline,1,internal_test,patient,age_group,fnr,0.05050505050505061,2,max_image_outcome,max_calibrated_image_probability
vits16,baseline,1,internal_test,patient,age_group,ppv,0.20145348837209304,2,max_image_outcome,max_calibrated_image_probability
vits16,baseline,1,internal_test,patient,sex_age,auroc,0.12884948176301558,4,max_image_outcome,max_calibrated_image_probability
vits16,baseline,1,internal_test,patient,sex_age,auprc,0.3236416772978271,4,max_image_outcome,max_calibrated_image_probability
vits16,baseline,1,internal_test,patient,sex_age,brier,0.0415439140271548,4,max_image_outcome,max_calibrated_image_probability
vits16,baseline,1,internal_test,patient,sex_age,ece,0.012276277431300546,4,max_image_outcome,max_calibrated_image_probability
vits16,baseline,1,internal_test,patient,sex_age,sensitivity,0.10233918128654973,4,max_image_outcome,max_calibrated_image_probability
vits16,baseline,1,internal_test,patient,sex_age,fpr,0.21173469387755106,4,max_image_outcome,max_calibrated_image_probability
vits16,baseline,1,internal_test,patient,sex_age,fnr,0.10233918128654973,4,max_image_outcome,max_calibrated_image_probability
vits16,baseline,1,internal_test,patient,sex_age,ppv,0.427536231884058,4,max_image_outcome,max_calibrated_image_probability
vits16,baseline,1,external_full,patient,sex,auroc,0.019936957694083657,2,max_image_outcome,max_calibrated_image_probability
vits16,baseline,1,external_full,patient,sex,auprc,0.05929073138562069,2,max_image_outcome,max_calibrated_image_probability
vits16,baseline,1,external_full,patient,sex,brier,0.017059877333708645,2,max_image_outcome,max_calibrated_image_probability
vits16,baseline,1,external_full,patient,sex,ece,0.029948539683249745,2,max_image_outcome,max_calibrated_image_probability
vits16,baseline,1,external_full,patient,sex,sensitivity,0.013431013431013494,2,max_image_outcome,max_calibrated_image_probability
vits16,baseline,1,external_full,patient,sex,fpr,0.04742139288862779,2,max_image_outcome,max_calibrated_image_probability
vits16,baseline,1,external_full,patient,sex,fnr,0.013431013431013494,2,max_image_outcome,max_calibrated_image_probability
vits16,baseline,1,external_full,patient,sex,ppv,0.01903583215464405,2,max_image_outcome,max_calibrated_image_probability
vits16,baseline,1,external_full,patient,age_group,auroc,0.11672503916596444,3,max_image_outcome,max_calibrated_image_probability
vits16,baseline,1,external_full,patient,age_group,auprc,0.34902167675360846,3,max_image_outcome,max_calibrated_image_probability
vits16,baseline,1,external_full,patient,age_group,brier,0.01681906343013001,3,max_image_outcome,max_calibrated_image_probability
vits16,baseline,1,external_full,patient,age_group,ece,0.0392174809806546,3,max_image_outcome,max_calibrated_image_probability
vits16,baseline,1,external_full,patient,age_group,sensitivity,0.07239819004524883,3,max_image_outcome,max_calibrated_image_probability
vits16,baseline,1,external_full,patient,age_group,fpr,0.22024466374499485,3,max_image_outcome,max_calibrated_image_probability
vits16,baseline,1,external_full,patient,age_group,fnr,0.07239819004524883,3,max_image_outcome,max_calibrated_image_probability
vits16,baseline,1,external_full,patient,age_group,ppv,0.2453711867395521,3,max_image_outcome,max_calibrated_image_probability
vits16,baseline,1,external_full,patient,sex_age,auroc,0.23532355885297063,6,max_image_outcome,max_calibrated_image_probability
vits16,baseline,1,external_full,patient,sex_age,auprc,0.5362714813763927,6,max_image_outcome,max_calibrated_image_probability
vits16,baseline,1,external_full,patient,sex_age,brier,0.06446661475025807,6,max_image_outcome,max_calibrated_image_probability
vits16,baseline,1,external_full,patient,sex_age,ece,0.0606045700590475,6,max_image_outcome,max_calibrated_image_probability
vits16,baseline,1,external_full,patient,sex_age,sensitivity,0.30681818181818177,6,max_image_outcome,max_calibrated_image_probability
vits16,baseline,1,external_full,patient,sex_age,fpr,0.278749337572867,6,max_image_outcome,max_calibrated_image_probability
vits16,baseline,1,external_full,patient,sex_age,fnr,0.30681818181818177,6,max_image_outcome,max_calibrated_image_probability
vits16,baseline,1,external_full,patient,sex_age,ppv,0.3878787878787878,6,max_image_outcome,max_calibrated_image_probability
vits16,sex_erased,1,internal_test,patient,sex,auroc,0.014034760245561606,2,max_image_outcome,max_calibrated_image_probability
vits16,sex_erased,1,internal_test,patient,sex,auprc,0.10883185800921946,2,max_image_outcome,max_calibrated_image_probability
vits16,sex_erased,1,internal_test,patient,sex,brier,0.017159949991790564,2,max_image_outcome,max_calibrated_image_probability
vits16,sex_erased,1,internal_test,patient,sex,ece,0.006020845966656897,2,max_image_outcome,max_calibrated_image_probability
vits16,sex_erased,1,internal_test,patient,sex,sensitivity,0.019841269841269882,2,max_image_outcome,max_calibrated_image_probability
vits16,sex_erased,1,internal_test,patient,sex,fpr,0.004193199567463668,2,max_image_outcome,max_calibrated_image_probability
vits16,sex_erased,1,internal_test,patient,sex,fnr,0.019841269841269882,2,max_image_outcome,max_calibrated_image_probability
vits16,sex_erased,1,internal_test,patient,sex,ppv,0.16861786208259236,2,max_image_outcome,max_calibrated_image_probability
vits16,sex_erased,1,internal_test,patient,age_group,auroc,0.0911745890818092,2,max_image_outcome,max_calibrated_image_probability
vits16,sex_erased,1,internal_test,patient,age_group,auprc,0.24079741072529703,2,max_image_outcome,max_calibrated_image_probability
vits16,sex_erased,1,internal_test,patient,age_group,brier,0.015503834804521794,2,max_image_outcome,max_calibrated_image_probability
vits16,sex_erased,1,internal_test,patient,age_group,ece,0.0002524903060320098,2,max_image_outcome,max_calibrated_image_probability
vits16,sex_erased,1,internal_test,patient,age_group,sensitivity,0.05050505050505061,2,max_image_outcome,max_calibrated_image_probability
vits16,sex_erased,1,internal_test,patient,age_group,fpr,0.18431411629876926,2,max_image_outcome,max_calibrated_image_probability
vits16,sex_erased,1,internal_test,patient,age_group,fnr,0.05050505050505061,2,max_image_outcome,max_calibrated_image_probability
vits16,sex_erased,1,internal_test,patient,age_group,ppv,0.20743396502524328,2,max_image_outcome,max_calibrated_image_probability
vits16,sex_erased,1,internal_test,patient,sex_age,auroc,0.12902850073902705,4,max_image_outcome,max_calibrated_image_probability
vits16,sex_erased,1,internal_test,patient,sex_age,auprc,0.323449515409334,4,max_image_outcome,max_calibrated_image_probability
vits16,sex_erased,1,internal_test,patient,sex_age,brier,0.04149756782950918,4,max_image_outcome,max_calibrated_image_probability
vits16,sex_erased,1,internal_test,patient,sex_age,ece,0.012470289700076072,4,max_image_outcome,max_calibrated_image_probability
vits16,sex_erased,1,internal_test,patient,sex_age,sensitivity,0.10233918128654973,4,max_image_outcome,max_calibrated_image_probability
vits16,sex_erased,1,internal_test,patient,sex_age,fpr,0.22135007849293564,4,max_image_outcome,max_calibrated_image_probability
vits16,sex_erased,1,internal_test,patient,sex_age,fnr,0.10233918128654973,4,max_image_outcome,max_calibrated_image_probability
vits16,sex_erased,1,internal_test,patient,sex_age,ppv,0.4470764617691154,4,max_image_outcome,max_calibrated_image_probability
vits16,sex_erased,1,external_full,patient,sex,auroc,0.0203256853914362,2,max_image_outcome,max_calibrated_image_probability
vits16,sex_erased,1,external_full,patient,sex,auprc,0.05959820865904486,2,max_image_outcome,max_calibrated_image_probability
vits16,sex_erased,1,external_full,patient,sex,brier,0.017009220221774063,2,max_image_outcome,max_calibrated_image_probability
vits16,sex_erased,1,external_full,patient,sex,ece,0.030486187075095456,2,max_image_outcome,max_calibrated_image_probability
vits16,sex_erased,1,external_full,patient,sex,sensitivity,0.010378510378510342,2,max_image_outcome,max_calibrated_image_probability
vits16,sex_erased,1,external_full,patient,sex,fpr,0.04433588010578904,2,max_image_outcome,max_calibrated_image_probability
vits16,sex_erased,1,external_full,patient,sex,fnr,0.010378510378510342,2,max_image_outcome,max_calibrated_image_probability
vits16,sex_erased,1,external_full,patient,sex,ppv,0.02269852222413893,2,max_image_outcome,max_calibrated_image_probability
vits16,sex_erased,1,external_full,patient,age_group,auroc,0.11758386868320492,3,max_image_outcome,max_calibrated_image_probability
vits16,sex_erased,1,external_full,patient,age_group,auprc,0.3496248030511769,3,max_image_outcome,max_calibrated_image_probability
vits16,sex_erased,1,external_full,patient,age_group,brier,0.01675133756111763,3,max_image_outcome,max_calibrated_image_probability
vits16,sex_erased,1,external_full,patient,age_group,ece,0.03933318026382816,3,max_image_outcome,max_calibrated_image_probability
vits16,sex_erased,1,external_full,patient,age_group,sensitivity,0.05530417295123169,3,max_image_outcome,max_calibrated_image_probability
vits16,sex_erased,1,external_full,patient,age_group,fpr,0.21630355960525893,3,max_image_outcome,max_calibrated_image_probability
vits16,sex_erased,1,external_full,patient,age_group,fnr,0.05530417295123169,3,max_image_outcome,max_calibrated_image_probability
vits16,sex_erased,1,external_full,patient,age_group,ppv,0.23866072194118151,3,max_image_outcome,max_calibrated_image_probability
vits16,sex_erased,1,external_full,patient,sex_age,auroc,0.23792419870851245,6,max_image_outcome,max_calibrated_image_probability
vits16,sex_erased,1,external_full,patient,sex_age,auprc,0.5357483251310088,6,max_image_outcome,max_calibrated_image_probability
vits16,sex_erased,1,external_full,patient,sex_age,brier,0.0641142897393609,6,max_image_outcome,max_calibrated_image_probability
vits16,sex_erased,1,external_full,patient,sex_age,ece,0.060850364357613596,6,max_image_outcome,max_calibrated_image_probability
vits16,sex_erased,1,external_full,patient,sex_age,sensitivity,0.28409090909090906,6,max_image_outcome,max_calibrated_image_probability
vits16,sex_erased,1,external_full,patient,sex_age,fpr,0.269740328563858,6,max_image_outcome,max_calibrated_image_probability
vits16,sex_erased,1,external_full,patient,sex_age,fnr,0.28409090909090906,6,max_image_outcome,max_calibrated_image_probability
vits16,sex_erased,1,external_full,patient,sex_age,ppv,0.3831500392772977,6,max_image_outcome,max_calibrated_image_probability
vits16,age_erased,1,internal_test,patient,sex,auroc,0.014082080827845567,2,max_image_outcome,max_calibrated_image_probability
vits16,age_erased,1,internal_test,patient,sex,auprc,0.10984647534547509,2,max_image_outcome,max_calibrated_image_probability
vits16,age_erased,1,internal_test,patient,sex,brier,0.01710035689499942,2,max_image_outcome,max_calibrated_image_probability
vits16,age_erased,1,internal_test,patient,sex,ece,0.005898335558302978,2,max_image_outcome,max_calibrated_image_probability
vits16,age_erased,1,internal_test,patient,sex,sensitivity,0.019841269841269882,2,max_image_outcome,max_calibrated_image_probability
vits16,age_erased,1,internal_test,patient,sex,fpr,0.004421482638471752,2,max_image_outcome,max_calibrated_image_probability
vits16,age_erased,1,internal_test,patient,sex,fnr,0.019841269841269882,2,max_image_outcome,max_calibrated_image_probability
vits16,age_erased,1,internal_test,patient,sex,ppv,0.16804246718776633,2,max_image_outcome,max_calibrated_image_probability
vits16,age_erased,1,internal_test,patient,age_group,auroc,0.09061100315024284,2,max_image_outcome,max_calibrated_image_probability
vits16,age_erased,1,internal_test,patient,age_group,auprc,0.23990726870988277,2,max_image_outcome,max_calibrated_image_probability
vits16,age_erased,1,internal_test,patient,age_group,brier,0.015541503051278438,2,max_image_outcome,max_calibrated_image_probability
vits16,age_erased,1,internal_test,patient,age_group,ece,0.00029996623713458154,2,max_image_outcome,max_calibrated_image_probability
vits16,age_erased,1,internal_test,patient,age_group,sensitivity,0.05050505050505061,2,max_image_outcome,max_calibrated_image_probability
vits16,age_erased,1,internal_test,patient,age_group,fpr,0.18127460262095774,2,max_image_outcome,max_calibrated_image_probability
vits16,age_erased,1,internal_test,patient,age_group,fnr,0.05050505050505061,2,max_image_outcome,max_calibrated_image_probability
vits16,age_erased,1,internal_test,patient,age_group,ppv,0.20252890173410407,2,max_image_outcome,max_calibrated_image_probability
vits16,age_erased,1,internal_test,patient,sex_age,auroc,0.1288494817630157,4,max_image_outcome,max_calibrated_image_probability
vits16,age_erased,1,internal_test,patient,sex_age,auprc,0.32431584807420777,4,max_image_outcome,max_calibrated_image_probability
vits16,age_erased,1,internal_test,patient,sex_age,brier,0.04147680213789347,4,max_image_outcome,max_calibrated_image_probability
vits16,age_erased,1,internal_test,patient,sex_age,ece,0.011806730488294039,4,max_image_outcome,max_calibrated_image_probability
vits16,age_erased,1,internal_test,patient,sex_age,sensitivity,0.10233918128654973,4,max_image_outcome,max_calibrated_image_probability
vits16,age_erased,1,internal_test,patient,sex_age,fpr,0.21173469387755106,4,max_image_outcome,max_calibrated_image_probability
vits16,age_erased,1,internal_test,patient,sex_age,fnr,0.10233918128654973,4,max_image_outcome,max_calibrated_image_probability
vits16,age_erased,1,internal_test,patient,sex_age,ppv,0.427536231884058,4,max_image_outcome,max_calibrated_image_probability
vits16,age_erased,1,external_full,patient,sex,auroc,0.019562256889614993,2,max_image_outcome,max_calibrated_image_probability
vits16,age_erased,1,external_full,patient,sex,auprc,0.059800970422910216,2,max_image_outcome,max_calibrated_image_probability
vits16,age_erased,1,external_full,patient,sex,brier,0.017041845953698925,2,max_image_outcome,max_calibrated_image_probability
vits16,age_erased,1,external_full,patient,sex,ece,0.03016718233483956,2,max_image_outcome,max_calibrated_image_probability
vits16,age_erased,1,external_full,patient,sex,sensitivity,0.004884004884004867,2,max_image_outcome,max_calibrated_image_probability
vits16,age_erased,1,external_full,patient,sex,fpr,0.04742139288862779,2,max_image_outcome,max_calibrated_image_probability
vits16,age_erased,1,external_full,patient,sex,fnr,0.004884004884004867,2,max_image_outcome,max_calibrated_image_probability
vits16,age_erased,1,external_full,patient,sex,ppv,0.021962233169129708,2,max_image_outcome,max_calibrated_image_probability
vits16,age_erased,1,external_full,patient,age_group,auroc,0.11614970419860715,3,max_image_outcome,max_calibrated_image_probability
vits16,age_erased,1,external_full,patient,age_group,auprc,0.3488260004872479,3,max_image_outcome,max_calibrated_image_probability
vits16,age_erased,1,external_full,patient,age_group,brier,0.016853515263561353,3,max_image_outcome,max_calibrated_image_probability
vits16,age_erased,1,external_full,patient,age_group,ece,0.03916782027055511,3,max_image_outcome,max_calibrated_image_probability
vits16,age_erased,1,external_full,patient,age_group,sensitivity,0.07239819004524883,3,max_image_outcome,max_calibrated_image_probability
vits16,age_erased,1,external_full,patient,age_group,fpr,0.21770659267900505,3,max_image_outcome,max_calibrated_image_probability
vits16,age_erased,1,external_full,patient,age_group,fnr,0.07239819004524883,3,max_image_outcome,max_calibrated_image_probability
vits16,age_erased,1,external_full,patient,age_group,ppv,0.24545772187281623,3,max_image_outcome,max_calibrated_image_probability
vits16,age_erased,1,external_full,patient,sex_age,auroc,0.23423423423423428,6,max_image_outcome,max_calibrated_image_probability
vits16,age_erased,1,external_full,patient,sex_age,auprc,0.5359238142735608,6,max_image_outcome,max_calibrated_image_probability
vits16,age_erased,1,external_full,patient,sex_age,brier,0.06447602005413025,6,max_image_outcome,max_calibrated_image_probability
vits16,age_erased,1,external_full,patient,sex_age,ece,0.058306222400135846,6,max_image_outcome,max_calibrated_image_probability
vits16,age_erased,1,external_full,patient,sex_age,sensitivity,0.30681818181818177,6,max_image_outcome,max_calibrated_image_probability
vits16,age_erased,1,external_full,patient,sex_age,fpr,0.278749337572867,6,max_image_outcome,max_calibrated_image_probability
vits16,age_erased,1,external_full,patient,sex_age,fnr,0.30681818181818177,6,max_image_outcome,max_calibrated_image_probability
vits16,age_erased,1,external_full,patient,sex_age,ppv,0.3931419457735247,6,max_image_outcome,max_calibrated_image_probability
vits16,joint_erased,1,internal_test,patient,sex,auroc,0.013910749329168026,2,max_image_outcome,max_calibrated_image_probability
vits16,joint_erased,1,internal_test,patient,sex,auprc,0.10792047959593043,2,max_image_outcome,max_calibrated_image_probability
vits16,joint_erased,1,internal_test,patient,sex,brier,0.017177968727302786,2,max_image_outcome,max_calibrated_image_probability
vits16,joint_erased,1,internal_test,patient,sex,ece,0.00604459648034655,2,max_image_outcome,max_calibrated_image_probability
vits16,joint_erased,1,internal_test,patient,sex,sensitivity,0.019841269841269882,2,max_image_outcome,max_calibrated_image_probability
vits16,joint_erased,1,internal_test,patient,sex,fpr,0.0032079778925868663,2,max_image_outcome,max_calibrated_image_probability
vits16,joint_erased,1,internal_test,patient,sex,fnr,0.019841269841269882,2,max_image_outcome,max_calibrated_image_probability
vits16,joint_erased,1,internal_test,patient,sex,ppv,0.16785714285714284,2,max_image_outcome,max_calibrated_image_probability
vits16,joint_erased,1,internal_test,patient,age_group,auroc,0.09108248260672391,2,max_image_outcome,max_calibrated_image_probability
vits16,joint_erased,1,internal_test,patient,age_group,auprc,0.24044924315523974,2,max_image_outcome,max_calibrated_image_probability
vits16,joint_erased,1,internal_test,patient,age_group,brier,0.015524409856187228,2,max_image_outcome,max_calibrated_image_probability
vits16,joint_erased,1,internal_test,patient,age_group,ece,0.00023527497975300501,2,max_image_outcome,max_calibrated_image_probability
vits16,joint_erased,1,internal_test,patient,age_group,sensitivity,0.05050505050505061,2,max_image_outcome,max_calibrated_image_probability
vits16,joint_erased,1,internal_test,patient,age_group,fpr,0.181972195924062,2,max_image_outcome,max_calibrated_image_probability
vits16,joint_erased,1,internal_test,patient,age_group,fnr,0.05050505050505061,2,max_image_outcome,max_calibrated_image_probability
vits16,joint_erased,1,internal_test,patient,age_group,ppv,0.20635855166323225,2,max_image_outcome,max_calibrated_image_probability
vits16,joint_erased,1,internal_test,patient,sex_age,auroc,0.12902850073902705,4,max_image_outcome,max_calibrated_image_probability
vits16,joint_erased,1,internal_test,patient,sex_age,auprc,0.32393303411433294,4,max_image_outcome,max_calibrated_image_probability
vits16,joint_erased,1,internal_test,patient,sex_age,brier,0.04155261561104035,4,max_image_outcome,max_calibrated_image_probability
vits16,joint_erased,1,internal_test,patient,sex_age,ece,0.012431094092938966,4,max_image_outcome,max_calibrated_image_probability
vits16,joint_erased,1,internal_test,patient,sex_age,sensitivity,0.10233918128654973,4,max_image_outcome,max_calibrated_image_probability
vits16,joint_erased,1,internal_test,patient,sex_age,fpr,0.21794871794871795,4,max_image_outcome,max_calibrated_image_probability
vits16,joint_erased,1,internal_test,patient,sex_age,fnr,0.10233918128654973,4,max_image_outcome,max_calibrated_image_probability
vits16,joint_erased,1,internal_test,patient,sex_age,ppv,0.44585601935874164,4,max_image_outcome,max_calibrated_image_probability
vits16,joint_erased,1,external_full,patient,sex,auroc,0.02038554916530222,2,max_image_outcome,max_calibrated_image_probability
vits16,joint_erased,1,external_full,patient,sex,auprc,0.0594346423325639,2,max_image_outcome,max_calibrated_image_probability
vits16,joint_erased,1,external_full,patient,sex,brier,0.01704452207038501,2,max_image_outcome,max_calibrated_image_probability
vits16,joint_erased,1,external_full,patient,sex,ece,0.030487668220431724,2,max_image_outcome,max_calibrated_image_probability
vits16,joint_erased,1,external_full,patient,sex,sensitivity,0.01892551892551897,2,max_image_outcome,max_calibrated_image_probability
vits16,joint_erased,1,external_full,patient,sex,fpr,0.04132383191301803,2,max_image_outcome,max_calibrated_image_probability
vits16,joint_erased,1,external_full,patient,sex,fnr,0.01892551892551897,2,max_image_outcome,max_calibrated_image_probability
vits16,joint_erased,1,external_full,patient,sex,ppv,0.021776371185505683,2,max_image_outcome,max_calibrated_image_probability
vits16,joint_erased,1,external_full,patient,age_group,auroc,0.11602884367165545,3,max_image_outcome,max_calibrated_image_probability
vits16,joint_erased,1,external_full,patient,age_group,auprc,0.34911875168744416,3,max_image_outcome,max_calibrated_image_probability
vits16,joint_erased,1,external_full,patient,age_group,brier,0.016783995426429832,3,max_image_outcome,max_calibrated_image_probability
vits16,joint_erased,1,external_full,patient,age_group,ece,0.03933702483597874,3,max_image_outcome,max_calibrated_image_probability
vits16,joint_erased,1,external_full,patient,age_group,sensitivity,0.06385118149824032,3,max_image_outcome,max_calibrated_image_probability
vits16,joint_erased,1,external_full,patient,age_group,fpr,0.21884163067124884,3,max_image_outcome,max_calibrated_image_probability
vits16,joint_erased,1,external_full,patient,age_group,fnr,0.06385118149824032,3,max_image_outcome,max_calibrated_image_probability
vits16,joint_erased,1,external_full,patient,age_group,ppv,0.24088031353632802,3,max_image_outcome,max_calibrated_image_probability
vits16,joint_erased,1,external_full,patient,sex_age,auroc,0.23775736520834567,6,max_image_outcome,max_calibrated_image_probability
vits16,joint_erased,1,external_full,patient,sex_age,auprc,0.5351790314972591,6,max_image_outcome,max_calibrated_image_probability
vits16,joint_erased,1,external_full,patient,sex_age,brier,0.0640934533646449,6,max_image_outcome,max_calibrated_image_probability
vits16,joint_erased,1,external_full,patient,sex_age,ece,0.060845392409834845,6,max_image_outcome,max_calibrated_image_probability
vits16,joint_erased,1,external_full,patient,sex_age,sensitivity,0.30681818181818177,6,max_image_outcome,max_calibrated_image_probability
vits16,joint_erased,1,external_full,patient,sex_age,fpr,0.278749337572867,6,max_image_outcome,max_calibrated_image_probability
vits16,joint_erased,1,external_full,patient,sex_age,fnr,0.30681818181818177,6,max_image_outcome,max_calibrated_image_probability
vits16,joint_erased,1,external_full,patient,sex_age,ppv,0.39104477611940297,6,max_image_outcome,max_calibrated_image_probability
vits16,baseline,2,internal_test,patient,sex,auroc,0.06002855717246236,2,max_image_outcome,max_calibrated_image_probability
vits16,baseline,2,internal_test,patient,sex,auprc,0.13837502140015223,2,max_image_outcome,max_calibrated_image_probability
vits16,baseline,2,internal_test,patient,sex,brier,0.00840836600538582,2,max_image_outcome,max_calibrated_image_probability
vits16,baseline,2,internal_test,patient,sex,ece,0.012749802780528587,2,max_image_outcome,max_calibrated_image_probability
vits16,baseline,2,internal_test,patient,sex,sensitivity,0.1060152874709206,2,max_image_outcome,max_calibrated_image_probability
vits16,baseline,2,internal_test,patient,sex,fpr,0.010847531453652914,2,max_image_outcome,max_calibrated_image_probability
vits16,baseline,2,internal_test,patient,sex,fnr,0.1060152874709206,2,max_image_outcome,max_calibrated_image_probability
vits16,baseline,2,internal_test,patient,sex,ppv,0.11815920398009952,2,max_image_outcome,max_calibrated_image_probability
vits16,baseline,2,internal_test,patient,age_group,auroc,0.06068494331652219,3,max_image_outcome,max_calibrated_image_probability
vits16,baseline,2,internal_test,patient,age_group,auprc,0.21743037935763598,3,max_image_outcome,max_calibrated_image_probability
vits16,baseline,2,internal_test,patient,age_group,brier,0.026504857664639375,3,max_image_outcome,max_calibrated_image_probability
vits16,baseline,2,internal_test,patient,age_group,ece,0.015943961604297924,3,max_image_outcome,max_calibrated_image_probability
vits16,baseline,2,internal_test,patient,age_group,sensitivity,0.09090909090909083,3,max_image_outcome,max_calibrated_image_probability
vits16,baseline,2,internal_test,patient,age_group,fpr,0.2693693693693694,3,max_image_outcome,max_calibrated_image_probability
vits16,baseline,2,internal_test,patient,age_group,fnr,0.09090909090909083,3,max_image_outcome,max_calibrated_image_probability
vits16,baseline,2,internal_test,patient,age_group,ppv,0.09915397631133671,3,max_image_outcome,max_calibrated_image_probability
vits16,baseline,2,internal_test,patient,sex_age,auroc,0.11848257006151752,4,max_image_outcome,max_calibrated_image_probability
vits16,baseline,2,internal_test,patient,sex_age,auprc,0.4053422879516509,4,max_image_outcome,max_calibrated_image_probability
vits16,baseline,2,internal_test,patient,sex_age,brier,0.03453546454903235,4,max_image_outcome,max_calibrated_image_probability
vits16,baseline,2,internal_test,patient,sex_age,ece,0.01069999406086555,4,max_image_outcome,max_calibrated_image_probability
vits16,baseline,2,internal_test,patient,sex_age,sensitivity,0.11931818181818177,4,max_image_outcome,max_calibrated_image_probability
vits16,baseline,2,internal_test,patient,sex_age,fpr,0.2327505827505827,4,max_image_outcome,max_calibrated_image_probability
vits16,baseline,2,internal_test,patient,sex_age,fnr,0.11931818181818177,4,max_image_outcome,max_calibrated_image_probability
vits16,baseline,2,internal_test,patient,sex_age,ppv,0.25986642380085,4,max_image_outcome,max_calibrated_image_probability
vits16,baseline,2,external_full,patient,sex,auroc,0.0012984238391966496,2,max_image_outcome,max_calibrated_image_probability
vits16,baseline,2,external_full,patient,sex,auprc,0.07496186143460448,2,max_image_outcome,max_calibrated_image_probability
vits16,baseline,2,external_full,patient,sex,brier,0.012549012510392699,2,max_image_outcome,max_calibrated_image_probability
vits16,baseline,2,external_full,patient,sex,ece,0.023561955767732942,2,max_image_outcome,max_calibrated_image_probability
vits16,baseline,2,external_full,patient,sex,sensitivity,0.01831501831501825,2,max_image_outcome,max_calibrated_image_probability
vits16,baseline,2,external_full,patient,sex,fpr,0.031038789303555636,2,max_image_outcome,max_calibrated_image_probability
vits16,baseline,2,external_full,patient,sex,fnr,0.01831501831501825,2,max_image_outcome,max_calibrated_image_probability
vits16,baseline,2,external_full,patient,sex,ppv,0.04432434496982662,2,max_image_outcome,max_calibrated_image_probability
vits16,baseline,2,external_full,patient,age_group,auroc,0.08436700656868346,3,max_image_outcome,max_calibrated_image_probability
vits16,baseline,2,external_full,patient,age_group,auprc,0.298562036163448,3,max_image_outcome,max_calibrated_image_probability
vits16,baseline,2,external_full,patient,age_group,brier,0.022528755344892654,3,max_image_outcome,max_calibrated_image_probability
vits16,baseline,2,external_full,patient,age_group,ece,0.04063590131996815,3,max_image_outcome,max_calibrated_image_probability
vits16,baseline,2,external_full,patient,age_group,sensitivity,0.05215419501133789,3,max_image_outcome,max_calibrated_image_probability
vits16,baseline,2,external_full,patient,age_group,fpr,0.09674622442223413,3,max_image_outcome,max_calibrated_image_probability
vits16,baseline,2,external_full,patient,age_group,fnr,0.05215419501133789,3,max_image_outcome,max_calibrated_image_probability
vits16,baseline,2,external_full,patient,age_group,ppv,0.17283485576168506,3,max_image_outcome,max_calibrated_image_probability
vits16,baseline,2,external_full,patient,sex_age,auroc,0.18371562293130916,6,max_image_outcome,max_calibrated_image_probability
vits16,baseline,2,external_full,patient,sex_age,auprc,0.4399441631374259,6,max_image_outcome,max_calibrated_image_probability
vits16,baseline,2,external_full,patient,sex_age,brier,0.07150945173418612,6,max_image_outcome,max_calibrated_image_probability
vits16,baseline,2,external_full,patient,sex_age,ece,0.07330161522394099,6,max_image_outcome,max_calibrated_image_probability
vits16,baseline,2,external_full,patient,sex_age,sensitivity,0.26262626262626265,6,max_image_outcome,max_calibrated_image_probability
vits16,baseline,2,external_full,patient,sex_age,fpr,0.14939045628700798,6,max_image_outcome,max_calibrated_image_probability
vits16,baseline,2,external_full,patient,sex_age,fnr,0.26262626262626265,6,max_image_outcome,max_calibrated_image_probability
vits16,baseline,2,external_full,patient,sex_age,ppv,0.32862734134749794,6,max_image_outcome,max_calibrated_image_probability
vits16,sex_erased,2,internal_test,patient,sex,auroc,0.05986452530298403,2,max_image_outcome,max_calibrated_image_probability
vits16,sex_erased,2,internal_test,patient,sex,auprc,0.1382991102033011,2,max_image_outcome,max_calibrated_image_probability
vits16,sex_erased,2,internal_test,patient,sex,brier,0.008489893099281384,2,max_image_outcome,max_calibrated_image_probability
vits16,sex_erased,2,internal_test,patient,sex,ece,0.010714290447107066,2,max_image_outcome,max_calibrated_image_probability
vits16,sex_erased,2,internal_test,patient,sex,sensitivity,0.1060152874709206,2,max_image_outcome,max_calibrated_image_probability
vits16,sex_erased,2,internal_test,patient,sex,fpr,0.009071719354676544,2,max_image_outcome,max_calibrated_image_probability
vits16,sex_erased,2,internal_test,patient,sex,fnr,0.1060152874709206,2,max_image_outcome,max_calibrated_image_probability
vits16,sex_erased,2,internal_test,patient,sex,ppv,0.11835291145635973,2,max_image_outcome,max_calibrated_image_probability
vits16,sex_erased,2,internal_test,patient,age_group,auroc,0.06113280744859684,3,max_image_outcome,max_calibrated_image_probability
vits16,sex_erased,2,internal_test,patient,age_group,auprc,0.21691135594972355,3,max_image_outcome,max_calibrated_image_probability
vits16,sex_erased,2,internal_test,patient,age_group,brier,0.02638171196165698,3,max_image_outcome,max_calibrated_image_probability
vits16,sex_erased,2,internal_test,patient,age_group,ece,0.01583291955661978,3,max_image_outcome,max_calibrated_image_probability
vits16,sex_erased,2,internal_test,patient,age_group,sensitivity,0.09090909090909083,3,max_image_outcome,max_calibrated_image_probability
vits16,sex_erased,2,internal_test,patient,age_group,fpr,0.2714818266542405,3,max_image_outcome,max_calibrated_image_probability
vits16,sex_erased,2,internal_test,patient,age_group,fnr,0.09090909090909083,3,max_image_outcome,max_calibrated_image_probability
vits16,sex_erased,2,internal_test,patient,age_group,ppv,0.09897879025923015,3,max_image_outcome,max_calibrated_image_probability
vits16,sex_erased,2,internal_test,patient,sex_age,auroc,0.11974476101562115,4,max_image_outcome,max_calibrated_image_probability
vits16,sex_erased,2,internal_test,patient,sex_age,auprc,0.40442153928346314,4,max_image_outcome,max_calibrated_image_probability
vits16,sex_erased,2,internal_test,patient,sex_age,brier,0.034363227173821384,4,max_image_outcome,max_calibrated_image_probability
vits16,sex_erased,2,internal_test,patient,sex_age,ece,0.010804860147338169,4,max_image_outcome,max_calibrated_image_probability
vits16,sex_erased,2,internal_test,patient,sex_age,sensitivity,0.11931818181818177,4,max_image_outcome,max_calibrated_image_probability
vits16,sex_erased,2,internal_test,patient,sex_age,fpr,0.23916083916083908,4,max_image_outcome,max_calibrated_image_probability
vits16,sex_erased,2,internal_test,patient,sex_age,fnr,0.11931818181818177,4,max_image_outcome,max_calibrated_image_probability
vits16,sex_erased,2,internal_test,patient,sex_age,ppv,0.2634074074074074,4,max_image_outcome,max_calibrated_image_probability
vits16,sex_erased,2,external_full,patient,sex,auroc,0.0019051794599104221,2,max_image_outcome,max_calibrated_image_probability
vits16,sex_erased,2,external_full,patient,sex,auprc,0.07417958085801524,2,max_image_outcome,max_calibrated_image_probability
vits16,sex_erased,2,external_full,patient,sex,brier,0.012527518191451398,2,max_image_outcome,max_calibrated_image_probability
vits16,sex_erased,2,external_full,patient,sex,ece,0.021091554367806326,2,max_image_outcome,max_calibrated_image_probability
vits16,sex_erased,2,external_full,patient,sex,sensitivity,0.015873015873015928,2,max_image_outcome,max_calibrated_image_probability
vits16,sex_erased,2,external_full,patient,sex,fpr,0.03394064061122537,2,max_image_outcome,max_calibrated_image_probability
vits16,sex_erased,2,external_full,patient,sex,fnr,0.015873015873015928,2,max_image_outcome,max_calibrated_image_probability
vits16,sex_erased,2,external_full,patient,sex,ppv,0.042328042328042326,2,max_image_outcome,max_calibrated_image_probability
vits16,sex_erased,2,external_full,patient,age_group,auroc,0.08606739981360012,3,max_image_outcome,max_calibrated_image_probability
vits16,sex_erased,2,external_full,patient,age_group,auprc,0.30013793383223974,3,max_image_outcome,max_calibrated_image_probability
vits16,sex_erased,2,external_full,patient,age_group,brier,0.022708959358727063,3,max_image_outcome,max_calibrated_image_probability
vits16,sex_erased,2,external_full,patient,age_group,ece,0.04114632135519823,3,max_image_outcome,max_calibrated_image_probability
vits16,sex_erased,2,external_full,patient,age_group,sensitivity,0.07516339869281041,3,max_image_outcome,max_calibrated_image_probability
vits16,sex_erased,2,external_full,patient,age_group,fpr,0.10724733755097926,3,max_image_outcome,max_calibrated_image_probability
vits16,sex_erased,2,external_full,patient,age_group,fnr,0.07516339869281041,3,max_image_outcome,max_calibrated_image_probability
vits16,sex_erased,2,external_full,patient,age_group,ppv,0.17103427808280164,3,max_image_outcome,max_calibrated_image_probability
vits16,sex_erased,2,external_full,patient,sex_age,auroc,0.18284608137549307,6,max_image_outcome,max_calibrated_image_probability
vits16,sex_erased,2,external_full,patient,sex_age,auprc,0.43970635381014156,6,max_image_outcome,max_calibrated_image_probability
vits16,sex_erased,2,external_full,patient,sex_age,brier,0.07160300419775742,6,max_image_outcome,max_calibrated_image_probability
vits16,sex_erased,2,external_full,patient,sex_age,ece,0.07436777305467017,6,max_image_outcome,max_calibrated_image_probability
vits16,sex_erased,2,external_full,patient,sex_age,sensitivity,0.26262626262626265,6,max_image_outcome,max_calibrated_image_probability
vits16,sex_erased,2,external_full,patient,sex_age,fpr,0.15607802159526296,6,max_image_outcome,max_calibrated_image_probability
vits16,sex_erased,2,external_full,patient,sex_age,fnr,0.26262626262626265,6,max_image_outcome,max_calibrated_image_probability
vits16,sex_erased,2,external_full,patient,sex_age,ppv,0.3182838283828383,6,max_image_outcome,max_calibrated_image_probability
vits16,age_erased,2,internal_test,patient,sex,auroc,0.05989727455318117,2,max_image_outcome,max_calibrated_image_probability
vits16,age_erased,2,internal_test,patient,sex,auprc,0.13793526284183077,2,max_image_outcome,max_calibrated_image_probability
vits16,age_erased,2,internal_test,patient,sex,brier,0.008418621894956305,2,max_image_outcome,max_calibrated_image_probability
vits16,age_erased,2,internal_test,patient,sex,ece,0.012738184875963988,2,max_image_outcome,max_calibrated_image_probability
vits16,age_erased,2,internal_test,patient,sex,sensitivity,0.1060152874709206,2,max_image_outcome,max_calibrated_image_probability
vits16,age_erased,2,internal_test,patient,sex,fpr,0.009832303027257017,2,max_image_outcome,max_calibrated_image_probability
vits16,age_erased,2,internal_test,patient,sex,fnr,0.1060152874709206,2,max_image_outcome,max_calibrated_image_probability
vits16,age_erased,2,internal_test,patient,sex,ppv,0.11875566405888774,2,max_image_outcome,max_calibrated_image_probability
vits16,age_erased,2,internal_test,patient,age_group,auroc,0.06029634898055958,3,max_image_outcome,max_calibrated_image_probability
vits16,age_erased,2,internal_test,patient,age_group,auprc,0.21731346459746226,3,max_image_outcome,max_calibrated_image_probability
vits16,age_erased,2,internal_test,patient,age_group,brier,0.026467718755238748,3,max_image_outcome,max_calibrated_image_probability
vits16,age_erased,2,internal_test,patient,age_group,ece,0.016012339547533012,3,max_image_outcome,max_calibrated_image_probability
vits16,age_erased,2,internal_test,patient,age_group,sensitivity,0.09090909090909083,3,max_image_outcome,max_calibrated_image_probability
vits16,age_erased,2,internal_test,patient,age_group,fpr,0.2716216216216216,3,max_image_outcome,max_calibrated_image_probability
vits16,age_erased,2,internal_test,patient,age_group,fnr,0.09090909090909083,3,max_image_outcome,max_calibrated_image_probability
vits16,age_erased,2,internal_test,patient,age_group,ppv,0.1,3,max_image_outcome,max_calibrated_image_probability
vits16,age_erased,2,internal_test,patient,sex_age,auroc,0.11763949785772643,4,max_image_outcome,max_calibrated_image_probability
vits16,age_erased,2,internal_test,patient,sex_age,auprc,0.40542159664663047,4,max_image_outcome,max_calibrated_image_probability
vits16,age_erased,2,internal_test,patient,sex_age,brier,0.0344865109981943,4,max_image_outcome,max_calibrated_image_probability
vits16,age_erased,2,internal_test,patient,sex_age,ece,0.010676847399817817,4,max_image_outcome,max_calibrated_image_probability
vits16,age_erased,2,internal_test,patient,sex_age,sensitivity,0.11931818181818177,4,max_image_outcome,max_calibrated_image_probability
vits16,age_erased,2,internal_test,patient,sex_age,fpr,0.2327505827505827,4,max_image_outcome,max_calibrated_image_probability
vits16,age_erased,2,internal_test,patient,sex_age,fnr,0.11931818181818177,4,max_image_outcome,max_calibrated_image_probability
vits16,age_erased,2,internal_test,patient,sex_age,ppv,0.2610659439927733,4,max_image_outcome,max_calibrated_image_probability
vits16,age_erased,2,external_full,patient,sex,auroc,0.0014451287684463798,2,max_image_outcome,max_calibrated_image_probability
vits16,age_erased,2,external_full,patient,sex,auprc,0.07522251740970531,2,max_image_outcome,max_calibrated_image_probability
vits16,age_erased,2,external_full,patient,sex,brier,0.012607918663974982,2,max_image_outcome,max_calibrated_image_probability
vits16,age_erased,2,external_full,patient,sex,ece,0.023596790679630178,2,max_image_outcome,max_calibrated_image_probability
vits16,age_erased,2,external_full,patient,sex,sensitivity,0.009768009768009733,2,max_image_outcome,max_calibrated_image_probability
vits16,age_erased,2,external_full,patient,sex,fpr,0.02650235086688213,2,max_image_outcome,max_calibrated_image_probability
vits16,age_erased,2,external_full,patient,sex,fnr,0.009768009768009733,2,max_image_outcome,max_calibrated_image_probability
vits16,age_erased,2,external_full,patient,sex,ppv,0.04422569027611045,2,max_image_outcome,max_calibrated_image_probability
vits16,age_erased,2,external_full,patient,age_group,auroc,0.08429070149357476,3,max_image_outcome,max_calibrated_image_probability
vits16,age_erased,2,external_full,patient,age_group,auprc,0.29787773911036125,3,max_image_outcome,max_calibrated_image_probability
vits16,age_erased,2,external_full,patient,age_group,brier,0.022359258400496754,3,max_image_outcome,max_calibrated_image_probability
vits16,age_erased,2,external_full,patient,age_group,ece,0.04088016379076638,3,max_image_outcome,max_calibrated_image_probability
vits16,age_erased,2,external_full,patient,age_group,sensitivity,0.060701203558346406,3,max_image_outcome,max_calibrated_image_probability
vits16,age_erased,2,external_full,patient,age_group,fpr,0.09789453963770511,3,max_image_outcome,max_calibrated_image_probability
vits16,age_erased,2,external_full,patient,age_group,fnr,0.060701203558346406,3,max_image_outcome,max_calibrated_image_probability
vits16,age_erased,2,external_full,patient,age_group,ppv,0.17135885885885888,3,max_image_outcome,max_calibrated_image_probability
vits16,age_erased,2,external_full,patient,sex_age,auroc,0.18281405291209218,6,max_image_outcome,max_calibrated_image_probability
vits16,age_erased,2,external_full,patient,sex_age,auprc,0.4398281889894864,6,max_image_outcome,max_calibrated_image_probability
vits16,age_erased,2,external_full,patient,sex_age,brier,0.07140475146816556,6,max_image_outcome,max_calibrated_image_probability
vits16,age_erased,2,external_full,patient,sex_age,ece,0.07378343634331065,6,max_image_outcome,max_calibrated_image_probability
vits16,age_erased,2,external_full,patient,sex_age,sensitivity,0.28535353535353536,6,max_image_outcome,max_calibrated_image_probability
vits16,age_erased,2,external_full,patient,sex_age,fpr,0.14939045628700798,6,max_image_outcome,max_calibrated_image_probability
vits16,age_erased,2,external_full,patient,sex_age,fnr,0.28535353535353536,6,max_image_outcome,max_calibrated_image_probability
vits16,age_erased,2,external_full,patient,sex_age,ppv,0.32862734134749794,6,max_image_outcome,max_calibrated_image_probability
vits16,joint_erased,2,internal_test,patient,sex,auroc,0.05970905530714832,2,max_image_outcome,max_calibrated_image_probability
vits16,joint_erased,2,internal_test,patient,sex,auprc,0.1375896088029429,2,max_image_outcome,max_calibrated_image_probability
vits16,joint_erased,2,internal_test,patient,sex,brier,0.008493181779040872,2,max_image_outcome,max_calibrated_image_probability
vits16,joint_erased,2,internal_test,patient,sex,ece,0.012157931732341398,2,max_image_outcome,max_calibrated_image_probability
vits16,joint_erased,2,internal_test,patient,sex,sensitivity,0.1060152874709206,2,max_image_outcome,max_calibrated_image_probability
vits16,joint_erased,2,internal_test,patient,sex,fpr,0.009071719354676544,2,max_image_outcome,max_calibrated_image_probability
vits16,joint_erased,2,internal_test,patient,sex,fnr,0.1060152874709206,2,max_image_outcome,max_calibrated_image_probability
vits16,joint_erased,2,internal_test,patient,sex,ppv,0.11835291145635973,2,max_image_outcome,max_calibrated_image_probability
vits16,joint_erased,2,internal_test,patient,age_group,auroc,0.060263373421268196,3,max_image_outcome,max_calibrated_image_probability
vits16,joint_erased,2,internal_test,patient,age_group,auprc,0.21630720722644547,3,max_image_outcome,max_calibrated_image_probability
vits16,joint_erased,2,internal_test,patient,age_group,brier,0.0263468169864326,3,max_image_outcome,max_calibrated_image_probability
vits16,joint_erased,2,internal_test,patient,age_group,ece,0.015929042606124738,3,max_image_outcome,max_calibrated_image_probability
vits16,joint_erased,2,internal_test,patient,age_group,sensitivity,0.09090909090909083,3,max_image_outcome,max_calibrated_image_probability
vits16,joint_erased,2,internal_test,patient,age_group,fpr,0.2714818266542405,3,max_image_outcome,max_calibrated_image_probability
vits16,joint_erased,2,internal_test,patient,age_group,fnr,0.09090909090909083,3,max_image_outcome,max_calibrated_image_probability
vits16,joint_erased,2,internal_test,patient,age_group,ppv,0.09897879025923015,3,max_image_outcome,max_calibrated_image_probability
vits16,joint_erased,2,internal_test,patient,sex_age,auroc,0.11890168881183005,4,max_image_outcome,max_calibrated_image_probability
vits16,joint_erased,2,internal_test,patient,sex_age,auprc,0.4041286195807289,4,max_image_outcome,max_calibrated_image_probability
vits16,joint_erased,2,internal_test,patient,sex_age,brier,0.03434639953635535,4,max_image_outcome,max_calibrated_image_probability
vits16,joint_erased,2,internal_test,patient,sex_age,ece,0.010867276567519131,4,max_image_outcome,max_calibrated_image_probability
vits16,joint_erased,2,internal_test,patient,sex_age,sensitivity,0.11931818181818177,4,max_image_outcome,max_calibrated_image_probability
vits16,joint_erased,2,internal_test,patient,sex_age,fpr,0.23916083916083908,4,max_image_outcome,max_calibrated_image_probability
vits16,joint_erased,2,internal_test,patient,sex_age,fnr,0.11931818181818177,4,max_image_outcome,max_calibrated_image_probability
vits16,joint_erased,2,internal_test,patient,sex_age,ppv,0.2634074074074074,4,max_image_outcome,max_calibrated_image_probability
vits16,joint_erased,2,external_full,patient,sex,auroc,0.002296015115586081,2,max_image_outcome,max_calibrated_image_probability
vits16,joint_erased,2,external_full,patient,sex,auprc,0.0737573979069639,2,max_image_outcome,max_calibrated_image_probability
vits16,joint_erased,2,external_full,patient,sex,brier,0.012493143831084158,2,max_image_outcome,max_calibrated_image_probability
vits16,joint_erased,2,external_full,patient,sex,ece,0.02094952578631873,2,max_image_outcome,max_calibrated_image_probability
vits16,joint_erased,2,external_full,patient,sex,sensitivity,0.0073260073260073,2,max_image_outcome,max_calibrated_image_probability
vits16,joint_erased,2,external_full,patient,sex,fpr,0.030928592418454248,2,max_image_outcome,max_calibrated_image_probability
vits16,joint_erased,2,external_full,patient,sex,fnr,0.0073260073260073,2,max_image_outcome,max_calibrated_image_probability
vits16,joint_erased,2,external_full,patient,sex,ppv,0.04140740740740739,2,max_image_outcome,max_calibrated_image_probability
vits16,joint_erased,2,external_full,patient,age_group,auroc,0.08518128063408104,3,max_image_outcome,max_calibrated_image_probability
vits16,joint_erased,2,external_full,patient,age_group,auprc,0.29855479971546006,3,max_image_outcome,max_calibrated_image_probability
vits16,joint_erased,2,external_full,patient,age_group,brier,0.022709460607878637,3,max_image_outcome,max_calibrated_image_probability
vits16,joint_erased,2,external_full,patient,age_group,ece,0.041446360043124464,3,max_image_outcome,max_calibrated_image_probability
vits16,joint_erased,2,external_full,patient,age_group,sensitivity,0.06575963718820865,3,max_image_outcome,max_calibrated_image_probability
vits16,joint_erased,2,external_full,patient,age_group,fpr,0.10103615742675565,3,max_image_outcome,max_calibrated_image_probability
vits16,joint_erased,2,external_full,patient,age_group,fnr,0.06575963718820865,3,max_image_outcome,max_calibrated_image_probability
vits16,joint_erased,2,external_full,patient,age_group,ppv,0.17542058050681086,3,max_image_outcome,max_calibrated_image_probability
vits16,joint_erased,2,external_full,patient,sex_age,auroc,0.18371450773411557,6,max_image_outcome,max_calibrated_image_probability
vits16,joint_erased,2,external_full,patient,sex_age,auprc,0.43980715707036966,6,max_image_outcome,max_calibrated_image_probability
vits16,joint_erased,2,external_full,patient,sex_age,brier,0.07156258032036364,6,max_image_outcome,max_calibrated_image_probability
vits16,joint_erased,2,external_full,patient,sex_age,ece,0.07497744816566979,6,max_image_outcome,max_calibrated_image_probability
vits16,joint_erased,2,external_full,patient,sex_age,sensitivity,0.26262626262626265,6,max_image_outcome,max_calibrated_image_probability
vits16,joint_erased,2,external_full,patient,sex_age,fpr,0.15607802159526296,6,max_image_outcome,max_calibrated_image_probability
vits16,joint_erased,2,external_full,patient,sex_age,fnr,0.26262626262626265,6,max_image_outcome,max_calibrated_image_probability
vits16,joint_erased,2,external_full,patient,sex_age,ppv,0.3182838283828383,6,max_image_outcome,max_calibrated_image_probability
vits16,baseline,3,internal_test,patient,sex,auroc,0.06133863037814902,2,max_image_outcome,max_calibrated_image_probability
vits16,baseline,3,internal_test,patient,sex,auprc,0.0914735249797437,2,max_image_outcome,max_calibrated_image_probability
vits16,baseline,3,internal_test,patient,sex,brier,0.008160188238327353,2,max_image_outcome,max_calibrated_image_probability
vits16,baseline,3,internal_test,patient,sex,ece,0.0014162818924232413,2,max_image_outcome,max_calibrated_image_probability
vits16,baseline,3,internal_test,patient,sex,sensitivity,0.07407407407407407,2,max_image_outcome,max_calibrated_image_probability
vits16,baseline,3,internal_test,patient,sex,fpr,0.034070994210190664,2,max_image_outcome,max_calibrated_image_probability
vits16,baseline,3,internal_test,patient,sex,fnr,0.07407407407407407,2,max_image_outcome,max_calibrated_image_probability
vits16,baseline,3,internal_test,patient,sex,ppv,0.062346719803801354,2,max_image_outcome,max_calibrated_image_probability
vits16,baseline,3,internal_test,patient,age_group,auroc,0.06722230854124633,3,max_image_outcome,max_calibrated_image_probability
vits16,baseline,3,internal_test,patient,age_group,auprc,0.3427911634717833,3,max_image_outcome,max_calibrated_image_probability
vits16,baseline,3,internal_test,patient,age_group,brier,0.02773229441132255,3,max_image_outcome,max_calibrated_image_probability
vits16,baseline,3,internal_test,patient,age_group,ece,0.019985728795045968,3,max_image_outcome,max_calibrated_image_probability
vits16,baseline,3,internal_test,patient,age_group,sensitivity,0.032196969696969724,3,max_image_outcome,max_calibrated_image_probability
vits16,baseline,3,internal_test,patient,age_group,fpr,0.33145440905127843,3,max_image_outcome,max_calibrated_image_probability
vits16,baseline,3,internal_test,patient,age_group,fnr,0.032196969696969724,3,max_image_outcome,max_calibrated_image_probability
vits16,baseline,3,internal_test,patient,age_group,ppv,0.06071852411263352,3,max_image_outcome,max_calibrated_image_probability
vits16,baseline,3,internal_test,patient,sex_age,auroc,0.1114221724524076,4,max_image_outcome,max_calibrated_image_probability
vits16,baseline,3,internal_test,patient,sex_age,auprc,0.40464198756743197,4,max_image_outcome,max_calibrated_image_probability
vits16,baseline,3,internal_test,patient,sex_age,brier,0.04114472921464092,4,max_image_outcome,max_calibrated_image_probability
vits16,baseline,3,internal_test,patient,sex_age,ece,0.03698182702131869,4,max_image_outcome,max_calibrated_image_probability
vits16,baseline,3,internal_test,patient,sex_age,sensitivity,0.08333333333333337,4,max_image_outcome,max_calibrated_image_probability
vits16,baseline,3,internal_test,patient,sex_age,fpr,0.22419610273359492,4,max_image_outcome,max_calibrated_image_probability
vits16,baseline,3,internal_test,patient,sex_age,fnr,0.08333333333333337,4,max_image_outcome,max_calibrated_image_probability
vits16,baseline,3,internal_test,patient,sex_age,ppv,0.13152804642166344,4,max_image_outcome,max_calibrated_image_probability
vits16,baseline,3,external_full,patient,sex,auroc,0.011448994405209634,2,max_image_outcome,max_calibrated_image_probability
vits16,baseline,3,external_full,patient,sex,auprc,0.06127152858049767,2,max_image_outcome,max_calibrated_image_probability
vits16,baseline,3,external_full,patient,sex,brier,0.014638037094243994,2,max_image_outcome,max_calibrated_image_probability
vits16,baseline,3,external_full,patient,sex,ece,0.026345633674121738,2,max_image_outcome,max_calibrated_image_probability
vits16,baseline,3,external_full,patient,sex,sensitivity,0.015873015873015928,2,max_image_outcome,max_calibrated_image_probability
vits16,baseline,3,external_full,patient,sex,fpr,0.042187040846312085,2,max_image_outcome,max_calibrated_image_probability
vits16,baseline,3,external_full,patient,sex,fnr,0.015873015873015928,2,max_image_outcome,max_calibrated_image_probability
vits16,baseline,3,external_full,patient,sex,ppv,0.04044623681828646,2,max_image_outcome,max_calibrated_image_probability
vits16,baseline,3,external_full,patient,age_group,auroc,0.08340798248233317,3,max_image_outcome,max_calibrated_image_probability
vits16,baseline,3,external_full,patient,age_group,auprc,0.29902110056438763,3,max_image_outcome,max_calibrated_image_probability
vits16,baseline,3,external_full,patient,age_group,brier,0.01563035002762994,3,max_image_outcome,max_calibrated_image_probability
vits16,baseline,3,external_full,patient,age_group,ece,0.03687797586323857,3,max_image_outcome,max_calibrated_image_probability
vits16,baseline,3,external_full,patient,age_group,sensitivity,0.08647561588738062,3,max_image_outcome,max_calibrated_image_probability
vits16,baseline,3,external_full,patient,age_group,fpr,0.17696819472265857,3,max_image_outcome,max_calibrated_image_probability
vits16,baseline,3,external_full,patient,age_group,fnr,0.08647561588738062,3,max_image_outcome,max_calibrated_image_probability
vits16,baseline,3,external_full,patient,age_group,ppv,0.14059208889626004,3,max_image_outcome,max_calibrated_image_probability
vits16,baseline,3,external_full,patient,sex_age,auroc,0.1903692016437114,6,max_image_outcome,max_calibrated_image_probability
vits16,baseline,3,external_full,patient,sex_age,auprc,0.4591755544788763,6,max_image_outcome,max_calibrated_image_probability
vits16,baseline,3,external_full,patient,sex_age,brier,0.06596621616869058,6,max_image_outcome,max_calibrated_image_probability
vits16,baseline,3,external_full,patient,sex_age,ece,0.05594290807205224,6,max_image_outcome,max_calibrated_image_probability
vits16,baseline,3,external_full,patient,sex_age,sensitivity,0.14478114478114468,6,max_image_outcome,max_calibrated_image_probability
vits16,baseline,3,external_full,patient,sex_age,fpr,0.21859979101358418,6,max_image_outcome,max_calibrated_image_probability
vits16,baseline,3,external_full,patient,sex_age,fnr,0.14478114478114468,6,max_image_outcome,max_calibrated_image_probability
vits16,baseline,3,external_full,patient,sex_age,ppv,0.2514851485148515,6,max_image_outcome,max_calibrated_image_probability
vits16,sex_erased,3,internal_test,patient,sex,auroc,0.062047016690691126,2,max_image_outcome,max_calibrated_image_probability
vits16,sex_erased,3,internal_test,patient,sex,auprc,0.09181334852946299,2,max_image_outcome,max_calibrated_image_probability
vits16,sex_erased,3,internal_test,patient,sex,brier,0.0083311894693451,2,max_image_outcome,max_calibrated_image_probability
vits16,sex_erased,3,internal_test,patient,sex,ece,0.0017482989814125594,2,max_image_outcome,max_calibrated_image_probability
vits16,sex_erased,3,internal_test,patient,sex,sensitivity,0.07407407407407407,2,max_image_outcome,max_calibrated_image_probability
vits16,sex_erased,3,internal_test,patient,sex,fpr,0.032032258226500576,2,max_image_outcome,max_calibrated_image_probability
vits16,sex_erased,3,internal_test,patient,sex,fnr,0.07407407407407407,2,max_image_outcome,max_calibrated_image_probability
vits16,sex_erased,3,internal_test,patient,sex,ppv,0.06280525030525032,2,max_image_outcome,max_calibrated_image_probability
vits16,sex_erased,3,internal_test,patient,age_group,auroc,0.06770295813190452,3,max_image_outcome,max_calibrated_image_probability
vits16,sex_erased,3,internal_test,patient,age_group,auprc,0.3426004842851973,3,max_image_outcome,max_calibrated_image_probability
vits16,sex_erased,3,internal_test,patient,age_group,brier,0.02765315239515294,3,max_image_outcome,max_calibrated_image_probability
vits16,sex_erased,3,internal_test,patient,age_group,ece,0.019947383980996714,3,max_image_outcome,max_calibrated_image_probability
vits16,sex_erased,3,internal_test,patient,age_group,sensitivity,0.032196969696969724,3,max_image_outcome,max_calibrated_image_probability
vits16,sex_erased,3,internal_test,patient,age_group,fpr,0.3284332610150247,3,max_image_outcome,max_calibrated_image_probability
vits16,sex_erased,3,internal_test,patient,age_group,fnr,0.032196969696969724,3,max_image_outcome,max_calibrated_image_probability
vits16,sex_erased,3,internal_test,patient,age_group,ppv,0.0596432552954292,3,max_image_outcome,max_calibrated_image_probability
vits16,sex_erased,3,internal_test,patient,sex_age,auroc,0.11104889884285185,4,max_image_outcome,max_calibrated_image_probability
vits16,sex_erased,3,internal_test,patient,sex_age,auprc,0.40596473889018325,4,max_image_outcome,max_calibrated_image_probability
vits16,sex_erased,3,internal_test,patient,sex_age,brier,0.04102199115231682,4,max_image_outcome,max_calibrated_image_probability
vits16,sex_erased,3,internal_test,patient,sex_age,ece,0.037107193615364374,4,max_image_outcome,max_calibrated_image_probability
vits16,sex_erased,3,internal_test,patient,sex_age,sensitivity,0.08333333333333337,4,max_image_outcome,max_calibrated_image_probability
vits16,sex_erased,3,internal_test,patient,sex_age,fpr,0.21934173380155608,4,max_image_outcome,max_calibrated_image_probability
vits16,sex_erased,3,internal_test,patient,sex_age,fnr,0.08333333333333337,4,max_image_outcome,max_calibrated_image_probability
vits16,sex_erased,3,internal_test,patient,sex_age,ppv,0.13152804642166344,4,max_image_outcome,max_calibrated_image_probability
vits16,sex_erased,3,external_full,patient,sex,auroc,0.011870608494910506,2,max_image_outcome,max_calibrated_image_probability
vits16,sex_erased,3,external_full,patient,sex,auprc,0.06071493779432646,2,max_image_outcome,max_calibrated_image_probability
vits16,sex_erased,3,external_full,patient,sex,brier,0.01492895077220699,2,max_image_outcome,max_calibrated_image_probability
vits16,sex_erased,3,external_full,patient,sex,ece,0.027135983678964692,2,max_image_outcome,max_calibrated_image_probability
vits16,sex_erased,3,external_full,patient,sex,sensitivity,0.004884004884004867,2,max_image_outcome,max_calibrated_image_probability
vits16,sex_erased,3,external_full,patient,sex,fpr,0.0406626506024097,2,max_image_outcome,max_calibrated_image_probability
vits16,sex_erased,3,external_full,patient,sex,fnr,0.004884004884004867,2,max_image_outcome,max_calibrated_image_probability
vits16,sex_erased,3,external_full,patient,sex,ppv,0.03844473569244211,2,max_image_outcome,max_calibrated_image_probability
vits16,sex_erased,3,external_full,patient,age_group,auroc,0.08281259976954813,3,max_image_outcome,max_calibrated_image_probability
vits16,sex_erased,3,external_full,patient,age_group,auprc,0.298413684834382,3,max_image_outcome,max_calibrated_image_probability
vits16,sex_erased,3,external_full,patient,age_group,brier,0.015889219333301702,3,max_image_outcome,max_calibrated_image_probability
vits16,sex_erased,3,external_full,patient,age_group,ece,0.03698013777223157,3,max_image_outcome,max_calibrated_image_probability
vits16,sex_erased,3,external_full,patient,age_group,sensitivity,0.07792860734037199,3,max_image_outcome,max_calibrated_image_probability
vits16,sex_erased,3,external_full,patient,age_group,fpr,0.17928838033750782,3,max_image_outcome,max_calibrated_image_probability
vits16,sex_erased,3,external_full,patient,age_group,fnr,0.07792860734037199,3,max_image_outcome,max_calibrated_image_probability
vits16,sex_erased,3,external_full,patient,age_group,ppv,0.14048716260697827,3,max_image_outcome,max_calibrated_image_probability
vits16,sex_erased,3,external_full,patient,sex_age,auroc,0.1913702026447125,6,max_image_outcome,max_calibrated_image_probability
vits16,sex_erased,3,external_full,patient,sex_age,auprc,0.45720106323896426,6,max_image_outcome,max_calibrated_image_probability
vits16,sex_erased,3,external_full,patient,sex_age,brier,0.06625183677389557,6,max_image_outcome,max_calibrated_image_probability
vits16,sex_erased,3,external_full,patient,sex_age,ece,0.055328509472434104,6,max_image_outcome,max_calibrated_image_probability
vits16,sex_erased,3,external_full,patient,sex_age,sensitivity,0.14478114478114468,6,max_image_outcome,max_calibrated_image_probability
vits16,sex_erased,3,external_full,patient,sex_age,fpr,0.22243120863810517,6,max_image_outcome,max_calibrated_image_probability
vits16,sex_erased,3,external_full,patient,sex_age,fnr,0.14478114478114468,6,max_image_outcome,max_calibrated_image_probability
vits16,sex_erased,3,external_full,patient,sex_age,ppv,0.2514851485148515,6,max_image_outcome,max_calibrated_image_probability
vits16,age_erased,3,internal_test,patient,sex,auroc,0.06136645428193921,2,max_image_outcome,max_calibrated_image_probability
vits16,age_erased,3,internal_test,patient,sex,auprc,0.09127198993726349,2,max_image_outcome,max_calibrated_image_probability
vits16,age_erased,3,internal_test,patient,sex,brier,0.00815107614903689,2,max_image_outcome,max_calibrated_image_probability
vits16,age_erased,3,internal_test,patient,sex,ece,0.0014430704180311855,2,max_image_outcome,max_calibrated_image_probability
vits16,age_erased,3,internal_test,patient,sex,sensitivity,0.07407407407407407,2,max_image_outcome,max_calibrated_image_probability
vits16,age_erased,3,internal_test,patient,sex,fpr,0.03509036220203576,2,max_image_outcome,max_calibrated_image_probability
vits16,age_erased,3,internal_test,patient,sex,fnr,0.07407407407407407,2,max_image_outcome,max_calibrated_image_probability
vits16,age_erased,3,internal_test,patient,sex,ppv,0.06211597542242704,2,max_image_outcome,max_calibrated_image_probability
vits16,age_erased,3,internal_test,patient,age_group,auroc,0.06737845474349702,3,max_image_outcome,max_calibrated_image_probability
vits16,age_erased,3,internal_test,patient,age_group,auprc,0.3427855146366773,3,max_image_outcome,max_calibrated_image_probability
vits16,age_erased,3,internal_test,patient,age_group,brier,0.027714456419901567,3,max_image_outcome,max_calibrated_image_probability
vits16,age_erased,3,internal_test,patient,age_group,ece,0.017592958149628083,3,max_image_outcome,max_calibrated_image_probability
vits16,age_erased,3,internal_test,patient,age_group,sensitivity,0.032196969696969724,3,max_image_outcome,max_calibrated_image_probability
vits16,age_erased,3,internal_test,patient,age_group,fpr,0.329217272585954,3,max_image_outcome,max_calibrated_image_probability
vits16,age_erased,3,internal_test,patient,age_group,fnr,0.032196969696969724,3,max_image_outcome,max_calibrated_image_probability
vits16,age_erased,3,internal_test,patient,age_group,ppv,0.06035938514830051,3,max_image_outcome,max_calibrated_image_probability
vits16,age_erased,3,internal_test,patient,sex_age,auroc,0.11179544606196345,4,max_image_outcome,max_calibrated_image_probability
vits16,age_erased,3,internal_test,patient,sex_age,auprc,0.40464198756743197,4,max_image_outcome,max_calibrated_image_probability
vits16,age_erased,3,internal_test,patient,sex_age,brier,0.04111391015912111,4,max_image_outcome,max_calibrated_image_probability
vits16,age_erased,3,internal_test,patient,sex_age,ece,0.03694943776793816,4,max_image_outcome,max_calibrated_image_probability
vits16,age_erased,3,internal_test,patient,sex_age,sensitivity,0.08333333333333337,4,max_image_outcome,max_calibrated_image_probability
vits16,age_erased,3,internal_test,patient,sex_age,fpr,0.2206500034428147,4,max_image_outcome,max_calibrated_image_probability
vits16,age_erased,3,internal_test,patient,sex_age,fnr,0.08333333333333337,4,max_image_outcome,max_calibrated_image_probability
vits16,age_erased,3,internal_test,patient,sex_age,ppv,0.13101604278074866,4,max_image_outcome,max_calibrated_image_probability
vits16,age_erased,3,external_full,patient,sex,auroc,0.01139442295223958,2,max_image_outcome,max_calibrated_image_probability
vits16,age_erased,3,external_full,patient,sex,auprc,0.06110438622416825,2,max_image_outcome,max_calibrated_image_probability
vits16,age_erased,3,external_full,patient,sex,brier,0.014736077863232305,2,max_image_outcome,max_calibrated_image_probability
vits16,age_erased,3,external_full,patient,sex,ece,0.026630655761644056,2,max_image_outcome,max_calibrated_image_probability
vits16,age_erased,3,external_full,patient,sex,sensitivity,0.010378510378510342,2,max_image_outcome,max_calibrated_image_probability
vits16,age_erased,3,external_full,patient,sex,fpr,0.04523582133411708,2,max_image_outcome,max_calibrated_image_probability
vits16,age_erased,3,external_full,patient,sex,fnr,0.010378510378510342,2,max_image_outcome,max_calibrated_image_probability
vits16,age_erased,3,external_full,patient,sex,ppv,0.038194109126026055,2,max_image_outcome,max_calibrated_image_probability
vits16,age_erased,3,external_full,patient,age_group,auroc,0.08305988473517867,3,max_image_outcome,max_calibrated_image_probability
vits16,age_erased,3,external_full,patient,age_group,auprc,0.2982460829754301,3,max_image_outcome,max_calibrated_image_probability
vits16,age_erased,3,external_full,patient,age_group,brier,0.015729195482790614,3,max_image_outcome,max_calibrated_image_probability
vits16,age_erased,3,external_full,patient,age_group,ece,0.03713201800505725,3,max_image_outcome,max_calibrated_image_probability
vits16,age_erased,3,external_full,patient,age_group,sensitivity,0.08647561588738062,3,max_image_outcome,max_calibrated_image_probability
vits16,age_erased,3,external_full,patient,age_group,fpr,0.17075701459843495,3,max_image_outcome,max_calibrated_image_probability
vits16,age_erased,3,external_full,patient,age_group,fnr,0.08647561588738062,3,max_image_outcome,max_calibrated_image_probability
vits16,age_erased,3,external_full,patient,age_group,ppv,0.14182218809468167,3,max_image_outcome,max_calibrated_image_probability
vits16,age_erased,3,external_full,patient,sex_age,auroc,0.1903177687491412,6,max_image_outcome,max_calibrated_image_probability
vits16,age_erased,3,external_full,patient,sex_age,auprc,0.45778003732103506,6,max_image_outcome,max_calibrated_image_probability
vits16,age_erased,3,external_full,patient,sex_age,brier,0.0659210700811733,6,max_image_outcome,max_calibrated_image_probability
vits16,age_erased,3,external_full,patient,sex_age,ece,0.05467104911194075,6,max_image_outcome,max_calibrated_image_probability
vits16,age_erased,3,external_full,patient,sex_age,sensitivity,0.14478114478114468,6,max_image_outcome,max_calibrated_image_probability
vits16,age_erased,3,external_full,patient,sex_age,fpr,0.20950888192267503,6,max_image_outcome,max_calibrated_image_probability
vits16,age_erased,3,external_full,patient,sex_age,fnr,0.14478114478114468,6,max_image_outcome,max_calibrated_image_probability
vits16,age_erased,3,external_full,patient,sex_age,ppv,0.25,6,max_image_outcome,max_calibrated_image_probability
vits16,joint_erased,3,internal_test,patient,sex,auroc,0.0623231952424913,2,max_image_outcome,max_calibrated_image_probability
vits16,joint_erased,3,internal_test,patient,sex,auprc,0.09323027236669079,2,max_image_outcome,max_calibrated_image_probability
vits16,joint_erased,3,internal_test,patient,sex,brier,0.008290088851202627,2,max_image_outcome,max_calibrated_image_probability
vits16,joint_erased,3,internal_test,patient,sex,ece,0.0017876385219192815,2,max_image_outcome,max_calibrated_image_probability
vits16,joint_erased,3,internal_test,patient,sex,sensitivity,0.07407407407407407,2,max_image_outcome,max_calibrated_image_probability
vits16,joint_erased,3,internal_test,patient,sex,fpr,0.03242895808539592,2,max_image_outcome,max_calibrated_image_probability
vits16,joint_erased,3,internal_test,patient,sex,fnr,0.07407407407407407,2,max_image_outcome,max_calibrated_image_probability
vits16,joint_erased,3,internal_test,patient,sex,ppv,0.0628531163922875,2,max_image_outcome,max_calibrated_image_probability
vits16,joint_erased,3,internal_test,patient,age_group,auroc,0.06765572829185307,3,max_image_outcome,max_calibrated_image_probability
vits16,joint_erased,3,internal_test,patient,age_group,auprc,0.3428769964506255,3,max_image_outcome,max_calibrated_image_probability
vits16,joint_erased,3,internal_test,patient,age_group,brier,0.027660037619208773,3,max_image_outcome,max_calibrated_image_probability
vits16,joint_erased,3,internal_test,patient,age_group,ece,0.01999113967917633,3,max_image_outcome,max_calibrated_image_probability
vits16,joint_erased,3,internal_test,patient,age_group,sensitivity,0.032196969696969724,3,max_image_outcome,max_calibrated_image_probability
vits16,joint_erased,3,internal_test,patient,age_group,fpr,0.329217272585954,3,max_image_outcome,max_calibrated_image_probability
vits16,joint_erased,3,internal_test,patient,age_group,fnr,0.032196969696969724,3,max_image_outcome,max_calibrated_image_probability
vits16,joint_erased,3,internal_test,patient,age_group,ppv,0.05928411633109619,3,max_image_outcome,max_calibrated_image_probability
vits16,joint_erased,3,internal_test,patient,sex_age,auroc,0.11123553564762978,4,max_image_outcome,max_calibrated_image_probability
vits16,joint_erased,3,internal_test,patient,sex_age,auprc,0.4049063979323183,4,max_image_outcome,max_calibrated_image_probability
vits16,joint_erased,3,internal_test,patient,sex_age,brier,0.04099462213884247,4,max_image_outcome,max_calibrated_image_probability
vits16,joint_erased,3,internal_test,patient,sex_age,ece,0.03705864244775191,4,max_image_outcome,max_calibrated_image_probability
vits16,joint_erased,3,internal_test,patient,sex_age,sensitivity,0.08333333333333337,4,max_image_outcome,max_calibrated_image_probability
vits16,joint_erased,3,internal_test,patient,sex_age,fpr,0.21579563451077588,4,max_image_outcome,max_calibrated_image_probability
vits16,joint_erased,3,internal_test,patient,sex_age,fnr,0.08333333333333337,4,max_image_outcome,max_calibrated_image_probability
vits16,joint_erased,3,internal_test,patient,sex_age,ppv,0.13101604278074866,4,max_image_outcome,max_calibrated_image_probability
vits16,joint_erased,3,external_full,patient,sex,auroc,0.012144183362593486,2,max_image_outcome,max_calibrated_image_probability
vits16,joint_erased,3,external_full,patient,sex,auprc,0.059515669109173386,2,max_image_outcome,max_calibrated_image_probability
vits16,joint_erased,3,external_full,patient,sex,brier,0.014947130162707545,2,max_image_outcome,max_calibrated_image_probability
vits16,joint_erased,3,external_full,patient,sex,ece,0.026967458722874815,2,max_image_outcome,max_calibrated_image_probability
vits16,joint_erased,3,external_full,patient,sex,sensitivity,0.004884004884004867,2,max_image_outcome,max_calibrated_image_probability
vits16,joint_erased,3,external_full,patient,sex,fpr,0.042150308551278326,2,max_image_outcome,max_calibrated_image_probability
vits16,joint_erased,3,external_full,patient,sex,fnr,0.004884004884004867,2,max_image_outcome,max_calibrated_image_probability
vits16,joint_erased,3,external_full,patient,sex,ppv,0.03795334040296927,2,max_image_outcome,max_calibrated_image_probability
vits16,joint_erased,3,external_full,patient,age_group,auroc,0.08178111235666197,3,max_image_outcome,max_calibrated_image_probability
vits16,joint_erased,3,external_full,patient,age_group,auprc,0.29768883987401956,3,max_image_outcome,max_calibrated_image_probability
vits16,joint_erased,3,external_full,patient,age_group,brier,0.01583012785664792,3,max_image_outcome,max_calibrated_image_probability
vits16,joint_erased,3,external_full,patient,age_group,ece,0.03748397096356422,3,max_image_outcome,max_calibrated_image_probability
vits16,joint_erased,3,external_full,patient,age_group,sensitivity,0.07792860734037199,3,max_image_outcome,max_calibrated_image_probability
vits16,joint_erased,3,external_full,patient,age_group,fpr,0.18317937484688218,3,max_image_outcome,max_calibrated_image_probability
vits16,joint_erased,3,external_full,patient,age_group,fnr,0.07792860734037199,3,max_image_outcome,max_calibrated_image_probability
vits16,joint_erased,3,external_full,patient,age_group,ppv,0.14181057038199896,3,max_image_outcome,max_calibrated_image_probability
vits16,joint_erased,3,external_full,patient,sex_age,auroc,0.1904354889649008,6,max_image_outcome,max_calibrated_image_probability
vits16,joint_erased,3,external_full,patient,sex_age,auprc,0.4563105183848724,6,max_image_outcome,max_calibrated_image_probability
vits16,joint_erased,3,external_full,patient,sex_age,brier,0.06631724477825546,6,max_image_outcome,max_calibrated_image_probability
vits16,joint_erased,3,external_full,patient,sex_age,ece,0.055826824508916836,6,max_image_outcome,max_calibrated_image_probability
vits16,joint_erased,3,external_full,patient,sex_age,sensitivity,0.14478114478114468,6,max_image_outcome,max_calibrated_image_probability
vits16,joint_erased,3,external_full,patient,sex_age,fpr,0.21859979101358418,6,max_image_outcome,max_calibrated_image_probability
vits16,joint_erased,3,external_full,patient,sex_age,fnr,0.14478114478114468,6,max_image_outcome,max_calibrated_image_probability
vits16,joint_erased,3,external_full,patient,sex_age,ppv,0.2514851485148515,6,max_image_outcome,max_calibrated_image_probability
vits16,baseline,4,internal_test,patient,sex,auroc,0.04213161453461889,2,max_image_outcome,max_calibrated_image_probability
vits16,baseline,4,internal_test,patient,sex,auprc,0.12639166510292954,2,max_image_outcome,max_calibrated_image_probability
vits16,baseline,4,internal_test,patient,sex,brier,0.01265769171148667,2,max_image_outcome,max_calibrated_image_probability
vits16,baseline,4,internal_test,patient,sex,ece,0.004401685492309244,2,max_image_outcome,max_calibrated_image_probability
vits16,baseline,4,internal_test,patient,sex,sensitivity,0.09331103678929775,2,max_image_outcome,max_calibrated_image_probability
vits16,baseline,4,internal_test,patient,sex,fpr,0.026328170514011706,2,max_image_outcome,max_calibrated_image_probability
vits16,baseline,4,internal_test,patient,sex,fnr,0.09331103678929775,2,max_image_outcome,max_calibrated_image_probability
vits16,baseline,4,internal_test,patient,sex,ppv,0.124483306836248,2,max_image_outcome,max_calibrated_image_probability
vits16,baseline,4,internal_test,patient,age_group,auroc,0.09097348112212944,3,max_image_outcome,max_calibrated_image_probability
vits16,baseline,4,internal_test,patient,age_group,auprc,0.3278575126498736,3,max_image_outcome,max_calibrated_image_probability
vits16,baseline,4,internal_test,patient,age_group,brier,0.028116501266561032,3,max_image_outcome,max_calibrated_image_probability
vits16,baseline,4,internal_test,patient,age_group,ece,0.0055123765546062665,3,max_image_outcome,max_calibrated_image_probability
vits16,baseline,4,internal_test,patient,age_group,sensitivity,0.08571428571428574,3,max_image_outcome,max_calibrated_image_probability
vits16,baseline,4,internal_test,patient,age_group,fpr,0.24113618049959706,3,max_image_outcome,max_calibrated_image_probability
vits16,baseline,4,internal_test,patient,age_group,fnr,0.08571428571428574,3,max_image_outcome,max_calibrated_image_probability
vits16,baseline,4,internal_test,patient,age_group,ppv,0.0880407124681934,3,max_image_outcome,max_calibrated_image_probability
vits16,baseline,4,internal_test,patient,sex_age,auroc,0.1361463373228079,4,max_image_outcome,max_calibrated_image_probability
vits16,baseline,4,internal_test,patient,sex_age,auprc,0.3869082193164235,4,max_image_outcome,max_calibrated_image_probability
vits16,baseline,4,internal_test,patient,sex_age,brier,0.02539844152070311,4,max_image_outcome,max_calibrated_image_probability
vits16,baseline,4,internal_test,patient,sex_age,ece,0.006255089185380189,4,max_image_outcome,max_calibrated_image_probability
vits16,baseline,4,internal_test,patient,sex_age,sensitivity,0.16666666666666663,4,max_image_outcome,max_calibrated_image_probability
vits16,baseline,4,internal_test,patient,sex_age,fpr,0.2332348260968401,4,max_image_outcome,max_calibrated_image_probability
vits16,baseline,4,internal_test,patient,sex_age,fnr,0.16666666666666663,4,max_image_outcome,max_calibrated_image_probability
vits16,baseline,4,internal_test,patient,sex_age,ppv,0.23844460748349233,4,max_image_outcome,max_calibrated_image_probability
vits16,baseline,4,external_full,patient,sex,auroc,0.0070633534764449335,2,max_image_outcome,max_calibrated_image_probability
vits16,baseline,4,external_full,patient,sex,auprc,0.08919156561051877,2,max_image_outcome,max_calibrated_image_probability
vits16,baseline,4,external_full,patient,sex,brier,0.01339900529938623,2,max_image_outcome,max_calibrated_image_probability
vits16,baseline,4,external_full,patient,sex,ece,0.031389143311039716,2,max_image_outcome,max_calibrated_image_probability
vits16,baseline,4,external_full,patient,sex,sensitivity,0.011599511599511558,2,max_image_outcome,max_calibrated_image_probability
vits16,baseline,4,external_full,patient,sex,fpr,0.001212165736115156,2,max_image_outcome,max_calibrated_image_probability
vits16,baseline,4,external_full,patient,sex,fnr,0.011599511599511558,2,max_image_outcome,max_calibrated_image_probability
vits16,baseline,4,external_full,patient,sex,ppv,0.059012958367797075,2,max_image_outcome,max_calibrated_image_probability
vits16,baseline,4,external_full,patient,age_group,auroc,0.09714073225847397,3,max_image_outcome,max_calibrated_image_probability
vits16,baseline,4,external_full,patient,age_group,auprc,0.2931790151839959,3,max_image_outcome,max_calibrated_image_probability
vits16,baseline,4,external_full,patient,age_group,brier,0.015283593901557063,3,max_image_outcome,max_calibrated_image_probability
vits16,baseline,4,external_full,patient,age_group,ece,0.03219434856284953,3,max_image_outcome,max_calibrated_image_probability
vits16,baseline,4,external_full,patient,age_group,sensitivity,0.10558069381598789,3,max_image_outcome,max_calibrated_image_probability
vits16,baseline,4,external_full,patient,age_group,fpr,0.21097836895274602,3,max_image_outcome,max_calibrated_image_probability
vits16,baseline,4,external_full,patient,age_group,fnr,0.10558069381598789,3,max_image_outcome,max_calibrated_image_probability
vits16,baseline,4,external_full,patient,age_group,ppv,0.20111766150822893,3,max_image_outcome,max_calibrated_image_probability
vits16,baseline,4,external_full,patient,sex_age,auroc,0.19834540422775704,6,max_image_outcome,max_calibrated_image_probability
vits16,baseline,4,external_full,patient,sex_age,auprc,0.48190629131434615,6,max_image_outcome,max_calibrated_image_probability
vits16,baseline,4,external_full,patient,sex_age,brier,0.06839036675405853,6,max_image_outcome,max_calibrated_image_probability
vits16,baseline,4,external_full,patient,sex_age,ece,0.09480973035287228,6,max_image_outcome,max_calibrated_image_probability
vits16,baseline,4,external_full,patient,sex_age,sensitivity,0.3308080808080808,6,max_image_outcome,max_calibrated_image_probability
vits16,baseline,4,external_full,patient,sex_age,fpr,0.23413444792755145,6,max_image_outcome,max_calibrated_image_probability
vits16,baseline,4,external_full,patient,sex_age,fnr,0.3308080808080808,6,max_image_outcome,max_calibrated_image_probability
vits16,baseline,4,external_full,patient,sex_age,ppv,0.37013729977116705,6,max_image_outcome,max_calibrated_image_probability
vits16,sex_erased,4,internal_test,patient,sex,auroc,0.04136702209837084,2,max_image_outcome,max_calibrated_image_probability
vits16,sex_erased,4,internal_test,patient,sex,auprc,0.1213669134824985,2,max_image_outcome,max_calibrated_image_probability
vits16,sex_erased,4,internal_test,patient,sex,brier,0.012740013514682236,2,max_image_outcome,max_calibrated_image_probability
vits16,sex_erased,4,internal_test,patient,sex,ece,0.004591370811271929,2,max_image_outcome,max_calibrated_image_probability
vits16,sex_erased,4,internal_test,patient,sex,sensitivity,0.09331103678929775,2,max_image_outcome,max_calibrated_image_probability
vits16,sex_erased,4,internal_test,patient,sex,fpr,0.030190518733408056,2,max_image_outcome,max_calibrated_image_probability
vits16,sex_erased,4,internal_test,patient,sex,fnr,0.09331103678929775,2,max_image_outcome,max_calibrated_image_probability
vits16,sex_erased,4,internal_test,patient,sex,ppv,0.12434480841116682,2,max_image_outcome,max_calibrated_image_probability
vits16,sex_erased,4,internal_test,patient,age_group,auroc,0.09109082011204261,3,max_image_outcome,max_calibrated_image_probability
vits16,sex_erased,4,internal_test,patient,age_group,auprc,0.326200220942652,3,max_image_outcome,max_calibrated_image_probability
vits16,sex_erased,4,internal_test,patient,age_group,brier,0.028085252969265288,3,max_image_outcome,max_calibrated_image_probability
vits16,sex_erased,4,internal_test,patient,age_group,ece,0.005610088457994052,3,max_image_outcome,max_calibrated_image_probability
vits16,sex_erased,4,internal_test,patient,age_group,sensitivity,0.08571428571428574,3,max_image_outcome,max_calibrated_image_probability
vits16,sex_erased,4,internal_test,patient,age_group,fpr,0.24236037934668075,3,max_image_outcome,max_calibrated_image_probability
vits16,sex_erased,4,internal_test,patient,age_group,fnr,0.08571428571428574,3,max_image_outcome,max_calibrated_image_probability
vits16,sex_erased,4,internal_test,patient,age_group,ppv,0.09096927966101695,3,max_image_outcome,max_calibrated_image_probability
vits16,sex_erased,4,internal_test,patient,sex_age,auroc,0.13513623631270688,4,max_image_outcome,max_calibrated_image_probability
vits16,sex_erased,4,internal_test,patient,sex_age,auprc,0.3840265290443178,4,max_image_outcome,max_calibrated_image_probability
vits16,sex_erased,4,internal_test,patient,sex_age,brier,0.025543494234748835,4,max_image_outcome,max_calibrated_image_probability
vits16,sex_erased,4,internal_test,patient,sex_age,ece,0.006248576833479416,4,max_image_outcome,max_calibrated_image_probability
vits16,sex_erased,4,internal_test,patient,sex_age,sensitivity,0.16666666666666663,4,max_image_outcome,max_calibrated_image_probability
vits16,sex_erased,4,internal_test,patient,sex_age,fpr,0.23664469197544902,4,max_image_outcome,max_calibrated_image_probability
vits16,sex_erased,4,internal_test,patient,sex_age,fnr,0.16666666666666663,4,max_image_outcome,max_calibrated_image_probability
vits16,sex_erased,4,internal_test,patient,sex_age,ppv,0.2421815408085431,4,max_image_outcome,max_calibrated_image_probability
vits16,sex_erased,4,external_full,patient,sex,auroc,0.006627813406758554,2,max_image_outcome,max_calibrated_image_probability
vits16,sex_erased,4,external_full,patient,sex,auprc,0.08900148537540498,2,max_image_outcome,max_calibrated_image_probability
vits16,sex_erased,4,external_full,patient,sex,brier,0.013452035971972975,2,max_image_outcome,max_calibrated_image_probability
vits16,sex_erased,4,external_full,patient,sex,ece,0.03182044027993129,2,max_image_outcome,max_calibrated_image_probability
vits16,sex_erased,4,external_full,patient,sex,sensitivity,0.0030525030525030417,2,max_image_outcome,max_calibrated_image_probability
vits16,sex_erased,4,external_full,patient,sex,fpr,0.001212165736115156,2,max_image_outcome,max_calibrated_image_probability
vits16,sex_erased,4,external_full,patient,sex,fnr,0.0030525030525030417,2,max_image_outcome,max_calibrated_image_probability
vits16,sex_erased,4,external_full,patient,sex,ppv,0.05637406947890816,2,max_image_outcome,max_calibrated_image_probability
vits16,sex_erased,4,external_full,patient,age_group,auroc,0.09866122569089442,3,max_image_outcome,max_calibrated_image_probability
vits16,sex_erased,4,external_full,patient,age_group,auprc,0.2926362210137283,3,max_image_outcome,max_calibrated_image_probability
vits16,sex_erased,4,external_full,patient,age_group,brier,0.015383731859174576,3,max_image_outcome,max_calibrated_image_probability
vits16,sex_erased,4,external_full,patient,age_group,ece,0.03160156275407858,3,max_image_outcome,max_calibrated_image_probability
vits16,sex_erased,4,external_full,patient,age_group,sensitivity,0.11412770236299641,3,max_image_outcome,max_calibrated_image_probability
vits16,sex_erased,4,external_full,patient,age_group,fpr,0.20865818333789676,3,max_image_outcome,max_calibrated_image_probability
vits16,sex_erased,4,external_full,patient,age_group,fnr,0.11412770236299641,3,max_image_outcome,max_calibrated_image_probability
vits16,sex_erased,4,external_full,patient,age_group,ppv,0.20271186440677966,3,max_image_outcome,max_calibrated_image_probability
vits16,sex_erased,4,external_full,patient,sex_age,auroc,0.20512669532277372,6,max_image_outcome,max_calibrated_image_probability
vits16,sex_erased,4,external_full,patient,sex_age,auprc,0.47797599180903627,6,max_image_outcome,max_calibrated_image_probability
vits16,sex_erased,4,external_full,patient,sex_age,brier,0.06822168949091426,6,max_image_outcome,max_calibrated_image_probability
vits16,sex_erased,4,external_full,patient,sex_age,ece,0.09440563264410524,6,max_image_outcome,max_calibrated_image_probability
vits16,sex_erased,4,external_full,patient,sex_age,sensitivity,0.3535353535353535,6,max_image_outcome,max_calibrated_image_probability
vits16,sex_erased,4,external_full,patient,sex_age,fpr,0.23030303030303034,6,max_image_outcome,max_calibrated_image_probability
vits16,sex_erased,4,external_full,patient,sex_age,fnr,0.3535353535353535,6,max_image_outcome,max_calibrated_image_probability
vits16,sex_erased,4,external_full,patient,sex_age,ppv,0.37013729977116705,6,max_image_outcome,max_calibrated_image_probability
vits16,age_erased,4,internal_test,patient,sex,auroc,0.04224451985187272,2,max_image_outcome,max_calibrated_image_probability
vits16,age_erased,4,internal_test,patient,sex,auprc,0.12632505308209252,2,max_image_outcome,max_calibrated_image_probability
vits16,age_erased,4,internal_test,patient,sex,brier,0.012683644774230347,2,max_image_outcome,max_calibrated_image_probability
vits16,age_erased,4,internal_test,patient,sex,ece,0.004410164075561725,2,max_image_outcome,max_calibrated_image_probability
vits16,age_erased,4,internal_test,patient,sex,sensitivity,0.09331103678929775,2,max_image_outcome,max_calibrated_image_probability
vits16,age_erased,4,internal_test,patient,sex,fpr,0.02973532553956526,2,max_image_outcome,max_calibrated_image_probability
vits16,age_erased,4,internal_test,patient,sex,fnr,0.09331103678929775,2,max_image_outcome,max_calibrated_image_probability
vits16,age_erased,4,internal_test,patient,sex,ppv,0.1227658315249556,2,max_image_outcome,max_calibrated_image_probability
vits16,age_erased,4,internal_test,patient,age_group,auroc,0.09097348112212944,3,max_image_outcome,max_calibrated_image_probability
vits16,age_erased,4,internal_test,patient,age_group,auprc,0.32729990755691685,3,max_image_outcome,max_calibrated_image_probability
vits16,age_erased,4,internal_test,patient,age_group,brier,0.028076122359342794,3,max_image_outcome,max_calibrated_image_probability
vits16,age_erased,4,internal_test,patient,age_group,ece,0.005502470788559925,3,max_image_outcome,max_calibrated_image_probability
vits16,age_erased,4,internal_test,patient,age_group,sensitivity,0.08571428571428574,3,max_image_outcome,max_calibrated_image_probability
vits16,age_erased,4,internal_test,patient,age_group,fpr,0.24339862393851108,3,max_image_outcome,max_calibrated_image_probability
vits16,age_erased,4,internal_test,patient,age_group,fnr,0.08571428571428574,3,max_image_outcome,max_calibrated_image_probability
vits16,age_erased,4,internal_test,patient,age_group,ppv,0.08859396281397486,3,max_image_outcome,max_calibrated_image_probability
vits16,age_erased,4,internal_test,patient,sex_age,auroc,0.1359443171207878,4,max_image_outcome,max_calibrated_image_probability
vits16,age_erased,4,internal_test,patient,sex_age,auprc,0.3850926782851962,4,max_image_outcome,max_calibrated_image_probability
vits16,age_erased,4,internal_test,patient,sex_age,brier,0.025389584756486627,4,max_image_outcome,max_calibrated_image_probability
vits16,age_erased,4,internal_test,patient,sex_age,ece,0.006304584279484559,4,max_image_outcome,max_calibrated_image_probability
vits16,age_erased,4,internal_test,patient,sex_age,sensitivity,0.16666666666666663,4,max_image_outcome,max_calibrated_image_probability
vits16,age_erased,4,internal_test,patient,sex_age,fpr,0.23925892248238234,4,max_image_outcome,max_calibrated_image_probability
vits16,age_erased,4,internal_test,patient,sex_age,fnr,0.16666666666666663,4,max_image_outcome,max_calibrated_image_probability
vits16,age_erased,4,internal_test,patient,sex_age,ppv,0.23844460748349233,4,max_image_outcome,max_calibrated_image_probability
vits16,age_erased,4,external_full,patient,sex,auroc,0.00698858823124171,2,max_image_outcome,max_calibrated_image_probability
vits16,age_erased,4,external_full,patient,sex,auprc,0.08932875270063945,2,max_image_outcome,max_calibrated_image_probability
vits16,age_erased,4,external_full,patient,sex,brier,0.013378307611193824,2,max_image_outcome,max_calibrated_image_probability
vits16,age_erased,4,external_full,patient,sex,ece,0.031339767353512765,2,max_image_outcome,max_calibrated_image_probability
vits16,age_erased,4,external_full,patient,sex,sensitivity,0.011599511599511558,2,max_image_outcome,max_calibrated_image_probability
vits16,age_erased,4,external_full,patient,sex,fpr,0.0018366147516897247,2,max_image_outcome,max_calibrated_image_probability
vits16,age_erased,4,external_full,patient,sex,fnr,0.011599511599511558,2,max_image_outcome,max_calibrated_image_probability
vits16,age_erased,4,external_full,patient,sex,ppv,0.06074074074074076,2,max_image_outcome,max_calibrated_image_probability
vits16,age_erased,4,external_full,patient,age_group,auroc,0.09739247718509159,3,max_image_outcome,max_calibrated_image_probability
vits16,age_erased,4,external_full,patient,age_group,auprc,0.292218859712264,3,max_image_outcome,max_calibrated_image_probability
vits16,age_erased,4,external_full,patient,age_group,brier,0.015272120269216372,3,max_image_outcome,max_calibrated_image_probability
vits16,age_erased,4,external_full,patient,age_group,ece,0.032092027850172206,3,max_image_outcome,max_calibrated_image_probability
vits16,age_erased,4,external_full,patient,age_group,sensitivity,0.10558069381598789,3,max_image_outcome,max_calibrated_image_probability
vits16,age_erased,4,external_full,patient,age_group,fpr,0.20633799772304762,3,max_image_outcome,max_calibrated_image_probability
vits16,age_erased,4,external_full,patient,age_group,fnr,0.10558069381598789,3,max_image_outcome,max_calibrated_image_probability
vits16,age_erased,4,external_full,patient,age_group,ppv,0.20111766150822893,3,max_image_outcome,max_calibrated_image_probability
vits16,age_erased,4,external_full,patient,sex_age,auroc,0.19817857072759004,6,max_image_outcome,max_calibrated_image_probability
vits16,age_erased,4,external_full,patient,sex_age,auprc,0.4782137271213852,6,max_image_outcome,max_calibrated_image_probability
vits16,age_erased,4,external_full,patient,sex_age,brier,0.06838537754432046,6,max_image_outcome,max_calibrated_image_probability
vits16,age_erased,4,external_full,patient,sex_age,ece,0.09482808794538515,6,max_image_outcome,max_calibrated_image_probability
vits16,age_erased,4,external_full,patient,sex_age,sensitivity,0.3308080808080808,6,max_image_outcome,max_calibrated_image_probability
vits16,age_erased,4,external_full,patient,sex_age,fpr,0.22647161267850935,6,max_image_outcome,max_calibrated_image_probability
vits16,age_erased,4,external_full,patient,sex_age,fnr,0.3308080808080808,6,max_image_outcome,max_calibrated_image_probability
vits16,age_erased,4,external_full,patient,sex_age,ppv,0.37013729977116705,6,max_image_outcome,max_calibrated_image_probability
vits16,joint_erased,4,internal_test,patient,sex,auroc,0.04172741215824238,2,max_image_outcome,max_calibrated_image_probability
vits16,joint_erased,4,internal_test,patient,sex,auprc,0.12353945506414876,2,max_image_outcome,max_calibrated_image_probability
vits16,joint_erased,4,internal_test,patient,sex,brier,0.012763154369753046,2,max_image_outcome,max_calibrated_image_probability
vits16,joint_erased,4,internal_test,patient,sex,ece,0.004580333198128554,2,max_image_outcome,max_calibrated_image_probability
vits16,joint_erased,4,internal_test,patient,sex,sensitivity,0.09331103678929775,2,max_image_outcome,max_calibrated_image_probability
vits16,joint_erased,4,internal_test,patient,sex,fpr,0.023211455921842705,2,max_image_outcome,max_calibrated_image_probability
vits16,joint_erased,4,internal_test,patient,sex,fnr,0.09331103678929775,2,max_image_outcome,max_calibrated_image_probability
vits16,joint_erased,4,internal_test,patient,sex,ppv,0.12650517213512202,2,max_image_outcome,max_calibrated_image_probability
vits16,joint_erased,4,internal_test,patient,age_group,auroc,0.09071737804746194,3,max_image_outcome,max_calibrated_image_probability
vits16,joint_erased,4,internal_test,patient,age_group,auprc,0.3256057439085511,3,max_image_outcome,max_calibrated_image_probability
vits16,joint_erased,4,internal_test,patient,age_group,brier,0.028039435491243405,3,max_image_outcome,max_calibrated_image_probability
vits16,joint_erased,4,internal_test,patient,age_group,ece,0.005560140166062561,3,max_image_outcome,max_calibrated_image_probability
vits16,joint_erased,4,internal_test,patient,age_group,sensitivity,0.08571428571428574,3,max_image_outcome,max_calibrated_image_probability
vits16,joint_erased,4,internal_test,patient,age_group,fpr,0.24572305212917622,3,max_image_outcome,max_calibrated_image_probability
vits16,joint_erased,4,internal_test,patient,age_group,fnr,0.08571428571428574,3,max_image_outcome,max_calibrated_image_probability
vits16,joint_erased,4,internal_test,patient,age_group,ppv,0.09091498816126628,3,max_image_outcome,max_calibrated_image_probability
vits16,joint_erased,4,internal_test,patient,sex_age,auroc,0.1355402767167473,4,max_image_outcome,max_calibrated_image_probability
vits16,joint_erased,4,internal_test,patient,sex_age,auprc,0.38527358676605916,4,max_image_outcome,max_calibrated_image_probability
vits16,joint_erased,4,internal_test,patient,sex_age,brier,0.02552735262950443,4,max_image_outcome,max_calibrated_image_probability
vits16,joint_erased,4,internal_test,patient,sex_age,ece,0.006135708134680687,4,max_image_outcome,max_calibrated_image_probability
vits16,joint_erased,4,internal_test,patient,sex_age,sensitivity,0.16666666666666663,4,max_image_outcome,max_calibrated_image_probability
vits16,joint_erased,4,internal_test,patient,sex_age,fpr,0.23664469197544902,4,max_image_outcome,max_calibrated_image_probability
vits16,joint_erased,4,internal_test,patient,sex_age,fnr,0.16666666666666663,4,max_image_outcome,max_calibrated_image_probability
vits16,joint_erased,4,internal_test,patient,sex_age,ppv,0.24449421425905188,4,max_image_outcome,max_calibrated_image_probability
vits16,joint_erased,4,external_full,patient,sex,auroc,0.006425561533187296,2,max_image_outcome,max_calibrated_image_probability
vits16,joint_erased,4,external_full,patient,sex,auprc,0.08807225844615651,2,max_image_outcome,max_calibrated_image_probability
vits16,joint_erased,4,external_full,patient,sex,brier,0.013462415910546255,2,max_image_outcome,max_calibrated_image_probability
vits16,joint_erased,4,external_full,patient,sex,ece,0.031755962454697514,2,max_image_outcome,max_calibrated_image_probability
vits16,joint_erased,4,external_full,patient,sex,sensitivity,0.0024420024420024333,2,max_image_outcome,max_calibrated_image_probability
vits16,joint_erased,4,external_full,patient,sex,fpr,0.004885395239494605,2,max_image_outcome,max_calibrated_image_probability
vits16,joint_erased,4,external_full,patient,sex,fnr,0.0024420024420024333,2,max_image_outcome,max_calibrated_image_probability
vits16,joint_erased,4,external_full,patient,sex,ppv,0.058210784313725505,2,max_image_outcome,max_calibrated_image_probability
vits16,joint_erased,4,external_full,patient,age_group,auroc,0.09869575727002344,3,max_image_outcome,max_calibrated_image_probability
vits16,joint_erased,4,external_full,patient,age_group,auprc,0.2930119693943852,3,max_image_outcome,max_calibrated_image_probability
vits16,joint_erased,4,external_full,patient,age_group,brier,0.015405540965268583,3,max_image_outcome,max_calibrated_image_probability
vits16,joint_erased,4,external_full,patient,age_group,ece,0.03182904421159685,3,max_image_outcome,max_calibrated_image_probability
vits16,joint_erased,4,external_full,patient,age_group,sensitivity,0.10558069381598789,3,max_image_outcome,max_calibrated_image_probability
vits16,joint_erased,4,external_full,patient,age_group,fpr,0.2016976264933492,3,max_image_outcome,max_calibrated_image_probability
vits16,joint_erased,4,external_full,patient,age_group,fnr,0.10558069381598789,3,max_image_outcome,max_calibrated_image_probability
vits16,joint_erased,4,external_full,patient,age_group,ppv,0.20111766150822893,3,max_image_outcome,max_calibrated_image_probability
vits16,joint_erased,4,external_full,patient,sex_age,auroc,0.20353687020353672,6,max_image_outcome,max_calibrated_image_probability
vits16,joint_erased,4,external_full,patient,sex_age,auprc,0.47764847040510583,6,max_image_outcome,max_calibrated_image_probability
vits16,joint_erased,4,external_full,patient,sex_age,brier,0.06826862212100694,6,max_image_outcome,max_calibrated_image_probability
vits16,joint_erased,4,external_full,patient,sex_age,ece,0.09454971971491238,6,max_image_outcome,max_calibrated_image_probability
vits16,joint_erased,4,external_full,patient,sex_age,sensitivity,0.3535353535353535,6,max_image_outcome,max_calibrated_image_probability
vits16,joint_erased,4,external_full,patient,sex_age,fpr,0.21880877742946714,6,max_image_outcome,max_calibrated_image_probability
vits16,joint_erased,4,external_full,patient,sex_age,fnr,0.3535353535353535,6,max_image_outcome,max_calibrated_image_probability
vits16,joint_erased,4,external_full,patient,sex_age,ppv,0.37013729977116705,6,max_image_outcome,max_calibrated_image_probability
convnext_tiny,baseline,0,internal_test,patient,sex,auroc,0.030105587363651876,2,max_image_outcome,max_calibrated_image_probability
convnext_tiny,baseline,0,internal_test,patient,sex,auprc,0.17105862587557652,2,max_image_outcome,max_calibrated_image_probability
convnext_tiny,baseline,0,internal_test,patient,sex,brier,0.0071367725331283015,2,max_image_outcome,max_calibrated_image_probability
convnext_tiny,baseline,0,internal_test,patient,sex,ece,0.0036437542242704346,2,max_image_outcome,max_calibrated_image_probability
convnext_tiny,baseline,0,internal_test,patient,sex,sensitivity,0.0006493506493506773,2,max_image_outcome,max_calibrated_image_probability
convnext_tiny,baseline,0,internal_test,patient,sex,fpr,0.044339969071151786,2,max_image_outcome,max_calibrated_image_probability
convnext_tiny,baseline,0,internal_test,patient,sex,fnr,0.0006493506493506773,2,max_image_outcome,max_calibrated_image_probability
convnext_tiny,baseline,0,internal_test,patient,sex,ppv,0.06719192960494828,2,max_image_outcome,max_calibrated_image_probability
convnext_tiny,baseline,0,internal_test,patient,age_group,auroc,0.15793496368875448,3,max_image_outcome,max_calibrated_image_probability
convnext_tiny,baseline,0,internal_test,patient,age_group,auprc,0.3127211668805625,3,max_image_outcome,max_calibrated_image_probability
convnext_tiny,baseline,0,internal_test,patient,age_group,brier,0.03138120210282323,3,max_image_outcome,max_calibrated_image_probability
convnext_tiny,baseline,0,internal_test,patient,age_group,ece,0.01517625254707931,3,max_image_outcome,max_calibrated_image_probability
convnext_tiny,baseline,0,internal_test,patient,age_group,sensitivity,0.09756097560975607,3,max_image_outcome,max_calibrated_image_probability
convnext_tiny,baseline,0,internal_test,patient,age_group,fpr,0.38065234821232186,3,max_image_outcome,max_calibrated_image_probability
convnext_tiny,baseline,0,internal_test,patient,age_group,fnr,0.09756097560975607,3,max_image_outcome,max_calibrated_image_probability
convnext_tiny,baseline,0,internal_test,patient,age_group,ppv,0.021177728431614445,3,max_image_outcome,max_calibrated_image_probability
convnext_tiny,baseline,0,internal_test,patient,sex_age,auroc,0.21121004387594777,4,max_image_outcome,max_calibrated_image_probability
convnext_tiny,baseline,0,internal_test,patient,sex_age,auprc,0.5114836917102469,4,max_image_outcome,max_calibrated_image_probability
convnext_tiny,baseline,0,internal_test,patient,sex_age,brier,0.04363031198069854,4,max_image_outcome,max_calibrated_image_probability
convnext_tiny,baseline,0,internal_test,patient,sex_age,ece,0.01829223506657358,4,max_image_outcome,max_calibrated_image_probability
convnext_tiny,baseline,0,internal_test,patient,sex_age,sensitivity,0.1428571428571429,4,max_image_outcome,max_calibrated_image_probability
convnext_tiny,baseline,0,internal_test,patient,sex_age,fpr,0.25919732441471566,4,max_image_outcome,max_calibrated_image_probability
convnext_tiny,baseline,0,internal_test,patient,sex_age,fnr,0.1428571428571429,4,max_image_outcome,max_calibrated_image_probability
convnext_tiny,baseline,0,internal_test,patient,sex_age,ppv,0.07713884992987377,4,max_image_outcome,max_calibrated_image_probability
convnext_tiny,baseline,0,external_full,patient,sex,auroc,0.02282188927244755,2,max_image_outcome,max_calibrated_image_probability
convnext_tiny,baseline,0,external_full,patient,sex,auprc,0.06367099752164485,2,max_image_outcome,max_calibrated_image_probability
convnext_tiny,baseline,0,external_full,patient,sex,brier,0.0348813776032032,2,max_image_outcome,max_calibrated_image_probability
convnext_tiny,baseline,0,external_full,patient,sex,ece,0.046735923540649066,2,max_image_outcome,max_calibrated_image_probability
convnext_tiny,baseline,0,external_full,patient,sex,sensitivity,0.06166056166056155,2,max_image_outcome,max_calibrated_image_probability
convnext_tiny,baseline,0,external_full,patient,sex,fpr,0.02756758742286214,2,max_image_outcome,max_calibrated_image_probability
convnext_tiny,baseline,0,external_full,patient,sex,fnr,0.06166056166056155,2,max_image_outcome,max_calibrated_image_probability
convnext_tiny,baseline,0,external_full,patient,sex,ppv,0.05331146657081237,2,max_image_outcome,max_calibrated_image_probability
convnext_tiny,baseline,0,external_full,patient,age_group,auroc,0.11714100780457848,3,max_image_outcome,max_calibrated_image_probability
convnext_tiny,baseline,0,external_full,patient,age_group,auprc,0.30549910664375385,3,max_image_outcome,max_calibrated_image_probability
convnext_tiny,baseline,0,external_full,patient,age_group,brier,0.058744303902839384,3,max_image_outcome,max_calibrated_image_probability
convnext_tiny,baseline,0,external_full,patient,age_group,ece,0.1108638501969739,3,max_image_outcome,max_calibrated_image_probability
convnext_tiny,baseline,0,external_full,patient,age_group,sensitivity,0.07622536193964768,3,max_image_outcome,max_calibrated_image_probability
convnext_tiny,baseline,0,external_full,patient,age_group,fpr,0.16989234915190732,3,max_image_outcome,max_calibrated_image_probability
convnext_tiny,baseline,0,external_full,patient,age_group,fnr,0.07622536193964768,3,max_image_outcome,max_calibrated_image_probability
convnext_tiny,baseline,0,external_full,patient,age_group,ppv,0.19171888120922417,3,max_image_outcome,max_calibrated_image_probability
convnext_tiny,baseline,0,external_full,patient,sex_age,auroc,0.1683840703448546,6,max_image_outcome,max_calibrated_image_probability
convnext_tiny,baseline,0,external_full,patient,sex_age,auprc,0.48060229929399073,6,max_image_outcome,max_calibrated_image_probability
convnext_tiny,baseline,0,external_full,patient,sex_age,brier,0.10887780822915254,6,max_image_outcome,max_calibrated_image_probability
convnext_tiny,baseline,0,external_full,patient,sex_age,ece,0.1489808771573743,6,max_image_outcome,max_calibrated_image_probability
convnext_tiny,baseline,0,external_full,patient,sex_age,sensitivity,0.23863636363636365,6,max_image_outcome,max_calibrated_image_probability
convnext_tiny,baseline,0,external_full,patient,sex_age,fpr,0.2491978609625669,6,max_image_outcome,max_calibrated_image_probability
convnext_tiny,baseline,0,external_full,patient,sex_age,fnr,0.23863636363636365,6,max_image_outcome,max_calibrated_image_probability
convnext_tiny,baseline,0,external_full,patient,sex_age,ppv,0.2862669245647969,6,max_image_outcome,max_calibrated_image_probability
convnext_tiny,sex_erased,0,internal_test,patient,sex,auroc,0.030516377290570773,2,max_image_outcome,max_calibrated_image_probability
convnext_tiny,sex_erased,0,internal_test,patient,sex,auprc,0.17145116286240425,2,max_image_outcome,max_calibrated_image_probability
convnext_tiny,sex_erased,0,internal_test,patient,sex,brier,0.007106439766967048,2,max_image_outcome,max_calibrated_image_probability
convnext_tiny,sex_erased,0,internal_test,patient,sex,ece,0.0034559836025459863,2,max_image_outcome,max_calibrated_image_probability
convnext_tiny,sex_erased,0,internal_test,patient,sex,sensitivity,0.0006493506493506773,2,max_image_outcome,max_calibrated_image_probability
convnext_tiny,sex_erased,0,internal_test,patient,sex,fpr,0.047675940149058293,2,max_image_outcome,max_calibrated_image_probability
convnext_tiny,sex_erased,0,internal_test,patient,sex,fnr,0.0006493506493506773,2,max_image_outcome,max_calibrated_image_probability
convnext_tiny,sex_erased,0,internal_test,patient,sex,ppv,0.06825696960664686,2,max_image_outcome,max_calibrated_image_probability
convnext_tiny,sex_erased,0,internal_test,patient,age_group,auroc,0.15774525345492152,3,max_image_outcome,max_calibrated_image_probability
convnext_tiny,sex_erased,0,internal_test,patient,age_group,auprc,0.3144548613571131,3,max_image_outcome,max_calibrated_image_probability
convnext_tiny,sex_erased,0,internal_test,patient,age_group,brier,0.03148049794438426,3,max_image_outcome,max_calibrated_image_probability
convnext_tiny,sex_erased,0,internal_test,patient,age_group,ece,0.01541037507041735,3,max_image_outcome,max_calibrated_image_probability
convnext_tiny,sex_erased,0,internal_test,patient,age_group,sensitivity,0.09756097560975607,3,max_image_outcome,max_calibrated_image_probability
convnext_tiny,sex_erased,0,internal_test,patient,age_group,fpr,0.3783321625974727,3,max_image_outcome,max_calibrated_image_probability
convnext_tiny,sex_erased,0,internal_test,patient,age_group,fnr,0.09756097560975607,3,max_image_outcome,max_calibrated_image_probability
convnext_tiny,sex_erased,0,internal_test,patient,age_group,ppv,0.02247984708717693,3,max_image_outcome,max_calibrated_image_probability
convnext_tiny,sex_erased,0,internal_test,patient,sex_age,auroc,0.2110861741868607,4,max_image_outcome,max_calibrated_image_probability
convnext_tiny,sex_erased,0,internal_test,patient,sex_age,auprc,0.5115871579001321,4,max_image_outcome,max_calibrated_image_probability
convnext_tiny,sex_erased,0,internal_test,patient,sex_age,brier,0.04373826256696482,4,max_image_outcome,max_calibrated_image_probability
convnext_tiny,sex_erased,0,internal_test,patient,sex_age,ece,0.020099856009510104,4,max_image_outcome,max_calibrated_image_probability
convnext_tiny,sex_erased,0,internal_test,patient,sex_age,sensitivity,0.1428571428571429,4,max_image_outcome,max_calibrated_image_probability
convnext_tiny,sex_erased,0,internal_test,patient,sex_age,fpr,0.2679692542392771,4,max_image_outcome,max_calibrated_image_probability
convnext_tiny,sex_erased,0,internal_test,patient,sex_age,fnr,0.1428571428571429,4,max_image_outcome,max_calibrated_image_probability
convnext_tiny,sex_erased,0,internal_test,patient,sex_age,ppv,0.07890961262553803,4,max_image_outcome,max_calibrated_image_probability
convnext_tiny,sex_erased,0,external_full,patient,sex,auroc,0.02368300145996305,2,max_image_outcome,max_calibrated_image_probability
convnext_tiny,sex_erased,0,external_full,patient,sex,auprc,0.06189934080123993,2,max_image_outcome,max_calibrated_image_probability
convnext_tiny,sex_erased,0,external_full,patient,sex,brier,0.034976722415485356,2,max_image_outcome,max_calibrated_image_probability
convnext_tiny,sex_erased,0,external_full,patient,sex,ece,0.04675516902870899,2,max_image_outcome,max_calibrated_image_probability
convnext_tiny,sex_erased,0,external_full,patient,sex,sensitivity,0.05860805860805862,2,max_image_outcome,max_calibrated_image_probability
convnext_tiny,sex_erased,0,external_full,patient,sex,fpr,0.02760431971789601,2,max_image_outcome,max_calibrated_image_probability
convnext_tiny,sex_erased,0,external_full,patient,sex,fnr,0.05860805860805862,2,max_image_outcome,max_calibrated_image_probability
convnext_tiny,sex_erased,0,external_full,patient,sex,ppv,0.05432909042694245,2,max_image_outcome,max_calibrated_image_probability
convnext_tiny,sex_erased,0,external_full,patient,age_group,auroc,0.11737994690261888,3,max_image_outcome,max_calibrated_image_probability
convnext_tiny,sex_erased,0,external_full,patient,age_group,auprc,0.3023754280308919,3,max_image_outcome,max_calibrated_image_probability
convnext_tiny,sex_erased,0,external_full,patient,age_group,brier,0.05839986307701103,3,max_image_outcome,max_calibrated_image_probability
convnext_tiny,sex_erased,0,external_full,patient,age_group,ece,0.11096412015782711,3,max_image_outcome,max_calibrated_image_probability
convnext_tiny,sex_erased,0,external_full,patient,age_group,sensitivity,0.08983080411651845,3,max_image_outcome,max_calibrated_image_probability
convnext_tiny,sex_erased,0,external_full,patient,age_group,fpr,0.16525197792220891,3,max_image_outcome,max_calibrated_image_probability
convnext_tiny,sex_erased,0,external_full,patient,age_group,fnr,0.08983080411651845,3,max_image_outcome,max_calibrated_image_probability
convnext_tiny,sex_erased,0,external_full,patient,age_group,ppv,0.19427494329254655,3,max_image_outcome,max_calibrated_image_probability
convnext_tiny,sex_erased,0,external_full,patient,sex_age,auroc,0.17047439596459213,6,max_image_outcome,max_calibrated_image_probability
convnext_tiny,sex_erased,0,external_full,patient,sex_age,auprc,0.4735799558496645,6,max_image_outcome,max_calibrated_image_probability
convnext_tiny,sex_erased,0,external_full,patient,sex_age,brier,0.10869146825412143,6,max_image_outcome,max_calibrated_image_probability
convnext_tiny,sex_erased,0,external_full,patient,sex_age,ece,0.16437488020610735,6,max_image_outcome,max_calibrated_image_probability
convnext_tiny,sex_erased,0,external_full,patient,sex_age,sensitivity,0.23863636363636365,6,max_image_outcome,max_calibrated_image_probability
convnext_tiny,sex_erased,0,external_full,patient,sex_age,fpr,0.2374331550802139,6,max_image_outcome,max_calibrated_image_probability
convnext_tiny,sex_erased,0,external_full,patient,sex_age,fnr,0.23863636363636365,6,max_image_outcome,max_calibrated_image_probability
convnext_tiny,sex_erased,0,external_full,patient,sex_age,ppv,0.29690522243713735,6,max_image_outcome,max_calibrated_image_probability
convnext_tiny,age_erased,0,internal_test,patient,sex,auroc,0.030180711363506973,2,max_image_outcome,max_calibrated_image_probability
convnext_tiny,age_erased,0,internal_test,patient,sex,auprc,0.16978050833539304,2,max_image_outcome,max_calibrated_image_probability
convnext_tiny,age_erased,0,internal_test,patient,sex,brier,0.007168692942186545,2,max_image_outcome,max_calibrated_image_probability
convnext_tiny,age_erased,0,internal_test,patient,sex,ece,0.0036602712414253707,2,max_image_outcome,max_calibrated_image_probability
convnext_tiny,age_erased,0,internal_test,patient,sex,sensitivity,0.0006493506493506773,2,max_image_outcome,max_calibrated_image_probability
convnext_tiny,age_erased,0,internal_test,patient,sex,fpr,0.043957237505624525,2,max_image_outcome,max_calibrated_image_probability
convnext_tiny,age_erased,0,internal_test,patient,sex,fnr,0.0006493506493506773,2,max_image_outcome,max_calibrated_image_probability
convnext_tiny,age_erased,0,internal_test,patient,sex,ppv,0.06753130590339892,2,max_image_outcome,max_calibrated_image_probability
convnext_tiny,age_erased,0,internal_test,patient,age_group,auroc,0.1576487824524807,3,max_image_outcome,max_calibrated_image_probability
convnext_tiny,age_erased,0,internal_test,patient,age_group,auprc,0.310085213512056,3,max_image_outcome,max_calibrated_image_probability
convnext_tiny,age_erased,0,internal_test,patient,age_group,brier,0.03134993596226726,3,max_image_outcome,max_calibrated_image_probability
convnext_tiny,age_erased,0,internal_test,patient,age_group,ece,0.015065748185585875,3,max_image_outcome,max_calibrated_image_probability
convnext_tiny,age_erased,0,internal_test,patient,age_group,sensitivity,0.09756097560975607,3,max_image_outcome,max_calibrated_image_probability
convnext_tiny,age_erased,0,internal_test,patient,age_group,fpr,0.37601197698262345,3,max_image_outcome,max_calibrated_image_probability
convnext_tiny,age_erased,0,internal_test,patient,age_group,fnr,0.09756097560975607,3,max_image_outcome,max_calibrated_image_probability
convnext_tiny,age_erased,0,internal_test,patient,age_group,ppv,0.02182539682539683,3,max_image_outcome,max_calibrated_image_probability
convnext_tiny,age_erased,0,internal_test,patient,sex_age,auroc,0.2114577832541219,4,max_image_outcome,max_calibrated_image_probability
convnext_tiny,age_erased,0,internal_test,patient,sex_age,auprc,0.5106204409377662,4,max_image_outcome,max_calibrated_image_probability
convnext_tiny,age_erased,0,internal_test,patient,sex_age,brier,0.04354634938543018,4,max_image_outcome,max_calibrated_image_probability
convnext_tiny,age_erased,0,internal_test,patient,sex_age,ece,0.018304042524262508,4,max_image_outcome,max_calibrated_image_probability
convnext_tiny,age_erased,0,internal_test,patient,sex_age,sensitivity,0.1428571428571429,4,max_image_outcome,max_calibrated_image_probability
convnext_tiny,age_erased,0,internal_test,patient,sex_age,fpr,0.2558528428093645,4,max_image_outcome,max_calibrated_image_probability
convnext_tiny,age_erased,0,internal_test,patient,sex_age,fnr,0.1428571428571429,4,max_image_outcome,max_calibrated_image_probability
convnext_tiny,age_erased,0,internal_test,patient,sex_age,ppv,0.07635206786850476,4,max_image_outcome,max_calibrated_image_probability
convnext_tiny,age_erased,0,external_full,patient,sex,auroc,0.022290616499770044,2,max_image_outcome,max_calibrated_image_probability
convnext_tiny,age_erased,0,external_full,patient,sex,auprc,0.06477041101829184,2,max_image_outcome,max_calibrated_image_probability
convnext_tiny,age_erased,0,external_full,patient,sex,brier,0.03477137718602141,2,max_image_outcome,max_calibrated_image_probability
convnext_tiny,age_erased,0,external_full,patient,sex,ece,0.04659780239703171,2,max_image_outcome,max_calibrated_image_probability
convnext_tiny,age_erased,0,external_full,patient,sex,sensitivity,0.07020757020757018,2,max_image_outcome,max_calibrated_image_probability
convnext_tiny,age_erased,0,external_full,patient,sex,fpr,0.019945636203349992,2,max_image_outcome,max_calibrated_image_probability
convnext_tiny,age_erased,0,external_full,patient,sex,fnr,0.07020757020757018,2,max_image_outcome,max_calibrated_image_probability
convnext_tiny,age_erased,0,external_full,patient,sex,ppv,0.0462629793358692,2,max_image_outcome,max_calibrated_image_probability
convnext_tiny,age_erased,0,external_full,patient,age_group,auroc,0.1163311937001682,3,max_image_outcome,max_calibrated_image_probability
convnext_tiny,age_erased,0,external_full,patient,age_group,auprc,0.3023227346824662,3,max_image_outcome,max_calibrated_image_probability
convnext_tiny,age_erased,0,external_full,patient,age_group,brier,0.058963387255233174,3,max_image_outcome,max_calibrated_image_probability
convnext_tiny,age_erased,0,external_full,patient,age_group,ece,0.11076051780827109,3,max_image_outcome,max_calibrated_image_probability
convnext_tiny,age_erased,0,external_full,patient,age_group,sensitivity,0.07622536193964768,3,max_image_outcome,max_calibrated_image_probability
convnext_tiny,age_erased,0,external_full,patient,age_group,fpr,0.17917309161130401,3,max_image_outcome,max_calibrated_image_probability
convnext_tiny,age_erased,0,external_full,patient,age_group,fnr,0.07622536193964768,3,max_image_outcome,max_calibrated_image_probability
convnext_tiny,age_erased,0,external_full,patient,age_group,ppv,0.2000915750915751,3,max_image_outcome,max_calibrated_image_probability
convnext_tiny,age_erased,0,external_full,patient,sex_age,auroc,0.16788356984435426,6,max_image_outcome,max_calibrated_image_probability
convnext_tiny,age_erased,0,external_full,patient,sex_age,auprc,0.4764066498533181,6,max_image_outcome,max_calibrated_image_probability
convnext_tiny,age_erased,0,external_full,patient,sex_age,brier,0.10904547956006806,6,max_image_outcome,max_calibrated_image_probability
convnext_tiny,age_erased,0,external_full,patient,sex_age,ece,0.16512982706844195,6,max_image_outcome,max_calibrated_image_probability
convnext_tiny,age_erased,0,external_full,patient,sex_age,sensitivity,0.23863636363636365,6,max_image_outcome,max_calibrated_image_probability
convnext_tiny,age_erased,0,external_full,patient,sex_age,fpr,0.2491978609625669,6,max_image_outcome,max_calibrated_image_probability
convnext_tiny,age_erased,0,external_full,patient,sex_age,fnr,0.23863636363636365,6,max_image_outcome,max_calibrated_image_probability
convnext_tiny,age_erased,0,external_full,patient,sex_age,ppv,0.2862669245647969,6,max_image_outcome,max_calibrated_image_probability
convnext_tiny,joint_erased,0,internal_test,patient,sex,auroc,0.030335355604172887,2,max_image_outcome,max_calibrated_image_probability
convnext_tiny,joint_erased,0,internal_test,patient,sex,auprc,0.17086322421924882,2,max_image_outcome,max_calibrated_image_probability
convnext_tiny,joint_erased,0,internal_test,patient,sex,brier,0.007141049488337669,2,max_image_outcome,max_calibrated_image_probability
convnext_tiny,joint_erased,0,internal_test,patient,sex,ece,0.0034847637190444196,2,max_image_outcome,max_calibrated_image_probability
convnext_tiny,joint_erased,0,internal_test,patient,sex,sensitivity,0.0006493506493506773,2,max_image_outcome,max_calibrated_image_probability
convnext_tiny,joint_erased,0,internal_test,patient,sex,fpr,0.04827072569008051,2,max_image_outcome,max_calibrated_image_probability
convnext_tiny,joint_erased,0,internal_test,patient,sex,fnr,0.0006493506493506773,2,max_image_outcome,max_calibrated_image_probability
convnext_tiny,joint_erased,0,internal_test,patient,sex,ppv,0.068747852365105,2,max_image_outcome,max_calibrated_image_probability
convnext_tiny,joint_erased,0,internal_test,patient,age_group,auroc,0.15812144215153923,3,max_image_outcome,max_calibrated_image_probability
convnext_tiny,joint_erased,0,internal_test,patient,age_group,auprc,0.31368735189395147,3,max_image_outcome,max_calibrated_image_probability
convnext_tiny,joint_erased,0,internal_test,patient,age_group,brier,0.03152501399675483,3,max_image_outcome,max_calibrated_image_probability
convnext_tiny,joint_erased,0,internal_test,patient,age_group,ece,0.015241173004977912,3,max_image_outcome,max_calibrated_image_probability
convnext_tiny,joint_erased,0,internal_test,patient,age_group,sensitivity,0.09756097560975607,3,max_image_outcome,max_calibrated_image_probability
convnext_tiny,joint_erased,0,internal_test,patient,age_group,fpr,0.37601197698262345,3,max_image_outcome,max_calibrated_image_probability
convnext_tiny,joint_erased,0,internal_test,patient,age_group,fnr,0.09756097560975607,3,max_image_outcome,max_calibrated_image_probability
convnext_tiny,joint_erased,0,internal_test,patient,age_group,ppv,0.023141186299081046,3,max_image_outcome,max_calibrated_image_probability
convnext_tiny,joint_erased,0,internal_test,patient,sex_age,auroc,0.21133391356503495,4,max_image_outcome,max_calibrated_image_probability
convnext_tiny,joint_erased,0,internal_test,patient,sex_age,auprc,0.5119833234880851,4,max_image_outcome,max_calibrated_image_probability
convnext_tiny,joint_erased,0,internal_test,patient,sex_age,brier,0.04371703268194336,4,max_image_outcome,max_calibrated_image_probability
convnext_tiny,joint_erased,0,internal_test,patient,sex_age,ece,0.01831572968303092,4,max_image_outcome,max_calibrated_image_probability
convnext_tiny,joint_erased,0,internal_test,patient,sex_age,sensitivity,0.1428571428571429,4,max_image_outcome,max_calibrated_image_probability
convnext_tiny,joint_erased,0,internal_test,patient,sex_age,fpr,0.2646247726339259,4,max_image_outcome,max_calibrated_image_probability
convnext_tiny,joint_erased,0,internal_test,patient,sex_age,fnr,0.1428571428571429,4,max_image_outcome,max_calibrated_image_probability
convnext_tiny,joint_erased,0,internal_test,patient,sex_age,ppv,0.07810993249758921,4,max_image_outcome,max_calibrated_image_probability
convnext_tiny,joint_erased,0,external_full,patient,sex,auroc,0.02381603829774559,2,max_image_outcome,max_calibrated_image_probability
convnext_tiny,joint_erased,0,external_full,patient,sex,auprc,0.06200582672204813,2,max_image_outcome,max_calibrated_image_probability
convnext_tiny,joint_erased,0,external_full,patient,sex,brier,0.035008197491245036,2,max_image_outcome,max_calibrated_image_probability
convnext_tiny,joint_erased,0,external_full,patient,sex,ece,0.04679766889190773,2,max_image_outcome,max_calibrated_image_probability
convnext_tiny,joint_erased,0,external_full,patient,sex,sensitivity,0.07570207570207577,2,max_image_outcome,max_calibrated_image_probability
convnext_tiny,joint_erased,0,external_full,patient,sex,fpr,0.024518806935057258,2,max_image_outcome,max_calibrated_image_probability
convnext_tiny,joint_erased,0,external_full,patient,sex,fnr,0.07570207570207577,2,max_image_outcome,max_calibrated_image_probability
convnext_tiny,joint_erased,0,external_full,patient,sex,ppv,0.04725380394818712,2,max_image_outcome,max_calibrated_image_probability
convnext_tiny,joint_erased,0,external_full,patient,age_group,auroc,0.11732090761707459,3,max_image_outcome,max_calibrated_image_probability
convnext_tiny,joint_erased,0,external_full,patient,age_group,auprc,0.3027410377780485,3,max_image_outcome,max_calibrated_image_probability
convnext_tiny,joint_erased,0,external_full,patient,age_group,brier,0.05860215382063444,3,max_image_outcome,max_calibrated_image_probability
convnext_tiny,joint_erased,0,external_full,patient,age_group,ece,0.11104836185550118,3,max_image_outcome,max_calibrated_image_probability
convnext_tiny,joint_erased,0,external_full,patient,age_group,sensitivity,0.08983080411651845,3,max_image_outcome,max_calibrated_image_probability
convnext_tiny,joint_erased,0,external_full,patient,age_group,fpr,0.1636811690276837,3,max_image_outcome,max_calibrated_image_probability
convnext_tiny,joint_erased,0,external_full,patient,age_group,fnr,0.08983080411651845,3,max_image_outcome,max_calibrated_image_probability
convnext_tiny,joint_erased,0,external_full,patient,age_group,ppv,0.20909090909090908,3,max_image_outcome,max_calibrated_image_probability
convnext_tiny,joint_erased,0,external_full,patient,sex_age,auroc,0.16964022846375792,6,max_image_outcome,max_calibrated_image_probability
convnext_tiny,joint_erased,0,external_full,patient,sex_age,auprc,0.47270271693049115,6,max_image_outcome,max_calibrated_image_probability
convnext_tiny,joint_erased,0,external_full,patient,sex_age,brier,0.10898687781578088,6,max_image_outcome,max_calibrated_image_probability
convnext_tiny,joint_erased,0,external_full,patient,sex_age,ece,0.1646716686844624,6,max_image_outcome,max_calibrated_image_probability
convnext_tiny,joint_erased,0,external_full,patient,sex_age,sensitivity,0.26388888888888884,6,max_image_outcome,max_calibrated_image_probability
convnext_tiny,joint_erased,0,external_full,patient,sex_age,fpr,0.2342245989304813,6,max_image_outcome,max_calibrated_image_probability
convnext_tiny,joint_erased,0,external_full,patient,sex_age,fnr,0.26388888888888884,6,max_image_outcome,max_calibrated_image_probability
convnext_tiny,joint_erased,0,external_full,patient,sex_age,ppv,0.29451287793952974,6,max_image_outcome,max_calibrated_image_probability
convnext_tiny,baseline,1,internal_test,patient,sex,auroc,0.000325784925688799,2,max_image_outcome,max_calibrated_image_probability
convnext_tiny,baseline,1,internal_test,patient,sex,auprc,0.1101747189181358,2,max_image_outcome,max_calibrated_image_probability
convnext_tiny,baseline,1,internal_test,patient,sex,brier,0.021989076917961876,2,max_image_outcome,max_calibrated_image_probability
convnext_tiny,baseline,1,internal_test,patient,sex,ece,0.0023966248591721674,2,max_image_outcome,max_calibrated_image_probability
convnext_tiny,baseline,1,internal_test,patient,sex,sensitivity,0.0267857142857143,2,max_image_outcome,max_calibrated_image_probability
convnext_tiny,baseline,1,internal_test,patient,sex,fpr,0.044659377628259,2,max_image_outcome,max_calibrated_image_probability
convnext_tiny,baseline,1,internal_test,patient,sex,fnr,0.0267857142857143,2,max_image_outcome,max_calibrated_image_probability
convnext_tiny,baseline,1,internal_test,patient,sex,ppv,0.1318038686459739,2,max_image_outcome,max_calibrated_image_probability
convnext_tiny,baseline,1,internal_test,patient,age_group,auroc,0.10692391552175295,2,max_image_outcome,max_calibrated_image_probability
convnext_tiny,baseline,1,internal_test,patient,age_group,auprc,0.29205239995551524,2,max_image_outcome,max_calibrated_image_probability
convnext_tiny,baseline,1,internal_test,patient,age_group,brier,0.016364148099466437,2,max_image_outcome,max_calibrated_image_probability
convnext_tiny,baseline,1,internal_test,patient,age_group,ece,0.0011635373868312572,2,max_image_outcome,max_calibrated_image_probability
convnext_tiny,baseline,1,internal_test,patient,age_group,sensitivity,0.025252525252525304,2,max_image_outcome,max_calibrated_image_probability
convnext_tiny,baseline,1,internal_test,patient,age_group,fpr,0.18745328616273849,2,max_image_outcome,max_calibrated_image_probability
convnext_tiny,baseline,1,internal_test,patient,age_group,fnr,0.025252525252525304,2,max_image_outcome,max_calibrated_image_probability
convnext_tiny,baseline,1,internal_test,patient,age_group,ppv,0.0894070898253686,2,max_image_outcome,max_calibrated_image_probability
convnext_tiny,baseline,1,internal_test,patient,sex_age,auroc,0.14428929466523455,4,max_image_outcome,max_calibrated_image_probability
convnext_tiny,baseline,1,internal_test,patient,sex_age,auprc,0.3623947820545758,4,max_image_outcome,max_calibrated_image_probability
convnext_tiny,baseline,1,internal_test,patient,sex_age,brier,0.04865731629431376,4,max_image_outcome,max_calibrated_image_probability
convnext_tiny,baseline,1,internal_test,patient,sex_age,ece,0.03757395833902184,4,max_image_outcome,max_calibrated_image_probability
convnext_tiny,baseline,1,internal_test,patient,sex_age,sensitivity,0.05882352941176472,4,max_image_outcome,max_calibrated_image_probability
convnext_tiny,baseline,1,internal_test,patient,sex_age,fpr,0.2535321821036107,4,max_image_outcome,max_calibrated_image_probability
convnext_tiny,baseline,1,internal_test,patient,sex_age,fnr,0.05882352941176472,4,max_image_outcome,max_calibrated_image_probability
convnext_tiny,baseline,1,internal_test,patient,sex_age,ppv,0.24857811977249916,4,max_image_outcome,max_calibrated_image_probability
convnext_tiny,baseline,1,external_full,patient,sex,auroc,0.03465452087991028,2,max_image_outcome,max_calibrated_image_probability
convnext_tiny,baseline,1,external_full,patient,sex,auprc,0.06052702622994388,2,max_image_outcome,max_calibrated_image_probability
convnext_tiny,baseline,1,external_full,patient,sex,brier,0.0373734945763427,2,max_image_outcome,max_calibrated_image_probability
convnext_tiny,baseline,1,external_full,patient,sex,ece,0.04747942385607598,2,max_image_outcome,max_calibrated_image_probability
convnext_tiny,baseline,1,external_full,patient,sex,sensitivity,0.04578754578754585,2,max_image_outcome,max_calibrated_image_probability
convnext_tiny,baseline,1,external_full,patient,sex,fpr,0.05344548927416992,2,max_image_outcome,max_calibrated_image_probability
convnext_tiny,baseline,1,external_full,patient,sex,fnr,0.04578754578754585,2,max_image_outcome,max_calibrated_image_probability
convnext_tiny,baseline,1,external_full,patient,sex,ppv,0.12360515021459223,2,max_image_outcome,max_calibrated_image_probability
convnext_tiny,baseline,1,external_full,patient,age_group,auroc,0.11033660871101914,3,max_image_outcome,max_calibrated_image_probability
convnext_tiny,baseline,1,external_full,patient,age_group,auprc,0.332768488622561,3,max_image_outcome,max_calibrated_image_probability
convnext_tiny,baseline,1,external_full,patient,age_group,brier,0.05598606562364131,3,max_image_outcome,max_calibrated_image_probability
convnext_tiny,baseline,1,external_full,patient,age_group,ece,0.10154393676164637,3,max_image_outcome,max_calibrated_image_probability
convnext_tiny,baseline,1,external_full,patient,age_group,sensitivity,0.09244723530437815,3,max_image_outcome,max_calibrated_image_probability
convnext_tiny,baseline,1,external_full,patient,age_group,fpr,0.14358230601885424,3,max_image_outcome,max_calibrated_image_probability
convnext_tiny,baseline,1,external_full,patient,age_group,fnr,0.09244723530437815,3,max_image_outcome,max_calibrated_image_probability
convnext_tiny,baseline,1,external_full,patient,age_group,ppv,0.3343589743589744,3,max_image_outcome,max_calibrated_image_probability
convnext_tiny,baseline,1,external_full,patient,sex_age,auroc,0.15435042886023276,6,max_image_outcome,max_calibrated_image_probability
convnext_tiny,baseline,1,external_full,patient,sex_age,auprc,0.51798046889287,6,max_image_outcome,max_calibrated_image_probability
convnext_tiny,baseline,1,external_full,patient,sex_age,brier,0.11526792050793928,6,max_image_outcome,max_calibrated_image_probability
convnext_tiny,baseline,1,external_full,patient,sex_age,ece,0.187534591820345,6,max_image_outcome,max_calibrated_image_probability
convnext_tiny,baseline,1,external_full,patient,sex_age,sensitivity,0.2718855218855219,6,max_image_outcome,max_calibrated_image_probability
convnext_tiny,baseline,1,external_full,patient,sex_age,fpr,0.21924651924651917,6,max_image_outcome,max_calibrated_image_probability
convnext_tiny,baseline,1,external_full,patient,sex_age,fnr,0.27188552188552184,6,max_image_outcome,max_calibrated_image_probability
convnext_tiny,baseline,1,external_full,patient,sex_age,ppv,0.5323320817688778,6,max_image_outcome,max_calibrated_image_probability
convnext_tiny,sex_erased,1,internal_test,patient,sex,auroc,0.00010782417817145618,2,max_image_outcome,max_calibrated_image_probability
convnext_tiny,sex_erased,1,internal_test,patient,sex,auprc,0.108612087317842,2,max_image_outcome,max_calibrated_image_probability
convnext_tiny,sex_erased,1,internal_test,patient,sex,brier,0.02205608448847932,2,max_image_outcome,max_calibrated_image_probability
convnext_tiny,sex_erased,1,internal_test,patient,sex,ece,0.002549626233506682,2,max_image_outcome,max_calibrated_image_probability
convnext_tiny,sex_erased,1,internal_test,patient,sex,sensitivity,0.0267857142857143,2,max_image_outcome,max_calibrated_image_probability
convnext_tiny,sex_erased,1,internal_test,patient,sex,fpr,0.04420281148624294,2,max_image_outcome,max_calibrated_image_probability
convnext_tiny,sex_erased,1,internal_test,patient,sex,fnr,0.0267857142857143,2,max_image_outcome,max_calibrated_image_probability
convnext_tiny,sex_erased,1,internal_test,patient,sex,ppv,0.13272612147484292,2,max_image_outcome,max_calibrated_image_probability
convnext_tiny,sex_erased,1,internal_test,patient,age_group,auroc,0.10705402220923677,2,max_image_outcome,max_calibrated_image_probability
convnext_tiny,sex_erased,1,internal_test,patient,age_group,auprc,0.29142113919837287,2,max_image_outcome,max_calibrated_image_probability
convnext_tiny,sex_erased,1,internal_test,patient,age_group,brier,0.016341575901773896,2,max_image_outcome,max_calibrated_image_probability
convnext_tiny,sex_erased,1,internal_test,patient,age_group,ece,0.0008779286980061772,2,max_image_outcome,max_calibrated_image_probability
convnext_tiny,sex_erased,1,internal_test,patient,age_group,sensitivity,0.025252525252525304,2,max_image_outcome,max_calibrated_image_probability
convnext_tiny,sex_erased,1,internal_test,patient,age_group,fpr,0.188848472768947,2,max_image_outcome,max_calibrated_image_probability
convnext_tiny,sex_erased,1,internal_test,patient,age_group,fnr,0.025252525252525304,2,max_image_outcome,max_calibrated_image_probability
convnext_tiny,sex_erased,1,internal_test,patient,age_group,ppv,0.09145299145299143,2,max_image_outcome,max_calibrated_image_probability
convnext_tiny,sex_erased,1,internal_test,patient,sex_age,auroc,0.14375223773720025,4,max_image_outcome,max_calibrated_image_probability
convnext_tiny,sex_erased,1,internal_test,patient,sex_age,auprc,0.36224172704388236,4,max_image_outcome,max_calibrated_image_probability
convnext_tiny,sex_erased,1,internal_test,patient,sex_age,brier,0.048755279756603306,4,max_image_outcome,max_calibrated_image_probability
convnext_tiny,sex_erased,1,internal_test,patient,sex_age,ece,0.03770185502260996,4,max_image_outcome,max_calibrated_image_probability
convnext_tiny,sex_erased,1,internal_test,patient,sex_age,sensitivity,0.05882352941176472,4,max_image_outcome,max_calibrated_image_probability
convnext_tiny,sex_erased,1,internal_test,patient,sex_age,fpr,0.24672946101517534,4,max_image_outcome,max_calibrated_image_probability
convnext_tiny,sex_erased,1,internal_test,patient,sex_age,fnr,0.05882352941176472,4,max_image_outcome,max_calibrated_image_probability
convnext_tiny,sex_erased,1,internal_test,patient,sex_age,ppv,0.2474912616980494,4,max_image_outcome,max_calibrated_image_probability
convnext_tiny,sex_erased,1,external_full,patient,sex,auroc,0.035594098452238376,2,max_image_outcome,max_calibrated_image_probability
convnext_tiny,sex_erased,1,external_full,patient,sex,auprc,0.05976854024724032,2,max_image_outcome,max_calibrated_image_probability
convnext_tiny,sex_erased,1,external_full,patient,sex,brier,0.03739095034206116,2,max_image_outcome,max_calibrated_image_probability
convnext_tiny,sex_erased,1,external_full,patient,sex,ece,0.04741696979723023,2,max_image_outcome,max_calibrated_image_probability
convnext_tiny,sex_erased,1,external_full,patient,sex,sensitivity,0.04029304029304026,2,max_image_outcome,max_calibrated_image_probability
convnext_tiny,sex_erased,1,external_full,patient,sex,fpr,0.05039670878636504,2,max_image_outcome,max_calibrated_image_probability
convnext_tiny,sex_erased,1,external_full,patient,sex,fnr,0.04029304029304026,2,max_image_outcome,max_calibrated_image_probability
convnext_tiny,sex_erased,1,external_full,patient,sex,ppv,0.12173913043478257,2,max_image_outcome,max_calibrated_image_probability
convnext_tiny,sex_erased,1,external_full,patient,age_group,auroc,0.11210606511419385,3,max_image_outcome,max_calibrated_image_probability
convnext_tiny,sex_erased,1,external_full,patient,age_group,auprc,0.3329059187868745,3,max_image_outcome,max_calibrated_image_probability
convnext_tiny,sex_erased,1,external_full,patient,age_group,brier,0.05593634267452122,3,max_image_outcome,max_calibrated_image_probability
convnext_tiny,sex_erased,1,external_full,patient,age_group,ece,0.10142607345849722,3,max_image_outcome,max_calibrated_image_probability
convnext_tiny,sex_erased,1,external_full,patient,age_group,sensitivity,0.10099424385138678,3,max_image_outcome,max_calibrated_image_probability
convnext_tiny,sex_erased,1,external_full,patient,age_group,fpr,0.13369801683639682,3,max_image_outcome,max_calibrated_image_probability
convnext_tiny,sex_erased,1,external_full,patient,age_group,fnr,0.10099424385138678,3,max_image_outcome,max_calibrated_image_probability
convnext_tiny,sex_erased,1,external_full,patient,age_group,ppv,0.3292851816341749,3,max_image_outcome,max_calibrated_image_probability
convnext_tiny,sex_erased,1,external_full,patient,sex_age,auroc,0.15753007909870653,6,max_image_outcome,max_calibrated_image_probability
convnext_tiny,sex_erased,1,external_full,patient,sex_age,auprc,0.5178612363412118,6,max_image_outcome,max_calibrated_image_probability
convnext_tiny,sex_erased,1,external_full,patient,sex_age,brier,0.11543436787542528,6,max_image_outcome,max_calibrated_image_probability
convnext_tiny,sex_erased,1,external_full,patient,sex_age,ece,0.18774163619155027,6,max_image_outcome,max_calibrated_image_probability
convnext_tiny,sex_erased,1,external_full,patient,sex_age,sensitivity,0.2718855218855219,6,max_image_outcome,max_calibrated_image_probability
convnext_tiny,sex_erased,1,external_full,patient,sex_age,fpr,0.21007371007371012,6,max_image_outcome,max_calibrated_image_probability
convnext_tiny,sex_erased,1,external_full,patient,sex_age,fnr,0.27188552188552184,6,max_image_outcome,max_calibrated_image_probability
convnext_tiny,sex_erased,1,external_full,patient,sex_age,ppv,0.5377777777777778,6,max_image_outcome,max_calibrated_image_probability
convnext_tiny,age_erased,1,internal_test,patient,sex,auroc,0.00036855224287635213,2,max_image_outcome,max_calibrated_image_probability
convnext_tiny,age_erased,1,internal_test,patient,sex,auprc,0.10881334684424082,2,max_image_outcome,max_calibrated_image_probability
convnext_tiny,age_erased,1,internal_test,patient,sex,brier,0.02199272563224239,2,max_image_outcome,max_calibrated_image_probability
convnext_tiny,age_erased,1,internal_test,patient,sex,ece,0.002345758288799009,2,max_image_outcome,max_calibrated_image_probability
convnext_tiny,age_erased,1,internal_test,patient,sex,sensitivity,0.0267857142857143,2,max_image_outcome,max_calibrated_image_probability
convnext_tiny,age_erased,1,internal_test,patient,sex,fpr,0.041703712603628484,2,max_image_outcome,max_calibrated_image_probability
convnext_tiny,age_erased,1,internal_test,patient,sex,fnr,0.0267857142857143,2,max_image_outcome,max_calibrated_image_probability
convnext_tiny,age_erased,1,internal_test,patient,sex,ppv,0.13101021785232309,2,max_image_outcome,max_calibrated_image_probability
convnext_tiny,age_erased,1,internal_test,patient,age_group,auroc,0.10688591530935454,2,max_image_outcome,max_calibrated_image_probability
convnext_tiny,age_erased,1,internal_test,patient,age_group,auprc,0.29262694144571866,2,max_image_outcome,max_calibrated_image_probability
convnext_tiny,age_erased,1,internal_test,patient,age_group,brier,0.016389650677424705,2,max_image_outcome,max_calibrated_image_probability
convnext_tiny,age_erased,1,internal_test,patient,age_group,ece,0.005305287097054787,2,max_image_outcome,max_calibrated_image_probability
convnext_tiny,age_erased,1,internal_test,patient,age_group,sensitivity,0.025252525252525304,2,max_image_outcome,max_calibrated_image_probability
convnext_tiny,age_erased,1,internal_test,patient,age_group,fpr,0.18580895909113548,2,max_image_outcome,max_calibrated_image_probability
convnext_tiny,age_erased,1,internal_test,patient,age_group,fnr,0.025252525252525304,2,max_image_outcome,max_calibrated_image_probability
convnext_tiny,age_erased,1,internal_test,patient,age_group,ppv,0.08992042440318301,2,max_image_outcome,max_calibrated_image_probability
convnext_tiny,age_erased,1,internal_test,patient,sex_age,auroc,0.14440789473684212,4,max_image_outcome,max_calibrated_image_probability
convnext_tiny,age_erased,1,internal_test,patient,sex_age,auprc,0.3639560457371735,4,max_image_outcome,max_calibrated_image_probability
convnext_tiny,age_erased,1,internal_test,patient,sex_age,brier,0.04867174502679125,4,max_image_outcome,max_calibrated_image_probability
convnext_tiny,age_erased,1,internal_test,patient,sex_age,ece,0.03762485546522586,4,max_image_outcome,max_calibrated_image_probability
convnext_tiny,age_erased,1,internal_test,patient,sex_age,sensitivity,0.05882352941176472,4,max_image_outcome,max_calibrated_image_probability
convnext_tiny,age_erased,1,internal_test,patient,sex_age,fpr,0.24672946101517534,4,max_image_outcome,max_calibrated_image_probability
convnext_tiny,age_erased,1,internal_test,patient,sex_age,fnr,0.05882352941176472,4,max_image_outcome,max_calibrated_image_probability
convnext_tiny,age_erased,1,internal_test,patient,sex_age,ppv,0.2474912616980494,4,max_image_outcome,max_calibrated_image_probability
convnext_tiny,age_erased,1,external_full,patient,sex,auroc,0.03470503339185382,2,max_image_outcome,max_calibrated_image_probability
convnext_tiny,age_erased,1,external_full,patient,sex,auprc,0.06074347099538957,2,max_image_outcome,max_calibrated_image_probability
convnext_tiny,age_erased,1,external_full,patient,sex,brier,0.037388786601207036,2,max_image_outcome,max_calibrated_image_probability
convnext_tiny,age_erased,1,external_full,patient,sex,ece,0.04752193906243851,2,max_image_outcome,max_calibrated_image_probability
convnext_tiny,age_erased,1,external_full,patient,sex,sensitivity,0.04578754578754585,2,max_image_outcome,max_calibrated_image_probability
convnext_tiny,age_erased,1,external_full,patient,sex,fpr,0.05496987951807231,2,max_image_outcome,max_calibrated_image_probability
convnext_tiny,age_erased,1,external_full,patient,sex,fnr,0.04578754578754585,2,max_image_outcome,max_calibrated_image_probability
convnext_tiny,age_erased,1,external_full,patient,sex,ppv,0.12564102564102564,2,max_image_outcome,max_calibrated_image_probability
convnext_tiny,age_erased,1,external_full,patient,age_group,auroc,0.11131908071107499,3,max_image_outcome,max_calibrated_image_probability
convnext_tiny,age_erased,1,external_full,patient,age_group,auprc,0.33311395726133064,3,max_image_outcome,max_calibrated_image_probability
convnext_tiny,age_erased,1,external_full,patient,age_group,brier,0.055865924336696265,3,max_image_outcome,max_calibrated_image_probability
convnext_tiny,age_erased,1,external_full,patient,age_group,ece,0.10163020767799794,3,max_image_outcome,max_calibrated_image_probability
convnext_tiny,age_erased,1,external_full,patient,age_group,sensitivity,0.09244723530437815,3,max_image_outcome,max_calibrated_image_probability
convnext_tiny,age_erased,1,external_full,patient,age_group,fpr,0.14104423495286433,3,max_image_outcome,max_calibrated_image_probability
convnext_tiny,age_erased,1,external_full,patient,age_group,fnr,0.09244723530437815,3,max_image_outcome,max_calibrated_image_probability
convnext_tiny,age_erased,1,external_full,patient,age_group,ppv,0.33020886398369836,3,max_image_outcome,max_calibrated_image_probability
convnext_tiny,age_erased,1,external_full,patient,sex_age,auroc,0.15669591159787222,6,max_image_outcome,max_calibrated_image_probability
convnext_tiny,age_erased,1,external_full,patient,sex_age,auprc,0.5183042393418174,6,max_image_outcome,max_calibrated_image_probability
convnext_tiny,age_erased,1,external_full,patient,sex_age,brier,0.11513718371980455,6,max_image_outcome,max_calibrated_image_probability
convnext_tiny,age_erased,1,external_full,patient,sex_age,ece,0.18740047707900181,6,max_image_outcome,max_calibrated_image_probability
convnext_tiny,age_erased,1,external_full,patient,sex_age,sensitivity,0.2718855218855219,6,max_image_outcome,max_calibrated_image_probability
convnext_tiny,age_erased,1,external_full,patient,sex_age,fpr,0.21924651924651917,6,max_image_outcome,max_calibrated_image_probability
convnext_tiny,age_erased,1,external_full,patient,sex_age,fnr,0.27188552188552184,6,max_image_outcome,max_calibrated_image_probability
convnext_tiny,age_erased,1,external_full,patient,sex_age,ppv,0.5323320817688778,6,max_image_outcome,max_calibrated_image_probability
convnext_tiny,joint_erased,1,internal_test,patient,sex,auroc,9.28770723316319e-05,2,max_image_outcome,max_calibrated_image_probability
convnext_tiny,joint_erased,1,internal_test,patient,sex,auprc,0.10703760975244292,2,max_image_outcome,max_calibrated_image_probability
convnext_tiny,joint_erased,1,internal_test,patient,sex,brier,0.022062736061434968,2,max_image_outcome,max_calibrated_image_probability
convnext_tiny,joint_erased,1,internal_test,patient,sex,ece,0.0024639367606284976,2,max_image_outcome,max_calibrated_image_probability
convnext_tiny,joint_erased,1,internal_test,patient,sex,sensitivity,0.0267857142857143,2,max_image_outcome,max_calibrated_image_probability
convnext_tiny,joint_erased,1,internal_test,patient,sex,fpr,0.043445872882374115,2,max_image_outcome,max_calibrated_image_probability
convnext_tiny,joint_erased,1,internal_test,patient,sex,fnr,0.0267857142857143,2,max_image_outcome,max_calibrated_image_probability
convnext_tiny,joint_erased,1,internal_test,patient,sex,ppv,0.13199767711962834,2,max_image_outcome,max_calibrated_image_probability
convnext_tiny,joint_erased,1,internal_test,patient,age_group,auroc,0.10756350187811659,2,max_image_outcome,max_calibrated_image_probability
convnext_tiny,joint_erased,1,internal_test,patient,age_group,auprc,0.29174623648188747,2,max_image_outcome,max_calibrated_image_probability
convnext_tiny,joint_erased,1,internal_test,patient,age_group,brier,0.016340628526672715,2,max_image_outcome,max_calibrated_image_probability
convnext_tiny,joint_erased,1,internal_test,patient,age_group,ece,0.0010216150035469683,2,max_image_outcome,max_calibrated_image_probability
convnext_tiny,joint_erased,1,internal_test,patient,age_group,sensitivity,0.025252525252525304,2,max_image_outcome,max_calibrated_image_probability
convnext_tiny,joint_erased,1,internal_test,patient,age_group,fpr,0.18276944541332396,2,max_image_outcome,max_calibrated_image_probability
convnext_tiny,joint_erased,1,internal_test,patient,age_group,fnr,0.025252525252525304,2,max_image_outcome,max_calibrated_image_probability
convnext_tiny,joint_erased,1,internal_test,patient,age_group,ppv,0.08840885142255003,2,max_image_outcome,max_calibrated_image_probability
convnext_tiny,joint_erased,1,internal_test,patient,sex_age,auroc,0.1441102756892232,4,max_image_outcome,max_calibrated_image_probability
convnext_tiny,joint_erased,1,internal_test,patient,sex_age,auprc,0.3625632557435492,4,max_image_outcome,max_calibrated_image_probability
convnext_tiny,joint_erased,1,internal_test,patient,sex_age,brier,0.048803685109637444,4,max_image_outcome,max_calibrated_image_probability
convnext_tiny,joint_erased,1,internal_test,patient,sex_age,ece,0.037715893067195264,4,max_image_outcome,max_calibrated_image_probability
convnext_tiny,joint_erased,1,internal_test,patient,sex_age,sensitivity,0.05882352941176472,4,max_image_outcome,max_calibrated_image_probability
convnext_tiny,joint_erased,1,internal_test,patient,sex_age,fpr,0.24672946101517534,4,max_image_outcome,max_calibrated_image_probability
convnext_tiny,joint_erased,1,internal_test,patient,sex_age,fnr,0.05882352941176472,4,max_image_outcome,max_calibrated_image_probability
convnext_tiny,joint_erased,1,internal_test,patient,sex_age,ppv,0.2474912616980494,4,max_image_outcome,max_calibrated_image_probability
convnext_tiny,joint_erased,1,external_full,patient,sex,auroc,0.03547992111392051,2,max_image_outcome,max_calibrated_image_probability
convnext_tiny,joint_erased,1,external_full,patient,sex,auprc,0.05986033498857257,2,max_image_outcome,max_calibrated_image_probability
convnext_tiny,joint_erased,1,external_full,patient,sex,brier,0.037362089076231675,2,max_image_outcome,max_calibrated_image_probability
convnext_tiny,joint_erased,1,external_full,patient,sex,ece,0.04747351420236881,2,max_image_outcome,max_calibrated_image_probability
convnext_tiny,joint_erased,1,external_full,patient,sex,sensitivity,0.04029304029304026,2,max_image_outcome,max_calibrated_image_probability
convnext_tiny,joint_erased,1,external_full,patient,sex,fpr,0.048909050837496304,2,max_image_outcome,max_calibrated_image_probability
convnext_tiny,joint_erased,1,external_full,patient,sex,fnr,0.04029304029304026,2,max_image_outcome,max_calibrated_image_probability
convnext_tiny,joint_erased,1,external_full,patient,sex,ppv,0.11840411840411846,2,max_image_outcome,max_calibrated_image_probability
convnext_tiny,joint_erased,1,external_full,patient,age_group,auroc,0.11208155740777881,3,max_image_outcome,max_calibrated_image_probability
convnext_tiny,joint_erased,1,external_full,patient,age_group,auprc,0.33306629754205175,3,max_image_outcome,max_calibrated_image_probability
convnext_tiny,joint_erased,1,external_full,patient,age_group,brier,0.055835787037792683,3,max_image_outcome,max_calibrated_image_probability
convnext_tiny,joint_erased,1,external_full,patient,age_group,ece,0.10149847294246908,3,max_image_outcome,max_calibrated_image_probability
convnext_tiny,joint_erased,1,external_full,patient,age_group,sensitivity,0.10099424385138678,3,max_image_outcome,max_calibrated_image_probability
convnext_tiny,joint_erased,1,external_full,patient,age_group,fpr,0.13115994577040702,3,max_image_outcome,max_calibrated_image_probability
convnext_tiny,joint_erased,1,external_full,patient,age_group,fnr,0.10099424385138678,3,max_image_outcome,max_calibrated_image_probability
convnext_tiny,joint_erased,1,external_full,patient,age_group,ppv,0.32507936507936513,3,max_image_outcome,max_calibrated_image_probability
convnext_tiny,joint_erased,1,external_full,patient,sex_age,auroc,0.1554397534789692,6,max_image_outcome,max_calibrated_image_probability
convnext_tiny,joint_erased,1,external_full,patient,sex_age,auprc,0.5174931609255422,6,max_image_outcome,max_calibrated_image_probability
convnext_tiny,joint_erased,1,external_full,patient,sex_age,brier,0.11521064634557626,6,max_image_outcome,max_calibrated_image_probability
convnext_tiny,joint_erased,1,external_full,patient,sex_age,ece,0.18746888479211532,6,max_image_outcome,max_calibrated_image_probability
convnext_tiny,joint_erased,1,external_full,patient,sex_age,sensitivity,0.2718855218855219,6,max_image_outcome,max_calibrated_image_probability
convnext_tiny,joint_erased,1,external_full,patient,sex_age,fpr,0.2010647010647011,6,max_image_outcome,max_calibrated_image_probability
convnext_tiny,joint_erased,1,external_full,patient,sex_age,fnr,0.27188552188552184,6,max_image_outcome,max_calibrated_image_probability
convnext_tiny,joint_erased,1,external_full,patient,sex_age,ppv,0.5228758169934641,6,max_image_outcome,max_calibrated_image_probability
convnext_tiny,baseline,2,internal_test,patient,sex,auroc,0.054000049406988326,2,max_image_outcome,max_calibrated_image_probability
convnext_tiny,baseline,2,internal_test,patient,sex,auprc,0.10565874917025264,2,max_image_outcome,max_calibrated_image_probability
convnext_tiny,baseline,2,internal_test,patient,sex,brier,0.01305124972707547,2,max_image_outcome,max_calibrated_image_probability
convnext_tiny,baseline,2,internal_test,patient,sex,ece,0.0127195031119389,2,max_image_outcome,max_calibrated_image_probability
convnext_tiny,baseline,2,internal_test,patient,sex,sensitivity,0.13991359255566638,2,max_image_outcome,max_calibrated_image_probability
convnext_tiny,baseline,2,internal_test,patient,sex,fpr,0.0018830309426881575,2,max_image_outcome,max_calibrated_image_probability
convnext_tiny,baseline,2,internal_test,patient,sex,fnr,0.13991359255566638,2,max_image_outcome,max_calibrated_image_probability
convnext_tiny,baseline,2,internal_test,patient,sex,ppv,0.0911837795097707,2,max_image_outcome,max_calibrated_image_probability
convnext_tiny,baseline,2,internal_test,patient,age_group,auroc,0.09910136584365259,3,max_image_outcome,max_calibrated_image_probability
convnext_tiny,baseline,2,internal_test,patient,age_group,auprc,0.20047023345017212,3,max_image_outcome,max_calibrated_image_probability
convnext_tiny,baseline,2,internal_test,patient,age_group,brier,0.033107634071012026,3,max_image_outcome,max_calibrated_image_probability
convnext_tiny,baseline,2,internal_test,patient,age_group,ece,0.019119286928461245,3,max_image_outcome,max_calibrated_image_probability
convnext_tiny,baseline,2,internal_test,patient,age_group,sensitivity,0.1124401913875599,3,max_image_outcome,max_calibrated_image_probability
convnext_tiny,baseline,2,internal_test,patient,age_group,fpr,0.3090866728797763,3,max_image_outcome,max_calibrated_image_probability
convnext_tiny,baseline,2,internal_test,patient,age_group,fnr,0.1124401913875599,3,max_image_outcome,max_calibrated_image_probability
convnext_tiny,baseline,2,internal_test,patient,age_group,ppv,0.022484632804917498,3,max_image_outcome,max_calibrated_image_probability
convnext_tiny,baseline,2,internal_test,patient,sex_age,auroc,0.2243727389427005,4,max_image_outcome,max_calibrated_image_probability
convnext_tiny,baseline,2,internal_test,patient,sex_age,auprc,0.4575304561111082,4,max_image_outcome,max_calibrated_image_probability
convnext_tiny,baseline,2,internal_test,patient,sex_age,brier,0.037863217359430885,4,max_image_outcome,max_calibrated_image_probability
convnext_tiny,baseline,2,internal_test,patient,sex_age,ece,0.03186075158779995,4,max_image_outcome,max_calibrated_image_probability
convnext_tiny,baseline,2,internal_test,patient,sex_age,sensitivity,0.2727272727272727,4,max_image_outcome,max_calibrated_image_probability
convnext_tiny,baseline,2,internal_test,patient,sex_age,fpr,0.1580931263858094,4,max_image_outcome,max_calibrated_image_probability
convnext_tiny,baseline,2,internal_test,patient,sex_age,fnr,0.2727272727272727,4,max_image_outcome,max_calibrated_image_probability
convnext_tiny,baseline,2,internal_test,patient,sex_age,ppv,0.10269865067466266,4,max_image_outcome,max_calibrated_image_probability
convnext_tiny,baseline,2,external_full,patient,sex,auroc,0.013533081221517973,2,max_image_outcome,max_calibrated_image_probability
convnext_tiny,baseline,2,external_full,patient,sex,auprc,0.023420539895864234,2,max_image_outcome,max_calibrated_image_probability
convnext_tiny,baseline,2,external_full,patient,sex,brier,0.03347309242222041,2,max_image_outcome,max_calibrated_image_probability
convnext_tiny,baseline,2,external_full,patient,sex,ece,0.03968428584488762,2,max_image_outcome,max_calibrated_image_probability
convnext_tiny,baseline,2,external_full,patient,sex,sensitivity,0.05250305250305254,2,max_image_outcome,max_calibrated_image_probability
convnext_tiny,baseline,2,external_full,patient,sex,fpr,0.03197546282691743,2,max_image_outcome,max_calibrated_image_probability
convnext_tiny,baseline,2,external_full,patient,sex,fnr,0.05250305250305254,2,max_image_outcome,max_calibrated_image_probability
convnext_tiny,baseline,2,external_full,patient,sex,ppv,0.07111422673988393,2,max_image_outcome,max_calibrated_image_probability
convnext_tiny,baseline,2,external_full,patient,age_group,auroc,0.058492476664026904,3,max_image_outcome,max_calibrated_image_probability
convnext_tiny,baseline,2,external_full,patient,age_group,auprc,0.2660916828298562,3,max_image_outcome,max_calibrated_image_probability
convnext_tiny,baseline,2,external_full,patient,age_group,brier,0.04112934611438375,3,max_image_outcome,max_calibrated_image_probability
convnext_tiny,baseline,2,external_full,patient,age_group,ece,0.09035140547469188,3,max_image_outcome,max_calibrated_image_probability
convnext_tiny,baseline,2,external_full,patient,age_group,sensitivity,0.07308564451421595,3,max_image_outcome,max_calibrated_image_probability
convnext_tiny,baseline,2,external_full,patient,age_group,fpr,0.07425040199262234,3,max_image_outcome,max_calibrated_image_probability
convnext_tiny,baseline,2,external_full,patient,age_group,fnr,0.07308564451421595,3,max_image_outcome,max_calibrated_image_probability
convnext_tiny,baseline,2,external_full,patient,age_group,ppv,0.20417082917082918,3,max_image_outcome,max_calibrated_image_probability
convnext_tiny,baseline,2,external_full,patient,sex_age,auroc,0.10209723984233798,6,max_image_outcome,max_calibrated_image_probability
convnext_tiny,baseline,2,external_full,patient,sex_age,auprc,0.35146016795567286,6,max_image_outcome,max_calibrated_image_probability
convnext_tiny,baseline,2,external_full,patient,sex_age,brier,0.09893025144974184,6,max_image_outcome,max_calibrated_image_probability
convnext_tiny,baseline,2,external_full,patient,sex_age,ece,0.15804877235146125,6,max_image_outcome,max_calibrated_image_probability
convnext_tiny,baseline,2,external_full,patient,sex_age,sensitivity,0.17613636363636365,6,max_image_outcome,max_calibrated_image_probability
convnext_tiny,baseline,2,external_full,patient,sex_age,fpr,0.1202293202293202,6,max_image_outcome,max_calibrated_image_probability
convnext_tiny,baseline,2,external_full,patient,sex_age,fnr,0.17613636363636365,6,max_image_outcome,max_calibrated_image_probability
convnext_tiny,baseline,2,external_full,patient,sex_age,ppv,0.3604826546003017,6,max_image_outcome,max_calibrated_image_probability
convnext_tiny,sex_erased,2,internal_test,patient,sex,auroc,0.05642078639189241,2,max_image_outcome,max_calibrated_image_probability
convnext_tiny,sex_erased,2,internal_test,patient,sex,auprc,0.11260117686730298,2,max_image_outcome,max_calibrated_image_probability
convnext_tiny,sex_erased,2,internal_test,patient,sex,brier,0.01298711924181294,2,max_image_outcome,max_calibrated_image_probability
convnext_tiny,sex_erased,2,internal_test,patient,sex,ece,0.012260187139569705,2,max_image_outcome,max_calibrated_image_probability
convnext_tiny,sex_erased,2,internal_test,patient,sex,sensitivity,0.13991359255566638,2,max_image_outcome,max_calibrated_image_probability
convnext_tiny,sex_erased,2,internal_test,patient,sex,fpr,0.007254024894875255,2,max_image_outcome,max_calibrated_image_probability
convnext_tiny,sex_erased,2,internal_test,patient,sex,fnr,0.13991359255566638,2,max_image_outcome,max_calibrated_image_probability
convnext_tiny,sex_erased,2,internal_test,patient,sex,ppv,0.09302486570305145,2,max_image_outcome,max_calibrated_image_probability
convnext_tiny,sex_erased,2,internal_test,patient,age_group,auroc,0.10251538041919162,3,max_image_outcome,max_calibrated_image_probability
convnext_tiny,sex_erased,2,internal_test,patient,age_group,auprc,0.20853310293589244,3,max_image_outcome,max_calibrated_image_probability
convnext_tiny,sex_erased,2,internal_test,patient,age_group,brier,0.033307874514750216,3,max_image_outcome,max_calibrated_image_probability
convnext_tiny,sex_erased,2,internal_test,patient,age_group,ece,0.023184280790469615,3,max_image_outcome,max_calibrated_image_probability
convnext_tiny,sex_erased,2,internal_test,patient,age_group,sensitivity,0.1124401913875599,3,max_image_outcome,max_calibrated_image_probability
convnext_tiny,sex_erased,2,internal_test,patient,age_group,fpr,0.3044423734078907,3,max_image_outcome,max_calibrated_image_probability
convnext_tiny,sex_erased,2,internal_test,patient,age_group,fnr,0.1124401913875599,3,max_image_outcome,max_calibrated_image_probability
convnext_tiny,sex_erased,2,internal_test,patient,age_group,ppv,0.022888459058671817,3,max_image_outcome,max_calibrated_image_probability
convnext_tiny,sex_erased,2,internal_test,patient,sex_age,auroc,0.22390243902439022,4,max_image_outcome,max_calibrated_image_probability
convnext_tiny,sex_erased,2,internal_test,patient,sex_age,auprc,0.46663952286993604,4,max_image_outcome,max_calibrated_image_probability
convnext_tiny,sex_erased,2,internal_test,patient,sex_age,brier,0.03850615876363261,4,max_image_outcome,max_calibrated_image_probability
convnext_tiny,sex_erased,2,internal_test,patient,sex_age,ece,0.027019163624037657,4,max_image_outcome,max_calibrated_image_probability
convnext_tiny,sex_erased,2,internal_test,patient,sex_age,sensitivity,0.2727272727272727,4,max_image_outcome,max_calibrated_image_probability
convnext_tiny,sex_erased,2,internal_test,patient,sex_age,fpr,0.1580931263858094,4,max_image_outcome,max_calibrated_image_probability
convnext_tiny,sex_erased,2,internal_test,patient,sex_age,fnr,0.2727272727272727,4,max_image_outcome,max_calibrated_image_probability
convnext_tiny,sex_erased,2,internal_test,patient,sex_age,ppv,0.10269865067466266,4,max_image_outcome,max_calibrated_image_probability
convnext_tiny,sex_erased,2,external_full,patient,sex,auroc,0.020742265048759534,2,max_image_outcome,max_calibrated_image_probability
convnext_tiny,sex_erased,2,external_full,patient,sex,auprc,0.014760775493037448,2,max_image_outcome,max_calibrated_image_probability
convnext_tiny,sex_erased,2,external_full,patient,sex,brier,0.034093474911390864,2,max_image_outcome,max_calibrated_image_probability
convnext_tiny,sex_erased,2,external_full,patient,sex,ece,0.03977071827989909,2,max_image_outcome,max_calibrated_image_probability
convnext_tiny,sex_erased,2,external_full,patient,sex,sensitivity,0.0494505494505495,2,max_image_outcome,max_calibrated_image_probability
convnext_tiny,sex_erased,2,external_full,patient,sex,fpr,0.03821995298266234,2,max_image_outcome,max_calibrated_image_probability
convnext_tiny,sex_erased,2,external_full,patient,sex,fnr,0.0494505494505495,2,max_image_outcome,max_calibrated_image_probability
convnext_tiny,sex_erased,2,external_full,patient,sex,ppv,0.07593903102885136,2,max_image_outcome,max_calibrated_image_probability
convnext_tiny,sex_erased,2,external_full,patient,age_group,auroc,0.060843406000670064,3,max_image_outcome,max_calibrated_image_probability
convnext_tiny,sex_erased,2,external_full,patient,age_group,auprc,0.2705835939817113,3,max_image_outcome,max_calibrated_image_probability
convnext_tiny,sex_erased,2,external_full,patient,age_group,brier,0.03910938565585456,3,max_image_outcome,max_calibrated_image_probability
convnext_tiny,sex_erased,2,external_full,patient,age_group,ece,0.0875015537800641,3,max_image_outcome,max_calibrated_image_probability
convnext_tiny,sex_erased,2,external_full,patient,age_group,sensitivity,0.0713413570556427,3,max_image_outcome,max_calibrated_image_probability
convnext_tiny,sex_erased,2,external_full,patient,age_group,fpr,0.07625248289560804,3,max_image_outcome,max_calibrated_image_probability
convnext_tiny,sex_erased,2,external_full,patient,age_group,fnr,0.0713413570556427,3,max_image_outcome,max_calibrated_image_probability
convnext_tiny,sex_erased,2,external_full,patient,age_group,ppv,0.2005323366179635,3,max_image_outcome,max_calibrated_image_probability
convnext_tiny,sex_erased,2,external_full,patient,sex_age,auroc,0.10905134189447929,6,max_image_outcome,max_calibrated_image_probability
convnext_tiny,sex_erased,2,external_full,patient,sex_age,auprc,0.3414318129577085,6,max_image_outcome,max_calibrated_image_probability
convnext_tiny,sex_erased,2,external_full,patient,sex_age,brier,0.10052888632037153,6,max_image_outcome,max_calibrated_image_probability
convnext_tiny,sex_erased,2,external_full,patient,sex_age,ece,0.15837007937557557,6,max_image_outcome,max_calibrated_image_probability
convnext_tiny,sex_erased,2,external_full,patient,sex_age,sensitivity,0.17613636363636365,6,max_image_outcome,max_calibrated_image_probability
convnext_tiny,sex_erased,2,external_full,patient,sex_age,fpr,0.12047502047502046,6,max_image_outcome,max_calibrated_image_probability
convnext_tiny,sex_erased,2,external_full,patient,sex_age,fnr,0.17613636363636365,6,max_image_outcome,max_calibrated_image_probability
convnext_tiny,sex_erased,2,external_full,patient,sex_age,ppv,0.3534621578099839,6,max_image_outcome,max_calibrated_image_probability
convnext_tiny,age_erased,2,internal_test,patient,sex,auroc,0.05498302799797816,2,max_image_outcome,max_calibrated_image_probability
convnext_tiny,age_erased,2,internal_test,patient,sex,auprc,0.11071547034430851,2,max_image_outcome,max_calibrated_image_probability
convnext_tiny,age_erased,2,internal_test,patient,sex,brier,0.013044003443846285,2,max_image_outcome,max_calibrated_image_probability
convnext_tiny,age_erased,2,internal_test,patient,sex,ece,0.0128104089714293,2,max_image_outcome,max_calibrated_image_probability
convnext_tiny,age_erased,2,internal_test,patient,sex,sensitivity,0.13991359255566638,2,max_image_outcome,max_calibrated_image_probability
convnext_tiny,age_erased,2,internal_test,patient,sex,fpr,0.004462984369502876,2,max_image_outcome,max_calibrated_image_probability
convnext_tiny,age_erased,2,internal_test,patient,sex,fnr,0.13991359255566638,2,max_image_outcome,max_calibrated_image_probability
convnext_tiny,age_erased,2,internal_test,patient,sex,ppv,0.09300487047363593,2,max_image_outcome,max_calibrated_image_probability
convnext_tiny,age_erased,2,internal_test,patient,age_group,auroc,0.09972832509130136,3,max_image_outcome,max_calibrated_image_probability
convnext_tiny,age_erased,2,internal_test,patient,age_group,auprc,0.20185590569201362,3,max_image_outcome,max_calibrated_image_probability
convnext_tiny,age_erased,2,internal_test,patient,age_group,brier,0.03295487800094131,3,max_image_outcome,max_calibrated_image_probability
convnext_tiny,age_erased,2,internal_test,patient,age_group,ece,0.018502201337908544,3,max_image_outcome,max_calibrated_image_probability
convnext_tiny,age_erased,2,internal_test,patient,age_group,sensitivity,0.1124401913875599,3,max_image_outcome,max_calibrated_image_probability
convnext_tiny,age_erased,2,internal_test,patient,age_group,fpr,0.3114787200994097,3,max_image_outcome,max_calibrated_image_probability
convnext_tiny,age_erased,2,internal_test,patient,age_group,fnr,0.1124401913875599,3,max_image_outcome,max_calibrated_image_probability
convnext_tiny,age_erased,2,internal_test,patient,age_group,ppv,0.020788530465949834,3,max_image_outcome,max_calibrated_image_probability
convnext_tiny,age_erased,2,internal_test,patient,sex_age,auroc,0.22421436073554168,4,max_image_outcome,max_calibrated_image_probability
convnext_tiny,age_erased,2,internal_test,patient,sex_age,auprc,0.4651146665154006,4,max_image_outcome,max_calibrated_image_probability
convnext_tiny,age_erased,2,internal_test,patient,sex_age,brier,0.03786559571568162,4,max_image_outcome,max_calibrated_image_probability
convnext_tiny,age_erased,2,internal_test,patient,sex_age,ece,0.03742237673787167,4,max_image_outcome,max_calibrated_image_probability
convnext_tiny,age_erased,2,internal_test,patient,sex_age,sensitivity,0.2727272727272727,4,max_image_outcome,max_calibrated_image_probability
convnext_tiny,age_erased,2,internal_test,patient,sex_age,fpr,0.16021539436173582,4,max_image_outcome,max_calibrated_image_probability
convnext_tiny,age_erased,2,internal_test,patient,sex_age,fnr,0.2727272727272727,4,max_image_outcome,max_calibrated_image_probability
convnext_tiny,age_erased,2,internal_test,patient,sex_age,ppv,0.10507036822826295,4,max_image_outcome,max_calibrated_image_probability
convnext_tiny,age_erased,2,external_full,patient,sex,auroc,0.013803931440943051,2,max_image_outcome,max_calibrated_image_probability
convnext_tiny,age_erased,2,external_full,patient,sex,auprc,0.023794888547268744,2,max_image_outcome,max_calibrated_image_probability
convnext_tiny,age_erased,2,external_full,patient,sex,brier,0.03346711922930529,2,max_image_outcome,max_calibrated_image_probability
convnext_tiny,age_erased,2,external_full,patient,sex,ece,0.04009270606200421,2,max_image_outcome,max_calibrated_image_probability
convnext_tiny,age_erased,2,external_full,patient,sex,sensitivity,0.04700854700854695,2,max_image_outcome,max_calibrated_image_probability
convnext_tiny,age_erased,2,external_full,patient,sex,fpr,0.021378195709667924,2,max_image_outcome,max_calibrated_image_probability
convnext_tiny,age_erased,2,external_full,patient,sex,fnr,0.04700854700854695,2,max_image_outcome,max_calibrated_image_probability
convnext_tiny,age_erased,2,external_full,patient,sex,ppv,0.0628847502532533,2,max_image_outcome,max_calibrated_image_probability
convnext_tiny,age_erased,2,external_full,patient,age_group,auroc,0.05894138719270536,3,max_image_outcome,max_calibrated_image_probability
convnext_tiny,age_erased,2,external_full,patient,age_group,auprc,0.263353093703493,3,max_image_outcome,max_calibrated_image_probability
convnext_tiny,age_erased,2,external_full,patient,age_group,brier,0.04103940551706349,3,max_image_outcome,max_calibrated_image_probability
convnext_tiny,age_erased,2,external_full,patient,age_group,ece,0.09113112246543534,3,max_image_outcome,max_calibrated_image_probability
convnext_tiny,age_erased,2,external_full,patient,age_group,sensitivity,0.06628292342578057,3,max_image_outcome,max_calibrated_image_probability
convnext_tiny,age_erased,2,external_full,patient,age_group,fpr,0.06550115080240881,3,max_image_outcome,max_calibrated_image_probability
convnext_tiny,age_erased,2,external_full,patient,age_group,fnr,0.06628292342578057,3,max_image_outcome,max_calibrated_image_probability
convnext_tiny,age_erased,2,external_full,patient,age_group,ppv,0.1950910931174089,3,max_image_outcome,max_calibrated_image_probability
convnext_tiny,age_erased,2,external_full,patient,sex_age,auroc,0.10393352354136676,6,max_image_outcome,max_calibrated_image_probability
convnext_tiny,age_erased,2,external_full,patient,sex_age,auprc,0.34246224760726107,6,max_image_outcome,max_calibrated_image_probability
convnext_tiny,age_erased,2,external_full,patient,sex_age,brier,0.09918173851046234,6,max_image_outcome,max_calibrated_image_probability
convnext_tiny,age_erased,2,external_full,patient,sex_age,ece,0.15851819950581097,6,max_image_outcome,max_calibrated_image_probability
convnext_tiny,age_erased,2,external_full,patient,sex_age,sensitivity,0.17613636363636365,6,max_image_outcome,max_calibrated_image_probability
convnext_tiny,age_erased,2,external_full,patient,sex_age,fpr,0.10212940212940202,6,max_image_outcome,max_calibrated_image_probability
convnext_tiny,age_erased,2,external_full,patient,sex_age,fnr,0.17613636363636365,6,max_image_outcome,max_calibrated_image_probability
convnext_tiny,age_erased,2,external_full,patient,sex_age,ppv,0.34606060606060607,6,max_image_outcome,max_calibrated_image_probability
convnext_tiny,joint_erased,2,internal_test,patient,sex,auroc,0.05678416827719579,2,max_image_outcome,max_calibrated_image_probability
convnext_tiny,joint_erased,2,internal_test,patient,sex,auprc,0.1079161216025003,2,max_image_outcome,max_calibrated_image_probability
convnext_tiny,joint_erased,2,internal_test,patient,sex,brier,0.013067019644778848,2,max_image_outcome,max_calibrated_image_probability
convnext_tiny,joint_erased,2,internal_test,patient,sex,ece,0.011083386992188096,2,max_image_outcome,max_calibrated_image_probability
convnext_tiny,joint_erased,2,internal_test,patient,sex,sensitivity,0.13991359255566638,2,max_image_outcome,max_calibrated_image_probability
convnext_tiny,joint_erased,2,internal_test,patient,sex,fpr,0.010045065420247634,2,max_image_outcome,max_calibrated_image_probability
convnext_tiny,joint_erased,2,internal_test,patient,sex,fnr,0.13991359255566638,2,max_image_outcome,max_calibrated_image_probability
convnext_tiny,joint_erased,2,internal_test,patient,sex,ppv,0.09302894082816127,2,max_image_outcome,max_calibrated_image_probability
convnext_tiny,joint_erased,2,internal_test,patient,age_group,auroc,0.10342943587045239,3,max_image_outcome,max_calibrated_image_probability
convnext_tiny,joint_erased,2,internal_test,patient,age_group,auprc,0.20535727944037196,3,max_image_outcome,max_calibrated_image_probability
convnext_tiny,joint_erased,2,internal_test,patient,age_group,brier,0.03348644799232846,3,max_image_outcome,max_calibrated_image_probability
convnext_tiny,joint_erased,2,internal_test,patient,age_group,ece,0.02363605490362127,3,max_image_outcome,max_calibrated_image_probability
convnext_tiny,joint_erased,2,internal_test,patient,age_group,sensitivity,0.1124401913875599,3,max_image_outcome,max_calibrated_image_probability
convnext_tiny,joint_erased,2,internal_test,patient,age_group,fpr,0.3044423734078907,3,max_image_outcome,max_calibrated_image_probability
convnext_tiny,joint_erased,2,internal_test,patient,age_group,fnr,0.1124401913875599,3,max_image_outcome,max_calibrated_image_probability
convnext_tiny,joint_erased,2,internal_test,patient,age_group,ppv,0.01860029439314867,3,max_image_outcome,max_calibrated_image_probability
convnext_tiny,joint_erased,2,internal_test,patient,sex_age,auroc,0.2253790240568161,4,max_image_outcome,max_calibrated_image_probability
convnext_tiny,joint_erased,2,internal_test,patient,sex_age,auprc,0.45645319578867705,4,max_image_outcome,max_calibrated_image_probability
convnext_tiny,joint_erased,2,internal_test,patient,sex_age,brier,0.038627081970997,4,max_image_outcome,max_calibrated_image_probability
convnext_tiny,joint_erased,2,internal_test,patient,sex_age,ece,0.027396321612648246,4,max_image_outcome,max_calibrated_image_probability
convnext_tiny,joint_erased,2,internal_test,patient,sex_age,sensitivity,0.2727272727272727,4,max_image_outcome,max_calibrated_image_probability
convnext_tiny,joint_erased,2,internal_test,patient,sex_age,fpr,0.15248653785239152,4,max_image_outcome,max_calibrated_image_probability
convnext_tiny,joint_erased,2,internal_test,patient,sex_age,fnr,0.2727272727272727,4,max_image_outcome,max_calibrated_image_probability
convnext_tiny,joint_erased,2,internal_test,patient,sex_age,ppv,0.0999541914796152,4,max_image_outcome,max_calibrated_image_probability
convnext_tiny,joint_erased,2,external_full,patient,sex,auroc,0.01975350925725594,2,max_image_outcome,max_calibrated_image_probability
convnext_tiny,joint_erased,2,external_full,patient,sex,auprc,0.01677398679761244,2,max_image_outcome,max_calibrated_image_probability
convnext_tiny,joint_erased,2,external_full,patient,sex,brier,0.034254455074015144,2,max_image_outcome,max_calibrated_image_probability
convnext_tiny,joint_erased,2,external_full,patient,sex,ece,0.04011208083751969,2,max_image_outcome,max_calibrated_image_probability
convnext_tiny,joint_erased,2,external_full,patient,sex,sensitivity,0.07692307692307698,2,max_image_outcome,max_calibrated_image_probability
convnext_tiny,joint_erased,2,external_full,patient,sex,fpr,0.02163532177490457,2,max_image_outcome,max_calibrated_image_probability
convnext_tiny,joint_erased,2,external_full,patient,sex,fnr,0.07692307692307698,2,max_image_outcome,max_calibrated_image_probability
convnext_tiny,joint_erased,2,external_full,patient,sex,ppv,0.05176855591143298,2,max_image_outcome,max_calibrated_image_probability
convnext_tiny,joint_erased,2,external_full,patient,age_group,auroc,0.0604206811835305,3,max_image_outcome,max_calibrated_image_probability
convnext_tiny,joint_erased,2,external_full,patient,age_group,auprc,0.2722313327872238,3,max_image_outcome,max_calibrated_image_probability
convnext_tiny,joint_erased,2,external_full,patient,age_group,brier,0.03868748491025442,3,max_image_outcome,max_calibrated_image_probability
convnext_tiny,joint_erased,2,external_full,patient,age_group,ece,0.07735351783889736,3,max_image_outcome,max_calibrated_image_probability
convnext_tiny,joint_erased,2,external_full,patient,age_group,sensitivity,0.05930577359148781,3,max_image_outcome,max_calibrated_image_probability
convnext_tiny,joint_erased,2,external_full,patient,age_group,fpr,0.07625248289560804,3,max_image_outcome,max_calibrated_image_probability
convnext_tiny,joint_erased,2,external_full,patient,age_group,fnr,0.05930577359148781,3,max_image_outcome,max_calibrated_image_probability
convnext_tiny,joint_erased,2,external_full,patient,age_group,ppv,0.2049943883277217,3,max_image_outcome,max_calibrated_image_probability
convnext_tiny,joint_erased,2,external_full,patient,sex_age,auroc,0.10971756069795302,6,max_image_outcome,max_calibrated_image_probability
convnext_tiny,joint_erased,2,external_full,patient,sex_age,auprc,0.3492984828238181,6,max_image_outcome,max_calibrated_image_probability
convnext_tiny,joint_erased,2,external_full,patient,sex_age,brier,0.10045322362326317,6,max_image_outcome,max_calibrated_image_probability
convnext_tiny,joint_erased,2,external_full,patient,sex_age,ece,0.13846705024077566,6,max_image_outcome,max_calibrated_image_probability
convnext_tiny,joint_erased,2,external_full,patient,sex_age,sensitivity,0.17613636363636365,6,max_image_outcome,max_calibrated_image_probability
convnext_tiny,joint_erased,2,external_full,patient,sex_age,fpr,0.11146601146601143,6,max_image_outcome,max_calibrated_image_probability
convnext_tiny,joint_erased,2,external_full,patient,sex_age,fnr,0.17613636363636365,6,max_image_outcome,max_calibrated_image_probability
convnext_tiny,joint_erased,2,external_full,patient,sex_age,ppv,0.34497354497354504,6,max_image_outcome,max_calibrated_image_probability
convnext_tiny,baseline,3,internal_test,patient,sex,auroc,0.03309119146693662,2,max_image_outcome,max_calibrated_image_probability
convnext_tiny,baseline,3,internal_test,patient,sex,auprc,0.014062417952887318,2,max_image_outcome,max_calibrated_image_probability
convnext_tiny,baseline,3,internal_test,patient,sex,brier,0.01634013361962376,2,max_image_outcome,max_calibrated_image_probability
convnext_tiny,baseline,3,internal_test,patient,sex,ece,0.008866197507662437,2,max_image_outcome,max_calibrated_image_probability
convnext_tiny,baseline,3,internal_test,patient,sex,sensitivity,0.05750487329434695,2,max_image_outcome,max_calibrated_image_probability
convnext_tiny,baseline,3,internal_test,patient,sex,fpr,0.03020944748246246,2,max_image_outcome,max_calibrated_image_probability
convnext_tiny,baseline,3,internal_test,patient,sex,fnr,0.05750487329434695,2,max_image_outcome,max_calibrated_image_probability
convnext_tiny,baseline,3,internal_test,patient,sex,ppv,0.06924825330834686,2,max_image_outcome,max_calibrated_image_probability
convnext_tiny,baseline,3,internal_test,patient,age_group,auroc,0.08364799281652036,3,max_image_outcome,max_calibrated_image_probability
convnext_tiny,baseline,3,internal_test,patient,age_group,auprc,0.4806909453933436,3,max_image_outcome,max_calibrated_image_probability
convnext_tiny,baseline,3,internal_test,patient,age_group,brier,0.020955310973547057,3,max_image_outcome,max_calibrated_image_probability
convnext_tiny,baseline,3,internal_test,patient,age_group,ece,0.01933588319586109,3,max_image_outcome,max_calibrated_image_probability
convnext_tiny,baseline,3,internal_test,patient,age_group,sensitivity,0.125,3,max_image_outcome,max_calibrated_image_probability
convnext_tiny,baseline,3,internal_test,patient,age_group,fpr,0.273822799867529,3,max_image_outcome,max_calibrated_image_probability
convnext_tiny,baseline,3,internal_test,patient,age_group,fnr,0.125,3,max_image_outcome,max_calibrated_image_probability
convnext_tiny,baseline,3,internal_test,patient,age_group,ppv,0.04081460199425385,3,max_image_outcome,max_calibrated_image_probability
convnext_tiny,baseline,3,internal_test,patient,sex_age,auroc,0.09809437386569886,4,max_image_outcome,max_calibrated_image_probability
convnext_tiny,baseline,3,internal_test,patient,sex_age,auprc,0.3119136509531546,4,max_image_outcome,max_calibrated_image_probability
convnext_tiny,baseline,3,internal_test,patient,sex_age,brier,0.04219687758417508,4,max_image_outcome,max_calibrated_image_probability
convnext_tiny,baseline,3,internal_test,patient,sex_age,ece,0.023982188152612507,4,max_image_outcome,max_calibrated_image_probability
convnext_tiny,baseline,3,internal_test,patient,sex_age,sensitivity,0.10526315789473684,4,max_image_outcome,max_calibrated_image_probability
convnext_tiny,baseline,3,internal_test,patient,sex_age,fpr,0.15046466128637803,4,max_image_outcome,max_calibrated_image_probability
convnext_tiny,baseline,3,internal_test,patient,sex_age,fnr,0.10526315789473684,4,max_image_outcome,max_calibrated_image_probability
convnext_tiny,baseline,3,internal_test,patient,sex_age,ppv,0.12247474747474749,4,max_image_outcome,max_calibrated_image_probability
convnext_tiny,baseline,3,external_full,patient,sex,auroc,0.04180350455695736,2,max_image_outcome,max_calibrated_image_probability
convnext_tiny,baseline,3,external_full,patient,sex,auprc,0.02850761425643067,2,max_image_outcome,max_calibrated_image_probability
convnext_tiny,baseline,3,external_full,patient,sex,brier,0.03321850358378786,2,max_image_outcome,max_calibrated_image_probability
convnext_tiny,baseline,3,external_full,patient,sex,ece,0.0406978451574187,2,max_image_outcome,max_calibrated_image_probability
convnext_tiny,baseline,3,external_full,patient,sex,sensitivity,0.09584859584859584,2,max_image_outcome,max_calibrated_image_probability
convnext_tiny,baseline,3,external_full,patient,sex,fpr,0.03197546282691743,2,max_image_outcome,max_calibrated_image_probability
convnext_tiny,baseline,3,external_full,patient,sex,fnr,0.09584859584859584,2,max_image_outcome,max_calibrated_image_probability
convnext_tiny,baseline,3,external_full,patient,sex,ppv,0.05377028970618447,2,max_image_outcome,max_calibrated_image_probability
convnext_tiny,baseline,3,external_full,patient,age_group,auroc,0.0926071156778755,3,max_image_outcome,max_calibrated_image_probability
convnext_tiny,baseline,3,external_full,patient,age_group,auprc,0.2815985792051457,3,max_image_outcome,max_calibrated_image_probability
convnext_tiny,baseline,3,external_full,patient,age_group,brier,0.05620032991296017,3,max_image_outcome,max_calibrated_image_probability
convnext_tiny,baseline,3,external_full,patient,age_group,ece,0.10013115689327226,3,max_image_outcome,max_calibrated_image_probability
convnext_tiny,baseline,3,external_full,patient,age_group,sensitivity,0.09541252398395261,3,max_image_outcome,max_calibrated_image_probability
convnext_tiny,baseline,3,external_full,patient,age_group,fpr,0.07678847305861214,3,max_image_outcome,max_calibrated_image_probability
convnext_tiny,baseline,3,external_full,patient,age_group,fnr,0.09541252398395261,3,max_image_outcome,max_calibrated_image_probability
convnext_tiny,baseline,3,external_full,patient,age_group,ppv,0.217843137254902,3,max_image_outcome,max_calibrated_image_probability
convnext_tiny,baseline,3,external_full,patient,sex_age,auroc,0.14619289521250312,6,max_image_outcome,max_calibrated_image_probability
convnext_tiny,baseline,3,external_full,patient,sex_age,auprc,0.4056105231113775,6,max_image_outcome,max_calibrated_image_probability
convnext_tiny,baseline,3,external_full,patient,sex_age,brier,0.10791933841424885,6,max_image_outcome,max_calibrated_image_probability
convnext_tiny,baseline,3,external_full,patient,sex_age,ece,0.15377598026096365,6,max_image_outcome,max_calibrated_image_probability
convnext_tiny,baseline,3,external_full,patient,sex_age,sensitivity,0.2569444444444444,6,max_image_outcome,max_calibrated_image_probability
convnext_tiny,baseline,3,external_full,patient,sex_age,fpr,0.17436527436527427,6,max_image_outcome,max_calibrated_image_probability
convnext_tiny,baseline,3,external_full,patient,sex_age,fnr,0.2569444444444444,6,max_image_outcome,max_calibrated_image_probability
convnext_tiny,baseline,3,external_full,patient,sex_age,ppv,0.4051724137931034,6,max_image_outcome,max_calibrated_image_probability
convnext_tiny,sex_erased,3,internal_test,patient,sex,auroc,0.03319738236237002,2,max_image_outcome,max_calibrated_image_probability
convnext_tiny,sex_erased,3,internal_test,patient,sex,auprc,0.013295816597221233,2,max_image_outcome,max_calibrated_image_probability
convnext_tiny,sex_erased,3,internal_test,patient,sex,brier,0.016283603631576684,2,max_image_outcome,max_calibrated_image_probability
convnext_tiny,sex_erased,3,internal_test,patient,sex,ece,0.009520215031401763,2,max_image_outcome,max_calibrated_image_probability
convnext_tiny,sex_erased,3,internal_test,patient,sex,sensitivity,0.05750487329434695,2,max_image_outcome,max_calibrated_image_probability
convnext_tiny,sex_erased,3,internal_test,patient,sex,fpr,0.030606147341357692,2,max_image_outcome,max_calibrated_image_probability
convnext_tiny,sex_erased,3,internal_test,patient,sex,fnr,0.05750487329434695,2,max_image_outcome,max_calibrated_image_probability
convnext_tiny,sex_erased,3,internal_test,patient,sex,ppv,0.0691167574107683,2,max_image_outcome,max_calibrated_image_probability
convnext_tiny,sex_erased,3,internal_test,patient,age_group,auroc,0.0827774879423554,3,max_image_outcome,max_calibrated_image_probability
convnext_tiny,sex_erased,3,internal_test,patient,age_group,auprc,0.4786122298173938,3,max_image_outcome,max_calibrated_image_probability
convnext_tiny,sex_erased,3,internal_test,patient,age_group,brier,0.02087896545883178,3,max_image_outcome,max_calibrated_image_probability
convnext_tiny,sex_erased,3,internal_test,patient,age_group,ece,0.018900162720613366,3,max_image_outcome,max_calibrated_image_probability
convnext_tiny,sex_erased,3,internal_test,patient,age_group,sensitivity,0.125,3,max_image_outcome,max_calibrated_image_probability
convnext_tiny,sex_erased,3,internal_test,patient,age_group,fpr,0.27080165183127525,3,max_image_outcome,max_calibrated_image_probability
convnext_tiny,sex_erased,3,internal_test,patient,age_group,fnr,0.125,3,max_image_outcome,max_calibrated_image_probability
convnext_tiny,sex_erased,3,internal_test,patient,age_group,ppv,0.042264344262295084,3,max_image_outcome,max_calibrated_image_probability
convnext_tiny,sex_erased,3,internal_test,patient,sex_age,auroc,0.09654207051009778,4,max_image_outcome,max_calibrated_image_probability
convnext_tiny,sex_erased,3,internal_test,patient,sex_age,auprc,0.30713869427467944,4,max_image_outcome,max_calibrated_image_probability
convnext_tiny,sex_erased,3,internal_test,patient,sex_age,brier,0.04206942137351728,4,max_image_outcome,max_calibrated_image_probability
convnext_tiny,sex_erased,3,internal_test,patient,sex_age,ece,0.022908796220319903,4,max_image_outcome,max_calibrated_image_probability
convnext_tiny,sex_erased,3,internal_test,patient,sex_age,sensitivity,0.10526315789473684,4,max_image_outcome,max_calibrated_image_probability
convnext_tiny,sex_erased,3,internal_test,patient,sex_age,fpr,0.15553925165077043,4,max_image_outcome,max_calibrated_image_probability
convnext_tiny,sex_erased,3,internal_test,patient,sex_age,fnr,0.10526315789473684,4,max_image_outcome,max_calibrated_image_probability
convnext_tiny,sex_erased,3,internal_test,patient,sex_age,ppv,0.124973189390148,4,max_image_outcome,max_calibrated_image_probability
convnext_tiny,sex_erased,3,external_full,patient,sex,auroc,0.04344911361698012,2,max_image_outcome,max_calibrated_image_probability
convnext_tiny,sex_erased,3,external_full,patient,sex,auprc,0.02519200879015382,2,max_image_outcome,max_calibrated_image_probability
convnext_tiny,sex_erased,3,external_full,patient,sex,brier,0.03355934579015904,2,max_image_outcome,max_calibrated_image_probability
convnext_tiny,sex_erased,3,external_full,patient,sex,ece,0.04087118865181741,2,max_image_outcome,max_calibrated_image_probability
convnext_tiny,sex_erased,3,external_full,patient,sex,sensitivity,0.0927960927960928,2,max_image_outcome,max_calibrated_image_probability
convnext_tiny,sex_erased,3,external_full,patient,sex,fpr,0.03346312077578606,2,max_image_outcome,max_calibrated_image_probability
convnext_tiny,sex_erased,3,external_full,patient,sex,fnr,0.0927960927960928,2,max_image_outcome,max_calibrated_image_probability
convnext_tiny,sex_erased,3,external_full,patient,sex,ppv,0.057037189233614116,2,max_image_outcome,max_calibrated_image_probability
convnext_tiny,sex_erased,3,external_full,patient,age_group,auroc,0.09139908446274114,3,max_image_outcome,max_calibrated_image_probability
convnext_tiny,sex_erased,3,external_full,patient,age_group,auprc,0.2841119057433442,3,max_image_outcome,max_calibrated_image_probability
convnext_tiny,sex_erased,3,external_full,patient,age_group,brier,0.05538797732226736,3,max_image_outcome,max_calibrated_image_probability
convnext_tiny,sex_erased,3,external_full,patient,age_group,ece,0.0998566239897206,3,max_image_outcome,max_calibrated_image_probability
convnext_tiny,sex_erased,3,external_full,patient,age_group,sensitivity,0.06296877725449157,3,max_image_outcome,max_calibrated_image_probability
convnext_tiny,sex_erased,3,external_full,patient,age_group,fpr,0.09174890437304917,3,max_image_outcome,max_calibrated_image_probability
convnext_tiny,sex_erased,3,external_full,patient,age_group,fnr,0.06296877725449157,3,max_image_outcome,max_calibrated_image_probability
convnext_tiny,sex_erased,3,external_full,patient,age_group,ppv,0.22605117654622608,3,max_image_outcome,max_calibrated_image_probability
convnext_tiny,sex_erased,3,external_full,patient,sex_age,auroc,0.14689448807095873,6,max_image_outcome,max_calibrated_image_probability
convnext_tiny,sex_erased,3,external_full,patient,sex_age,auprc,0.4065669666048534,6,max_image_outcome,max_calibrated_image_probability
convnext_tiny,sex_erased,3,external_full,patient,sex_age,brier,0.10779910249905619,6,max_image_outcome,max_calibrated_image_probability
convnext_tiny,sex_erased,3,external_full,patient,sex_age,ece,0.15499739001582316,6,max_image_outcome,max_calibrated_image_probability
convnext_tiny,sex_erased,3,external_full,patient,sex_age,sensitivity,0.2569444444444444,6,max_image_outcome,max_calibrated_image_probability
convnext_tiny,sex_erased,3,external_full,patient,sex_age,fpr,0.20155610155610149,6,max_image_outcome,max_calibrated_image_probability
convnext_tiny,sex_erased,3,external_full,patient,sex_age,fnr,0.2569444444444444,6,max_image_outcome,max_calibrated_image_probability
convnext_tiny,sex_erased,3,external_full,patient,sex_age,ppv,0.42592592592592593,6,max_image_outcome,max_calibrated_image_probability
convnext_tiny,age_erased,3,internal_test,patient,sex,auroc,0.03329087753107829,2,max_image_outcome,max_calibrated_image_probability
convnext_tiny,age_erased,3,internal_test,patient,sex,auprc,0.013889278009213468,2,max_image_outcome,max_calibrated_image_probability
convnext_tiny,age_erased,3,internal_test,patient,sex,brier,0.01637212600989171,2,max_image_outcome,max_calibrated_image_probability
convnext_tiny,age_erased,3,internal_test,patient,sex,ece,0.008822831503055708,2,max_image_outcome,max_calibrated_image_probability
convnext_tiny,age_erased,3,internal_test,patient,sex,sensitivity,0.05750487329434695,2,max_image_outcome,max_calibrated_image_probability
convnext_tiny,age_erased,3,internal_test,patient,sex,fpr,0.029812747623567004,2,max_image_outcome,max_calibrated_image_probability
convnext_tiny,age_erased,3,internal_test,patient,sex,fnr,0.05750487329434695,2,max_image_outcome,max_calibrated_image_probability
convnext_tiny,age_erased,3,internal_test,patient,sex,ppv,0.06938001289218121,2,max_image_outcome,max_calibrated_image_probability
convnext_tiny,age_erased,3,internal_test,patient,age_group,auroc,0.08357419291840673,3,max_image_outcome,max_calibrated_image_probability
convnext_tiny,age_erased,3,internal_test,patient,age_group,auprc,0.4831550241512711,3,max_image_outcome,max_calibrated_image_probability
convnext_tiny,age_erased,3,internal_test,patient,age_group,brier,0.02094306560244345,3,max_image_outcome,max_calibrated_image_probability
convnext_tiny,age_erased,3,internal_test,patient,age_group,ece,0.019298656213893785,3,max_image_outcome,max_calibrated_image_probability
convnext_tiny,age_erased,3,internal_test,patient,age_group,sensitivity,0.125,3,max_image_outcome,max_calibrated_image_probability
convnext_tiny,age_erased,3,internal_test,patient,age_group,fpr,0.27684394790378286,3,max_image_outcome,max_calibrated_image_probability
convnext_tiny,age_erased,3,internal_test,patient,age_group,fnr,0.125,3,max_image_outcome,max_calibrated_image_probability
convnext_tiny,age_erased,3,internal_test,patient,age_group,ppv,0.0415357173192899,3,max_image_outcome,max_calibrated_image_probability
convnext_tiny,age_erased,3,internal_test,patient,sex_age,auroc,0.09941563372848872,4,max_image_outcome,max_calibrated_image_probability
convnext_tiny,age_erased,3,internal_test,patient,sex_age,auprc,0.31318125742232894,4,max_image_outcome,max_calibrated_image_probability
convnext_tiny,age_erased,3,internal_test,patient,sex_age,brier,0.04225501853686733,4,max_image_outcome,max_calibrated_image_probability
convnext_tiny,age_erased,3,internal_test,patient,sex_age,ece,0.024094993540331164,4,max_image_outcome,max_calibrated_image_probability
convnext_tiny,age_erased,3,internal_test,patient,sex_age,sensitivity,0.10526315789473684,4,max_image_outcome,max_calibrated_image_probability
convnext_tiny,age_erased,3,internal_test,patient,sex_age,fpr,0.15046466128637803,4,max_image_outcome,max_calibrated_image_probability
convnext_tiny,age_erased,3,internal_test,patient,sex_age,fnr,0.10526315789473684,4,max_image_outcome,max_calibrated_image_probability
convnext_tiny,age_erased,3,internal_test,patient,sex_age,ppv,0.12247474747474749,4,max_image_outcome,max_calibrated_image_probability
convnext_tiny,age_erased,3,external_full,patient,sex,auroc,0.04145269768433146,2,max_image_outcome,max_calibrated_image_probability
convnext_tiny,age_erased,3,external_full,patient,sex,auprc,0.028556869038705912,2,max_image_outcome,max_calibrated_image_probability
convnext_tiny,age_erased,3,external_full,patient,sex,brier,0.03311470196499733,2,max_image_outcome,max_calibrated_image_probability
convnext_tiny,age_erased,3,external_full,patient,sex,ece,0.0406388641542024,2,max_image_outcome,max_calibrated_image_probability
convnext_tiny,age_erased,3,external_full,patient,sex,sensitivity,0.09584859584859584,2,max_image_outcome,max_calibrated_image_probability
convnext_tiny,age_erased,3,external_full,patient,sex,fpr,0.031938730531883563,2,max_image_outcome,max_calibrated_image_probability
convnext_tiny,age_erased,3,external_full,patient,sex,fnr,0.09584859584859584,2,max_image_outcome,max_calibrated_image_probability
convnext_tiny,age_erased,3,external_full,patient,sex,ppv,0.05415417915417914,2,max_image_outcome,max_calibrated_image_probability
convnext_tiny,age_erased,3,external_full,patient,age_group,auroc,0.09177001191118672,3,max_image_outcome,max_calibrated_image_probability
convnext_tiny,age_erased,3,external_full,patient,age_group,auprc,0.2800449971573724,3,max_image_outcome,max_calibrated_image_probability
convnext_tiny,age_erased,3,external_full,patient,age_group,brier,0.05633678487514396,3,max_image_outcome,max_calibrated_image_probability
convnext_tiny,age_erased,3,external_full,patient,age_group,ece,0.09993036320598879,3,max_image_outcome,max_calibrated_image_probability
convnext_tiny,age_erased,3,external_full,patient,age_group,sensitivity,0.09541252398395261,3,max_image_outcome,max_calibrated_image_probability
convnext_tiny,age_erased,3,external_full,patient,age_group,fpr,0.07678847305861214,3,max_image_outcome,max_calibrated_image_probability
convnext_tiny,age_erased,3,external_full,patient,age_group,fnr,0.09541252398395261,3,max_image_outcome,max_calibrated_image_probability
convnext_tiny,age_erased,3,external_full,patient,age_group,ppv,0.217843137254902,3,max_image_outcome,max_calibrated_image_probability
convnext_tiny,age_erased,3,external_full,patient,sex_age,auroc,0.14549241755124098,6,max_image_outcome,max_calibrated_image_probability
convnext_tiny,age_erased,3,external_full,patient,sex_age,auprc,0.4033403218904754,6,max_image_outcome,max_calibrated_image_probability
convnext_tiny,age_erased,3,external_full,patient,sex_age,brier,0.10811497947582521,6,max_image_outcome,max_calibrated_image_probability
convnext_tiny,age_erased,3,external_full,patient,sex_age,ece,0.15404421234548993,6,max_image_outcome,max_calibrated_image_probability
convnext_tiny,age_erased,3,external_full,patient,sex_age,sensitivity,0.2569444444444444,6,max_image_outcome,max_calibrated_image_probability
convnext_tiny,age_erased,3,external_full,patient,sex_age,fpr,0.17436527436527427,6,max_image_outcome,max_calibrated_image_probability
convnext_tiny,age_erased,3,external_full,patient,sex_age,fnr,0.2569444444444444,6,max_image_outcome,max_calibrated_image_probability
convnext_tiny,age_erased,3,external_full,patient,sex_age,ppv,0.4051724137931034,6,max_image_outcome,max_calibrated_image_probability
convnext_tiny,joint_erased,3,internal_test,patient,sex,auroc,0.0336434555794779,2,max_image_outcome,max_calibrated_image_probability
convnext_tiny,joint_erased,3,internal_test,patient,sex,auprc,0.014390670874605327,2,max_image_outcome,max_calibrated_image_probability
convnext_tiny,joint_erased,3,internal_test,patient,sex,brier,0.016191584163280436,2,max_image_outcome,max_calibrated_image_probability
convnext_tiny,joint_erased,3,internal_test,patient,sex,ece,0.009630654365442415,2,max_image_outcome,max_calibrated_image_probability
convnext_tiny,joint_erased,3,internal_test,patient,sex,sensitivity,0.05750487329434695,2,max_image_outcome,max_calibrated_image_probability
convnext_tiny,joint_erased,3,internal_test,patient,sex,fpr,0.03389021959094718,2,max_image_outcome,max_calibrated_image_probability
convnext_tiny,joint_erased,3,internal_test,patient,sex,fnr,0.05750487329434695,2,max_image_outcome,max_calibrated_image_probability
convnext_tiny,joint_erased,3,internal_test,patient,sex,ppv,0.07003031797152838,2,max_image_outcome,max_calibrated_image_probability
convnext_tiny,joint_erased,3,internal_test,patient,age_group,auroc,0.08298086398465754,3,max_image_outcome,max_calibrated_image_probability
convnext_tiny,joint_erased,3,internal_test,patient,age_group,auprc,0.48886675075175795,3,max_image_outcome,max_calibrated_image_probability
convnext_tiny,joint_erased,3,internal_test,patient,age_group,brier,0.020931598030777678,3,max_image_outcome,max_calibrated_image_probability
convnext_tiny,joint_erased,3,internal_test,patient,age_group,ece,0.018795652741146262,3,max_image_outcome,max_calibrated_image_probability
convnext_tiny,joint_erased,3,internal_test,patient,age_group,sensitivity,0.125,3,max_image_outcome,max_calibrated_image_probability
convnext_tiny,joint_erased,3,internal_test,patient,age_group,fpr,0.27460681143845844,3,max_image_outcome,max_calibrated_image_probability
convnext_tiny,joint_erased,3,internal_test,patient,age_group,fnr,0.125,3,max_image_outcome,max_calibrated_image_probability
convnext_tiny,joint_erased,3,internal_test,patient,age_group,ppv,0.04194078947368421,3,max_image_outcome,max_calibrated_image_probability
convnext_tiny,joint_erased,3,internal_test,patient,sex_age,auroc,0.09769149579745418,4,max_image_outcome,max_calibrated_image_probability
convnext_tiny,joint_erased,3,internal_test,patient,sex_age,auprc,0.31226608940207456,4,max_image_outcome,max_calibrated_image_probability
convnext_tiny,joint_erased,3,internal_test,patient,sex_age,brier,0.042087469898819715,4,max_image_outcome,max_calibrated_image_probability
convnext_tiny,joint_erased,3,internal_test,patient,sex_age,ece,0.022958016968094803,4,max_image_outcome,max_calibrated_image_probability
convnext_tiny,joint_erased,3,internal_test,patient,sex_age,sensitivity,0.10526315789473684,4,max_image_outcome,max_calibrated_image_probability
convnext_tiny,joint_erased,3,internal_test,patient,sex_age,fpr,0.15553925165077043,4,max_image_outcome,max_calibrated_image_probability
convnext_tiny,joint_erased,3,internal_test,patient,sex_age,fnr,0.10526315789473684,4,max_image_outcome,max_calibrated_image_probability
convnext_tiny,joint_erased,3,internal_test,patient,sex_age,ppv,0.124973189390148,4,max_image_outcome,max_calibrated_image_probability
convnext_tiny,joint_erased,3,external_full,patient,sex,auroc,0.04367181717130286,2,max_image_outcome,max_calibrated_image_probability
convnext_tiny,joint_erased,3,external_full,patient,sex,auprc,0.024633365297346943,2,max_image_outcome,max_calibrated_image_probability
convnext_tiny,joint_erased,3,external_full,patient,sex,brier,0.03363823108985972,2,max_image_outcome,max_calibrated_image_probability
convnext_tiny,joint_erased,3,external_full,patient,sex,ece,0.04098042931992635,2,max_image_outcome,max_calibrated_image_probability
convnext_tiny,joint_erased,3,external_full,patient,sex,sensitivity,0.09584859584859584,2,max_image_outcome,max_calibrated_image_probability
convnext_tiny,joint_erased,3,external_full,patient,sex,fpr,0.03651190126359094,2,max_image_outcome,max_calibrated_image_probability
convnext_tiny,joint_erased,3,external_full,patient,sex,fnr,0.09584859584859584,2,max_image_outcome,max_calibrated_image_probability
convnext_tiny,joint_erased,3,external_full,patient,sex,ppv,0.05815295815295812,2,max_image_outcome,max_calibrated_image_probability
convnext_tiny,joint_erased,3,external_full,patient,age_group,auroc,0.09220889856715153,3,max_image_outcome,max_calibrated_image_probability
convnext_tiny,joint_erased,3,external_full,patient,age_group,auprc,0.2852135914304147,3,max_image_outcome,max_calibrated_image_probability
convnext_tiny,joint_erased,3,external_full,patient,age_group,brier,0.055591409641641776,3,max_image_outcome,max_calibrated_image_probability
convnext_tiny,joint_erased,3,external_full,patient,age_group,ece,0.10016664734095579,3,max_image_outcome,max_calibrated_image_probability
convnext_tiny,joint_erased,3,external_full,patient,age_group,sensitivity,0.0800627943485086,3,max_image_outcome,max_calibrated_image_probability
convnext_tiny,joint_erased,3,external_full,patient,age_group,fpr,0.09796008449727278,3,max_image_outcome,max_calibrated_image_probability
convnext_tiny,joint_erased,3,external_full,patient,age_group,fnr,0.0800627943485086,3,max_image_outcome,max_calibrated_image_probability
convnext_tiny,joint_erased,3,external_full,patient,age_group,ppv,0.2298806803757299,3,max_image_outcome,max_calibrated_image_probability
convnext_tiny,joint_erased,3,external_full,patient,sex_age,auroc,0.1454935327484348,6,max_image_outcome,max_calibrated_image_probability
convnext_tiny,joint_erased,3,external_full,patient,sex_age,auprc,0.4035687065200512,6,max_image_outcome,max_calibrated_image_probability
convnext_tiny,joint_erased,3,external_full,patient,sex_age,brier,0.10830363364488942,6,max_image_outcome,max_calibrated_image_probability
convnext_tiny,joint_erased,3,external_full,patient,sex_age,ece,0.15531699291865017,6,max_image_outcome,max_calibrated_image_probability
convnext_tiny,joint_erased,3,external_full,patient,sex_age,sensitivity,0.2569444444444444,6,max_image_outcome,max_calibrated_image_probability
convnext_tiny,joint_erased,3,external_full,patient,sex_age,fpr,0.21064701064701064,6,max_image_outcome,max_calibrated_image_probability
convnext_tiny,joint_erased,3,external_full,patient,sex_age,fnr,0.2569444444444444,6,max_image_outcome,max_calibrated_image_probability
convnext_tiny,joint_erased,3,external_full,patient,sex_age,ppv,0.4303030303030303,6,max_image_outcome,max_calibrated_image_probability
convnext_tiny,baseline,4,internal_test,patient,sex,auroc,0.022506657439042677,2,max_image_outcome,max_calibrated_image_probability
convnext_tiny,baseline,4,internal_test,patient,sex,auprc,0.11834467821296069,2,max_image_outcome,max_calibrated_image_probability
convnext_tiny,baseline,4,internal_test,patient,sex,brier,0.01796110545525747,2,max_image_outcome,max_calibrated_image_probability
convnext_tiny,baseline,4,internal_test,patient,sex,ece,0.008371687489095359,2,max_image_outcome,max_calibrated_image_probability
convnext_tiny,baseline,4,internal_test,patient,sex,sensitivity,0.006354515050167264,2,max_image_outcome,max_calibrated_image_probability
convnext_tiny,baseline,4,internal_test,patient,sex,fpr,0.011320382973736276,2,max_image_outcome,max_calibrated_image_probability
convnext_tiny,baseline,4,internal_test,patient,sex,fnr,0.006354515050167264,2,max_image_outcome,max_calibrated_image_probability
convnext_tiny,baseline,4,internal_test,patient,sex,ppv,0.09848176254343749,2,max_image_outcome,max_calibrated_image_probability
convnext_tiny,baseline,4,internal_test,patient,age_group,auroc,0.0584118947868153,3,max_image_outcome,max_calibrated_image_probability
convnext_tiny,baseline,4,internal_test,patient,age_group,auprc,0.321366646864087,3,max_image_outcome,max_calibrated_image_probability
convnext_tiny,baseline,4,internal_test,patient,age_group,brier,0.02613107419622192,3,max_image_outcome,max_calibrated_image_probability
convnext_tiny,baseline,4,internal_test,patient,age_group,ece,0.0059108315306494776,3,max_image_outcome,max_calibrated_image_probability
convnext_tiny,baseline,4,internal_test,patient,age_group,sensitivity,0.0,3,max_image_outcome,max_calibrated_image_probability
convnext_tiny,baseline,4,internal_test,patient,age_group,fpr,0.31700551664290577,3,max_image_outcome,max_calibrated_image_probability
convnext_tiny,baseline,4,internal_test,patient,age_group,fnr,0.0,3,max_image_outcome,max_calibrated_image_probability
convnext_tiny,baseline,4,internal_test,patient,age_group,ppv,0.04433434959349593,3,max_image_outcome,max_calibrated_image_probability
convnext_tiny,baseline,4,internal_test,patient,sex_age,auroc,0.0833042651022673,4,max_image_outcome,max_calibrated_image_probability
convnext_tiny,baseline,4,internal_test,patient,sex_age,auprc,0.3813556402616508,4,max_image_outcome,max_calibrated_image_probability
convnext_tiny,baseline,4,internal_test,patient,sex_age,brier,0.031311830220991294,4,max_image_outcome,max_calibrated_image_probability
convnext_tiny,baseline,4,internal_test,patient,sex_age,ece,0.009753588055518826,4,max_image_outcome,max_calibrated_image_probability
convnext_tiny,baseline,4,internal_test,patient,sex_age,sensitivity,0.0,4,max_image_outcome,max_calibrated_image_probability
convnext_tiny,baseline,4,internal_test,patient,sex_age,fpr,0.2634305317324185,4,max_image_outcome,max_calibrated_image_probability
convnext_tiny,baseline,4,internal_test,patient,sex_age,fnr,0.0,4,max_image_outcome,max_calibrated_image_probability
convnext_tiny,baseline,4,internal_test,patient,sex_age,ppv,0.18866886688668869,4,max_image_outcome,max_calibrated_image_probability
convnext_tiny,baseline,4,external_full,patient,sex,auroc,0.000406028653163526,2,max_image_outcome,max_calibrated_image_probability
convnext_tiny,baseline,4,external_full,patient,sex,auprc,0.06912033353432434,2,max_image_outcome,max_calibrated_image_probability
convnext_tiny,baseline,4,external_full,patient,sex,brier,0.034849891868557664,2,max_image_outcome,max_calibrated_image_probability
convnext_tiny,baseline,4,external_full,patient,sex,ece,0.04624504510649677,2,max_image_outcome,max_calibrated_image_probability
convnext_tiny,baseline,4,external_full,patient,sex,sensitivity,0.08974358974358976,2,max_image_outcome,max_calibrated_image_probability
convnext_tiny,baseline,4,external_full,patient,sex,fpr,0.04617249485747865,2,max_image_outcome,max_calibrated_image_probability
convnext_tiny,baseline,4,external_full,patient,sex,fnr,0.08974358974358976,2,max_image_outcome,max_calibrated_image_probability
convnext_tiny,baseline,4,external_full,patient,sex,ppv,0.06653401698936251,2,max_image_outcome,max_calibrated_image_probability
convnext_tiny,baseline,4,external_full,patient,age_group,auroc,0.08219098718719431,3,max_image_outcome,max_calibrated_image_probability
convnext_tiny,baseline,4,external_full,patient,age_group,auprc,0.30463355175343404,3,max_image_outcome,max_calibrated_image_probability
convnext_tiny,baseline,4,external_full,patient,age_group,brier,0.04548791113823314,3,max_image_outcome,max_calibrated_image_probability
convnext_tiny,baseline,4,external_full,patient,age_group,ece,0.08956777514320538,3,max_image_outcome,max_calibrated_image_probability
convnext_tiny,baseline,4,external_full,patient,age_group,sensitivity,0.07422969187675066,3,max_image_outcome,max_calibrated_image_probability
convnext_tiny,baseline,4,external_full,patient,age_group,fpr,0.14707959245435287,3,max_image_outcome,max_calibrated_image_probability
convnext_tiny,baseline,4,external_full,patient,age_group,fnr,0.07422969187675066,3,max_image_outcome,max_calibrated_image_probability
convnext_tiny,baseline,4,external_full,patient,age_group,ppv,0.2368421052631579,3,max_image_outcome,max_calibrated_image_probability
convnext_tiny,baseline,4,external_full,patient,sex_age,auroc,0.1291487565997369,6,max_image_outcome,max_calibrated_image_probability
convnext_tiny,baseline,4,external_full,patient,sex_age,auprc,0.4737607865488937,6,max_image_outcome,max_calibrated_image_probability
convnext_tiny,baseline,4,external_full,patient,sex_age,brier,0.098918211525432,6,max_image_outcome,max_calibrated_image_probability
convnext_tiny,baseline,4,external_full,patient,sex_age,ece,0.1551326685938682,6,max_image_outcome,max_calibrated_image_probability
convnext_tiny,baseline,4,external_full,patient,sex_age,sensitivity,0.1581133919843598,6,max_image_outcome,max_calibrated_image_probability
convnext_tiny,baseline,4,external_full,patient,sex_age,fpr,0.21978609625668455,6,max_image_outcome,max_calibrated_image_probability
convnext_tiny,baseline,4,external_full,patient,sex_age,fnr,0.1581133919843598,6,max_image_outcome,max_calibrated_image_probability
convnext_tiny,baseline,4,external_full,patient,sex_age,ppv,0.3584415584415584,6,max_image_outcome,max_calibrated_image_probability
convnext_tiny,sex_erased,4,internal_test,patient,sex,auroc,0.02699998152119676,2,max_image_outcome,max_calibrated_image_probability
convnext_tiny,sex_erased,4,internal_test,patient,sex,auprc,0.12977442235118808,2,max_image_outcome,max_calibrated_image_probability
convnext_tiny,sex_erased,4,internal_test,patient,sex,brier,0.015927585209648994,2,max_image_outcome,max_calibrated_image_probability
convnext_tiny,sex_erased,4,internal_test,patient,sex,ece,0.009432850476186468,2,max_image_outcome,max_calibrated_image_probability
convnext_tiny,sex_erased,4,internal_test,patient,sex,sensitivity,0.02809364548494986,2,max_image_outcome,max_calibrated_image_probability
convnext_tiny,sex_erased,4,internal_test,patient,sex,fpr,0.005095446199731235,2,max_image_outcome,max_calibrated_image_probability
convnext_tiny,sex_erased,4,internal_test,patient,sex,fnr,0.02809364548494986,2,max_image_outcome,max_calibrated_image_probability
convnext_tiny,sex_erased,4,internal_test,patient,sex,ppv,0.10401214043344076,2,max_image_outcome,max_calibrated_image_probability
convnext_tiny,sex_erased,4,internal_test,patient,age_group,auroc,0.06799320385345631,3,max_image_outcome,max_calibrated_image_probability
convnext_tiny,sex_erased,4,internal_test,patient,age_group,auprc,0.2872955621689087,3,max_image_outcome,max_calibrated_image_probability
convnext_tiny,sex_erased,4,internal_test,patient,age_group,brier,0.027001122830824845,3,max_image_outcome,max_calibrated_image_probability
convnext_tiny,sex_erased,4,internal_test,patient,age_group,ece,0.015175909823186274,3,max_image_outcome,max_calibrated_image_probability
convnext_tiny,sex_erased,4,internal_test,patient,age_group,sensitivity,0.0,3,max_image_outcome,max_calibrated_image_probability
convnext_tiny,sex_erased,4,internal_test,patient,age_group,fpr,0.296953449451435,3,max_image_outcome,max_calibrated_image_probability
convnext_tiny,sex_erased,4,internal_test,patient,age_group,fnr,0.0,3,max_image_outcome,max_calibrated_image_probability
convnext_tiny,sex_erased,4,internal_test,patient,age_group,ppv,0.037500000000000006,3,max_image_outcome,max_calibrated_image_probability
convnext_tiny,sex_erased,4,internal_test,patient,sex_age,auroc,0.09572616925558108,4,max_image_outcome,max_calibrated_image_probability
convnext_tiny,sex_erased,4,internal_test,patient,sex_age,auprc,0.40927954729766247,4,max_image_outcome,max_calibrated_image_probability
convnext_tiny,sex_erased,4,internal_test,patient,sex_age,brier,0.029756706308112557,4,max_image_outcome,max_calibrated_image_probability
convnext_tiny,sex_erased,4,internal_test,patient,sex_age,ece,0.019691762110961356,4,max_image_outcome,max_calibrated_image_probability
convnext_tiny,sex_erased,4,internal_test,patient,sex_age,sensitivity,0.0,4,max_image_outcome,max_calibrated_image_probability
convnext_tiny,sex_erased,4,internal_test,patient,sex_age,fpr,0.2596912521440823,4,max_image_outcome,max_calibrated_image_probability
convnext_tiny,sex_erased,4,internal_test,patient,sex_age,fnr,0.0,4,max_image_outcome,max_calibrated_image_probability
convnext_tiny,sex_erased,4,internal_test,patient,sex_age,ppv,0.18203309692671396,4,max_image_outcome,max_calibrated_image_probability
convnext_tiny,sex_erased,4,external_full,patient,sex,auroc,0.0001342702176523325,2,max_image_outcome,max_calibrated_image_probability
convnext_tiny,sex_erased,4,external_full,patient,sex,auprc,0.04716605073229008,2,max_image_outcome,max_calibrated_image_probability
convnext_tiny,sex_erased,4,external_full,patient,sex,brier,0.03597908991690785,2,max_image_outcome,max_calibrated_image_probability
convnext_tiny,sex_erased,4,external_full,patient,sex,ece,0.04402946436183197,2,max_image_outcome,max_calibrated_image_probability
convnext_tiny,sex_erased,4,external_full,patient,sex,sensitivity,0.0030525030525030417,2,max_image_outcome,max_calibrated_image_probability
convnext_tiny,sex_erased,4,external_full,patient,sex,fpr,0.013205260064648838,2,max_image_outcome,max_calibrated_image_probability
convnext_tiny,sex_erased,4,external_full,patient,sex,fnr,0.0030525030525030417,2,max_image_outcome,max_calibrated_image_probability
convnext_tiny,sex_erased,4,external_full,patient,sex,ppv,0.07394978871488939,2,max_image_outcome,max_calibrated_image_probability
convnext_tiny,sex_erased,4,external_full,patient,age_group,auroc,0.08415769750848923,3,max_image_outcome,max_calibrated_image_probability
convnext_tiny,sex_erased,4,external_full,patient,age_group,auprc,0.34531003244694913,3,max_image_outcome,max_calibrated_image_probability
convnext_tiny,sex_erased,4,external_full,patient,age_group,brier,0.03880118082013395,3,max_image_outcome,max_calibrated_image_probability
convnext_tiny,sex_erased,4,external_full,patient,age_group,ece,0.09075356791131314,3,max_image_outcome,max_calibrated_image_probability
convnext_tiny,sex_erased,4,external_full,patient,age_group,sensitivity,0.08083233293317327,3,max_image_outcome,max_calibrated_image_probability
convnext_tiny,sex_erased,4,external_full,patient,age_group,fpr,0.10481186320992641,3,max_image_outcome,max_calibrated_image_probability
convnext_tiny,sex_erased,4,external_full,patient,age_group,fnr,0.08083233293317327,3,max_image_outcome,max_calibrated_image_probability
convnext_tiny,sex_erased,4,external_full,patient,age_group,ppv,0.2654096622747237,3,max_image_outcome,max_calibrated_image_probability
convnext_tiny,sex_erased,4,external_full,patient,sex_age,auroc,0.11796283806087726,6,max_image_outcome,max_calibrated_image_probability
convnext_tiny,sex_erased,4,external_full,patient,sex_age,auprc,0.44729733690604045,6,max_image_outcome,max_calibrated_image_probability
convnext_tiny,sex_erased,4,external_full,patient,sex_age,brier,0.1018756154207575,6,max_image_outcome,max_calibrated_image_probability
convnext_tiny,sex_erased,4,external_full,patient,sex_age,ece,0.15157509669896566,6,max_image_outcome,max_calibrated_image_probability
convnext_tiny,sex_erased,4,external_full,patient,sex_age,sensitivity,0.19444444444444442,6,max_image_outcome,max_calibrated_image_probability
convnext_tiny,sex_erased,4,external_full,patient,sex_age,fpr,0.13848377770639253,6,max_image_outcome,max_calibrated_image_probability
convnext_tiny,sex_erased,4,external_full,patient,sex_age,fnr,0.19444444444444442,6,max_image_outcome,max_calibrated_image_probability
convnext_tiny,sex_erased,4,external_full,patient,sex_age,ppv,0.3900226757369614,6,max_image_outcome,max_calibrated_image_probability
convnext_tiny,age_erased,4,internal_test,patient,sex,auroc,0.02254247155237088,2,max_image_outcome,max_calibrated_image_probability
convnext_tiny,age_erased,4,internal_test,patient,sex,auprc,0.1154303615083686,2,max_image_outcome,max_calibrated_image_probability
convnext_tiny,age_erased,4,internal_test,patient,sex,brier,0.01798417928072624,2,max_image_outcome,max_calibrated_image_probability
convnext_tiny,age_erased,4,internal_test,patient,sex,ece,0.008356394646719369,2,max_image_outcome,max_calibrated_image_probability
convnext_tiny,age_erased,4,internal_test,patient,sex,sensitivity,0.006354515050167264,2,max_image_outcome,max_calibrated_image_probability
convnext_tiny,age_erased,4,internal_test,patient,sex,fpr,0.010323374000655638,2,max_image_outcome,max_calibrated_image_probability
convnext_tiny,age_erased,4,internal_test,patient,sex,fnr,0.006354515050167264,2,max_image_outcome,max_calibrated_image_probability
convnext_tiny,age_erased,4,internal_test,patient,sex,ppv,0.09833645688491224,2,max_image_outcome,max_calibrated_image_probability
convnext_tiny,age_erased,4,internal_test,patient,age_group,auroc,0.05994887919140901,3,max_image_outcome,max_calibrated_image_probability
convnext_tiny,age_erased,4,internal_test,patient,age_group,auprc,0.32392978440458986,3,max_image_outcome,max_calibrated_image_probability
convnext_tiny,age_erased,4,internal_test,patient,age_group,brier,0.0261217940332369,3,max_image_outcome,max_calibrated_image_probability
convnext_tiny,age_erased,4,internal_test,patient,age_group,ece,0.0015718772579034757,3,max_image_outcome,max_calibrated_image_probability
convnext_tiny,age_erased,4,internal_test,patient,age_group,sensitivity,0.0,3,max_image_outcome,max_calibrated_image_probability
convnext_tiny,age_erased,4,internal_test,patient,age_group,fpr,0.31700551664290577,3,max_image_outcome,max_calibrated_image_probability
convnext_tiny,age_erased,4,internal_test,patient,age_group,fnr,0.0,3,max_image_outcome,max_calibrated_image_probability
convnext_tiny,age_erased,4,internal_test,patient,age_group,ppv,0.04433434959349593,3,max_image_outcome,max_calibrated_image_probability
convnext_tiny,age_erased,4,internal_test,patient,sex_age,auroc,0.0833042651022673,4,max_image_outcome,max_calibrated_image_probability
convnext_tiny,age_erased,4,internal_test,patient,sex_age,auprc,0.38464611339072385,4,max_image_outcome,max_calibrated_image_probability
convnext_tiny,age_erased,4,internal_test,patient,sex_age,brier,0.031493447164277315,4,max_image_outcome,max_calibrated_image_probability
convnext_tiny,age_erased,4,internal_test,patient,sex_age,ece,0.007201058530342086,4,max_image_outcome,max_calibrated_image_probability
convnext_tiny,age_erased,4,internal_test,patient,sex_age,sensitivity,0.0,4,max_image_outcome,max_calibrated_image_probability
convnext_tiny,age_erased,4,internal_test,patient,sex_age,fpr,0.2634305317324185,4,max_image_outcome,max_calibrated_image_probability
convnext_tiny,age_erased,4,internal_test,patient,sex_age,fnr,0.0,4,max_image_outcome,max_calibrated_image_probability
convnext_tiny,age_erased,4,internal_test,patient,sex_age,ppv,0.18866886688668869,4,max_image_outcome,max_calibrated_image_probability
convnext_tiny,age_erased,4,external_full,patient,sex,auroc,0.000356749521089994,2,max_image_outcome,max_calibrated_image_probability
convnext_tiny,age_erased,4,external_full,patient,sex,auprc,0.06849898931031873,2,max_image_outcome,max_calibrated_image_probability
convnext_tiny,age_erased,4,external_full,patient,sex,brier,0.03490895327866489,2,max_image_outcome,max_calibrated_image_probability
convnext_tiny,age_erased,4,external_full,patient,sex,ece,0.046281554276909026,2,max_image_outcome,max_calibrated_image_probability
convnext_tiny,age_erased,4,external_full,patient,sex,sensitivity,0.08424908424908428,2,max_image_outcome,max_calibrated_image_probability
convnext_tiny,age_erased,4,external_full,patient,sex,fpr,0.04609903026741102,2,max_image_outcome,max_calibrated_image_probability
convnext_tiny,age_erased,4,external_full,patient,sex,fnr,0.08424908424908428,2,max_image_outcome,max_calibrated_image_probability
convnext_tiny,age_erased,4,external_full,patient,sex,ppv,0.06902071563088513,2,max_image_outcome,max_calibrated_image_probability
convnext_tiny,age_erased,4,external_full,patient,age_group,auroc,0.08158390259657144,3,max_image_outcome,max_calibrated_image_probability
convnext_tiny,age_erased,4,external_full,patient,age_group,auprc,0.30431068105869796,3,max_image_outcome,max_calibrated_image_probability
convnext_tiny,age_erased,4,external_full,patient,age_group,brier,0.04569204155522258,3,max_image_outcome,max_calibrated_image_probability
convnext_tiny,age_erased,4,external_full,patient,age_group,ece,0.08964526239427616,3,max_image_outcome,max_calibrated_image_probability
convnext_tiny,age_erased,4,external_full,patient,age_group,sensitivity,0.06742697078831528,3,max_image_outcome,max_calibrated_image_probability
convnext_tiny,age_erased,4,external_full,patient,age_group,fpr,0.1479805782387994,3,max_image_outcome,max_calibrated_image_probability
convnext_tiny,age_erased,4,external_full,patient,age_group,fnr,0.06742697078831528,3,max_image_outcome,max_calibrated_image_probability
convnext_tiny,age_erased,4,external_full,patient,age_group,ppv,0.24766461608566875,3,max_image_outcome,max_calibrated_image_probability
convnext_tiny,age_erased,4,external_full,patient,sex_age,auroc,0.12789259848083379,6,max_image_outcome,max_calibrated_image_probability
convnext_tiny,age_erased,4,external_full,patient,sex_age,auprc,0.47427942118732574,6,max_image_outcome,max_calibrated_image_probability
convnext_tiny,age_erased,4,external_full,patient,sex_age,brier,0.09946321139136491,6,max_image_outcome,max_calibrated_image_probability
convnext_tiny,age_erased,4,external_full,patient,sex_age,ece,0.16016096994143794,6,max_image_outcome,max_calibrated_image_probability
convnext_tiny,age_erased,4,external_full,patient,sex_age,sensitivity,0.15340909090909094,6,max_image_outcome,max_calibrated_image_probability
convnext_tiny,age_erased,4,external_full,patient,sex_age,fpr,0.21978609625668455,6,max_image_outcome,max_calibrated_image_probability
convnext_tiny,age_erased,4,external_full,patient,sex_age,fnr,0.15340909090909094,6,max_image_outcome,max_calibrated_image_probability
convnext_tiny,age_erased,4,external_full,patient,sex_age,ppv,0.37333333333333335,6,max_image_outcome,max_calibrated_image_probability
convnext_tiny,joint_erased,4,internal_test,patient,sex,auroc,0.027577648337286265,2,max_image_outcome,max_calibrated_image_probability
convnext_tiny,joint_erased,4,internal_test,patient,sex,auprc,0.12940866020103492,2,max_image_outcome,max_calibrated_image_probability
convnext_tiny,joint_erased,4,internal_test,patient,sex,brier,0.016165683545763913,2,max_image_outcome,max_calibrated_image_probability
convnext_tiny,joint_erased,4,internal_test,patient,sex,ece,0.00938934436828885,2,max_image_outcome,max_calibrated_image_probability
convnext_tiny,joint_erased,4,internal_test,patient,sex,sensitivity,0.04347826086956519,2,max_image_outcome,max_calibrated_image_probability
convnext_tiny,joint_erased,4,internal_test,patient,sex,fpr,0.006799023712508068,2,max_image_outcome,max_calibrated_image_probability
convnext_tiny,joint_erased,4,internal_test,patient,sex,fnr,0.04347826086956519,2,max_image_outcome,max_calibrated_image_probability
convnext_tiny,joint_erased,4,internal_test,patient,sex,ppv,0.1069619929408154,2,max_image_outcome,max_calibrated_image_probability
convnext_tiny,joint_erased,4,internal_test,patient,age_group,auroc,0.06910404844466789,3,max_image_outcome,max_calibrated_image_probability
convnext_tiny,joint_erased,4,internal_test,patient,age_group,auprc,0.2908371962447618,3,max_image_outcome,max_calibrated_image_probability
convnext_tiny,joint_erased,4,internal_test,patient,age_group,brier,0.02735021331418788,3,max_image_outcome,max_calibrated_image_probability
convnext_tiny,joint_erased,4,internal_test,patient,age_group,ece,0.01549379994572293,3,max_image_outcome,max_calibrated_image_probability
convnext_tiny,joint_erased,4,internal_test,patient,age_group,sensitivity,0.0,3,max_image_outcome,max_calibrated_image_probability
convnext_tiny,joint_erased,4,internal_test,patient,age_group,fpr,0.296953449451435,3,max_image_outcome,max_calibrated_image_probability
convnext_tiny,joint_erased,4,internal_test,patient,age_group,fnr,0.0,3,max_image_outcome,max_calibrated_image_probability
convnext_tiny,joint_erased,4,internal_test,patient,age_group,ppv,0.03830757449178501,3,max_image_outcome,max_calibrated_image_probability
convnext_tiny,joint_erased,4,internal_test,patient,sex_age,auroc,0.09717256599609547,4,max_image_outcome,max_calibrated_image_probability
convnext_tiny,joint_erased,4,internal_test,patient,sex_age,auprc,0.4158604576312487,4,max_image_outcome,max_calibrated_image_probability
convnext_tiny,joint_erased,4,internal_test,patient,sex_age,brier,0.029910086124688352,4,max_image_outcome,max_calibrated_image_probability
convnext_tiny,joint_erased,4,internal_test,patient,sex_age,ece,0.02044812857637058,4,max_image_outcome,max_calibrated_image_probability
convnext_tiny,joint_erased,4,internal_test,patient,sex_age,sensitivity,0.0,4,max_image_outcome,max_calibrated_image_probability
convnext_tiny,joint_erased,4,internal_test,patient,sex_age,fpr,0.26332761578044594,4,max_image_outcome,max_calibrated_image_probability
convnext_tiny,joint_erased,4,internal_test,patient,sex_age,fnr,0.0,4,max_image_outcome,max_calibrated_image_probability
convnext_tiny,joint_erased,4,internal_test,patient,sex_age,ppv,0.18253968253968256,4,max_image_outcome,max_calibrated_image_probability
convnext_tiny,joint_erased,4,external_full,patient,sex,auroc,0.0015443822103387017,2,max_image_outcome,max_calibrated_image_probability
convnext_tiny,joint_erased,4,external_full,patient,sex,auprc,0.04743478190540262,2,max_image_outcome,max_calibrated_image_probability
convnext_tiny,joint_erased,4,external_full,patient,sex,brier,0.036142538463729584,2,max_image_outcome,max_calibrated_image_probability
convnext_tiny,joint_erased,4,external_full,patient,sex,ece,0.04410559442452727,2,max_image_outcome,max_calibrated_image_probability
convnext_tiny,joint_erased,4,external_full,patient,sex,sensitivity,0.0024420024420024333,2,max_image_outcome,max_calibrated_image_probability
convnext_tiny,joint_erased,4,external_full,patient,sex,fpr,0.008632089332941462,2,max_image_outcome,max_calibrated_image_probability
convnext_tiny,joint_erased,4,external_full,patient,sex,fnr,0.0024420024420024333,2,max_image_outcome,max_calibrated_image_probability
convnext_tiny,joint_erased,4,external_full,patient,sex,ppv,0.07074733814401779,2,max_image_outcome,max_calibrated_image_probability
convnext_tiny,joint_erased,4,external_full,patient,age_group,auroc,0.08355061291786625,3,max_image_outcome,max_calibrated_image_probability
convnext_tiny,joint_erased,4,external_full,patient,age_group,auprc,0.34400194740961826,3,max_image_outcome,max_calibrated_image_probability
convnext_tiny,joint_erased,4,external_full,patient,age_group,brier,0.03914071847328621,3,max_image_outcome,max_calibrated_image_probability
convnext_tiny,joint_erased,4,external_full,patient,age_group,ece,0.08989226736606079,3,max_image_outcome,max_calibrated_image_probability
convnext_tiny,joint_erased,4,external_full,patient,age_group,sensitivity,0.08686551543694399,3,max_image_outcome,max_calibrated_image_probability
convnext_tiny,joint_erased,4,external_full,patient,age_group,fpr,0.10324105431540109,3,max_image_outcome,max_calibrated_image_probability
convnext_tiny,joint_erased,4,external_full,patient,age_group,fnr,0.08686551543694399,3,max_image_outcome,max_calibrated_image_probability
convnext_tiny,joint_erased,4,external_full,patient,age_group,ppv,0.26098310291858684,3,max_image_outcome,max_calibrated_image_probability
convnext_tiny,joint_erased,4,external_full,patient,sex_age,auroc,0.1184003968317694,6,max_image_outcome,max_calibrated_image_probability
convnext_tiny,joint_erased,4,external_full,patient,sex_age,auprc,0.4476975410117352,6,max_image_outcome,max_calibrated_image_probability
convnext_tiny,joint_erased,4,external_full,patient,sex_age,brier,0.10293101897319533,6,max_image_outcome,max_calibrated_image_probability
convnext_tiny,joint_erased,4,external_full,patient,sex_age,ece,0.15253187213378713,6,max_image_outcome,max_calibrated_image_probability
convnext_tiny,joint_erased,4,external_full,patient,sex_age,sensitivity,0.19444444444444442,6,max_image_outcome,max_calibrated_image_probability
convnext_tiny,joint_erased,4,external_full,patient,sex_age,fpr,0.13570184604667368,6,max_image_outcome,max_calibrated_image_probability
convnext_tiny,joint_erased,4,external_full,patient,sex_age,fnr,0.19444444444444442,6,max_image_outcome,max_calibrated_image_probability
convnext_tiny,joint_erased,4,external_full,patient,sex_age,ppv,0.3849206349206349,6,max_image_outcome,max_calibrated_image_probability
