backbone,control_index,best_C,n_images,n_events,prevalence,auroc,auprc,brier,ece,calibration_intercept,calibration_slope,threshold,sensitivity,specificity,ppv,fpr,fnr,sex_age_sensitivity_gap,sex_age_ece_gap,analysis_unit,fairness_analysis_unit,patient_outcome_aggregation,patient_score_aggregation
vits16,0,0.1,4884.0,862.0,0.17649467649467648,0.790725257026032,0.5686082603788875,0.11327435601503826,0.06613256679051151,0.10299332152338489,0.6215440465784359,0.017197157182733593,0.8758700696055685,0.4246643460964694,0.24600847181492344,0.5753356539035306,0.12412993039443154,0.11363636363636365,0.1375986441907417,patient,patient,max_image_outcome,max_calibrated_image_probability
vits16,1,0.01,4884.0,862.0,0.17649467649467648,0.8143837086280677,0.6189544726101336,0.11824157465278565,0.10487796780143674,1.0486813201923082,0.784880506876787,0.017361553775562834,0.8225058004640371,0.5984584783689707,0.3050774526678141,0.4015415216310293,0.1774941995359629,0.2087542087542088,0.06562047256272464,patient,patient,max_image_outcome,max_calibrated_image_probability
vits16,2,0.01,4884.0,862.0,0.17649467649467648,0.8143961114104444,0.6185846605866165,0.11809922997555161,0.10450487488730449,1.039354126479863,0.7827717145698935,0.017381962297162996,0.8225058004640371,0.6021879661859771,0.30705933304460803,0.39781203381402286,0.1774941995359629,0.16329966329966328,0.06520387764912743,patient,patient,max_image_outcome,max_calibrated_image_probability
vits16,3,0.01,4884.0,862.0,0.17649467649467648,0.8134933042281374,0.6169725811605604,0.11751183168984819,0.10279520986139862,0.9951759013078441,0.7792158916391619,0.01693966250366068,0.8329466357308585,0.578070611636002,0.29730848861283643,0.42192938836399796,0.16705336426914152,0.14057239057239057,0.0642277100600003,patient,patient,max_image_outcome,max_calibrated_image_probability
vits16,4,0.01,4884.0,862.0,0.17649467649467648,0.8146193614932258,0.61861805860202,0.11781453406192281,0.10373514258436028,1.0272787581260023,0.7838526504573713,0.017025769271528587,0.8329466357308585,0.5900049726504226,0.3033375580904098,0.4099950273495774,0.16705336426914152,0.16329966329966328,0.06860715138607576,patient,patient,max_image_outcome,max_calibrated_image_probability
vits16,5,0.01,4884.0,862.0,0.17649467649467648,0.8132374607870172,0.6166515815301423,0.11824500713182806,0.10446587716900646,1.0214558907391629,0.776743506970087,0.01702377111537606,0.8248259860788864,0.5962207856787668,0.30449678800856533,0.4037792143212332,0.17517401392111365,0.16329966329966328,0.06945987990492783,patient,patient,max_image_outcome,max_calibrated_image_probability
vits16,6,0.1,4884.0,862.0,0.17649467649467648,0.7895599723562172,0.5691678548383783,0.11386531762261384,0.07019366177217407,0.15365820969940033,0.6275709077972607,0.01666040619349482,0.87122969837587,0.4259075087021382,0.24542483660130718,0.5740924912978618,0.12877030162412995,0.11363636363636365,0.15057944802583811,patient,patient,max_image_outcome,max_calibrated_image_probability
vits16,7,0.01,4884.0,862.0,0.17649467649467648,0.8152245018984909,0.6191609912295818,0.11757192959278864,0.10334210584226425,1.0179676274072726,0.7825616831662409,0.016450325996546094,0.8410672853828306,0.5778219791148682,0.2992158481221626,0.4221780208851318,0.1589327146171694,0.16329966329966328,0.06605929792367164,patient,patient,max_image_outcome,max_calibrated_image_probability
vits16,8,0.1,4884.0,862.0,0.17649467649467648,0.7906646852981456,0.5700088034393237,0.11383221552227395,0.07120784652829817,0.15930584035226053,0.6216062102006983,0.016223146199235945,0.8723897911832946,0.4316260566882148,0.24753127057274524,0.5683739433117851,0.12761020881670537,0.13636363636363635,0.12425617842652335,patient,patient,max_image_outcome,max_calibrated_image_probability
vits16,9,0.01,4884.0,862.0,0.17649467649467648,0.8140710431374539,0.6180123464337144,0.11821596127992137,0.10466713877345887,1.0332628460940876,0.7788752885431728,0.01710455166882278,0.8225058004640371,0.6001989060169071,0.3059991368148468,0.39980109398309294,0.1774941995359629,0.16329966329966328,0.07032708656324008,patient,patient,max_image_outcome,max_calibrated_image_probability
vits16,10,0.01,4884.0,862.0,0.17649467649467648,0.8132394798446133,0.6166227259853914,0.11714976314737598,0.101778922083093,0.9689614475275822,0.7766436074784041,0.01760570332858931,0.8294663573085846,0.5857782197911486,0.3002939941201176,0.41422178020885136,0.17053364269141535,0.16329966329966328,0.05755629492064748,patient,patient,max_image_outcome,max_calibrated_image_probability
vits16,11,0.01,4884.0,862.0,0.17649467649467648,0.8123513829390788,0.6160815694996574,0.11763512835727512,0.10284667222515025,0.9854967617052915,0.7755552741357663,0.01615394015709641,0.8387470997679815,0.5621581302834411,0.29106280193236717,0.4378418697165589,0.16125290023201855,0.14057239057239057,0.06578503277210354,patient,patient,max_image_outcome,max_calibrated_image_probability
vits16,12,0.1,4884.0,862.0,0.17649467649467648,0.7899107115043594,0.569803077091454,0.11389346120198968,0.07061255897482228,0.14966188876088504,0.6209342177447271,0.01677779768486603,0.8700696055684455,0.4405768274490303,0.25,0.5594231725509697,0.12993039443155452,0.13636363636363635,0.11659852465865786,patient,patient,max_image_outcome,max_calibrated_image_probability
vits16,13,0.01,4884.0,862.0,0.17649467649467648,0.8140915221502155,0.618032088089787,0.11731168078510572,0.10237430664478336,1.0029976040477975,0.7863404150252099,0.017608992446890306,0.834106728538283,0.5860268523122825,0.3015939597315436,0.41397314768771754,0.16589327146171695,0.16329966329966328,0.06044950336784255,patient,patient,max_image_outcome,max_calibrated_image_probability
vits16,14,0.01,4884.0,862.0,0.17649467649467648,0.8138847129650035,0.6188107475325336,0.11803689629109432,0.10445477989267558,1.0361254814454004,0.7828203582695618,0.017444066071873033,0.8225058004640371,0.5997016409746395,0.30573523070288916,0.4002983590253605,0.1774941995359629,0.16329966329966328,0.06570467390607712,patient,patient,max_image_outcome,max_calibrated_image_probability
vits16,15,0.1,4884.0,862.0,0.17649467649467648,0.7907226610948368,0.5720856553989482,0.11377637210519331,0.0720014376094979,0.1746247537286025,0.62488090059479,0.01668145162825539,0.8665893271461717,0.44679264047737444,0.25134589502018845,0.5532073595226256,0.13341067285382835,0.15909090909090906,0.12200579646914816,patient,patient,max_image_outcome,max_calibrated_image_probability
vits16,16,0.01,4884.0,862.0,0.17649467649467648,0.8143897658008563,0.6180033953749224,0.1182525917817238,0.10478007894120725,1.0399711473818551,0.7801711007401281,0.01689575616957775,0.8271461716937355,0.5979612133267032,0.3060085836909871,0.40203878667329684,0.1728538283062645,0.16329966329966328,0.07123685449621159,patient,patient,max_image_outcome,max_calibrated_image_probability
vits16,17,0.01,4884.0,862.0,0.17649467649467648,0.8135749318423844,0.6169244306927503,0.11858366347201219,0.10517564267439998,1.041592485979879,0.7792242242245881,0.016335680535654873,0.8306264501160093,0.5862754848334162,0.30084033613445377,0.4137245151665838,0.16937354988399067,0.16329966329966328,0.07171764614311671,patient,patient,max_image_outcome,max_calibrated_image_probability
vits16,18,0.01,4884.0,862.0,0.17649467649467648,0.8135789699575766,0.6174558706377247,0.11840867330706104,0.10496476911745452,1.037114771327374,0.7792242969344725,0.01689371946524587,0.8248259860788864,0.595972153157633,0.3043664383561644,0.40402784684236703,0.17517401392111365,0.16329966329966328,0.0715941810560759,patient,patient,max_image_outcome,max_calibrated_image_probability
vits16,19,0.01,4884.0,862.0,0.17649467649467648,0.8147448315009905,0.6191711183666834,0.1181756538127786,0.1047980038304726,1.0548454848483417,0.787621296578815,0.0174109083986953,0.8213457076566125,0.6021879661859771,0.30675909878682844,0.39781203381402286,0.17865429234338748,0.1860269360269361,0.07144379101699944,patient,patient,max_image_outcome,max_calibrated_image_probability
vits16,20,0.01,4884.0,862.0,0.17649467649467648,0.814409667940019,0.618414708395789,0.11849674966717742,0.1053961829232117,1.057770601909995,0.7834871970071029,0.017352018380256466,0.8213457076566125,0.6046742913973148,0.30809399477806787,0.39532570860268523,0.17865429234338748,0.1860269360269361,0.07330010164305319,patient,patient,max_image_outcome,max_calibrated_image_probability
vits16,21,0.01,4884.0,862.0,0.17649467649467648,0.8134852279977525,0.6174190219253515,0.11819984341649929,0.10448012919424327,1.0293161454145807,0.7801619294492794,0.01702621781623189,0.8259860788863109,0.5937344604674292,0.3034953111679454,0.40626553953257083,0.17401392111368907,0.16329966329966328,0.07037936762866766,patient,patient,max_image_outcome,max_calibrated_image_probability
vits16,22,0.01,4884.0,862.0,0.17649467649467648,0.8115636620397558,0.6128812779356374,0.11895949813126423,0.10519283337413857,1.003683036544232,0.7651084359531853,0.017529527413872283,0.8062645011600929,0.612879164594729,0.3086145648312611,0.387120835405271,0.19373549883990715,0.1860269360269361,0.0702683568845294,patient,patient,max_image_outcome,max_calibrated_image_probability
vits16,23,0.01,4884.0,862.0,0.17649467649467648,0.8137292455300951,0.6169334471863992,0.11809512122812046,0.10409641178702034,1.0164428001230847,0.7773128306736818,0.01683214611017183,0.8259860788863109,0.591745400298359,0.30246389124893797,0.408254599701641,0.17401392111368907,0.16329966329966328,0.06908511437392241,patient,patient,max_image_outcome,max_calibrated_image_probability
vits16,24,0.01,4884.0,862.0,0.17649467649467648,0.8149288541790454,0.6196309371891197,0.11789495780269248,0.10436476089360198,1.0365837134069185,0.7808362850543176,0.017665415187419705,0.8190255220417634,0.6093983092988563,0.3100570926657883,0.3906016907011437,0.18097447795823662,0.2087542087542088,0.06588274244931078,patient,patient,max_image_outcome,max_calibrated_image_probability
vits16,25,0.01,4884.0,862.0,0.17649467649467648,0.8138117384547403,0.6169292321186997,0.1183331479842766,0.10466807695458616,1.0323101176294356,0.7790057512384262,0.017056389627279026,0.8236658932714617,0.5967180507210343,0.30445969125214406,0.40328194927896566,0.17633410672853833,0.16329966329966328,0.07086156237735629,patient,patient,max_image_outcome,max_calibrated_image_probability
vits16,26,0.01,4884.0,862.0,0.17649467649467648,0.8142293949403571,0.6182666620483994,0.11777207630732998,0.10364787592617015,1.0221204634673555,0.7832254247226695,0.01734083950562563,0.8271461716937355,0.594977623073098,0.3044406490179334,0.405022376926902,0.1728538283062645,0.16329966329966328,0.0680882964225036,patient,patient,max_image_outcome,max_calibrated_image_probability
vits16,27,0.01,4884.0,862.0,0.17649467649467648,0.8146969509922803,0.6190123244899758,0.11752952239718462,0.1032483480562874,1.0139300555225021,0.7818767861120677,0.017520848755909788,0.8248259860788864,0.5957235206364992,0.3042362002567394,0.40427647936350075,0.17517401392111365,0.16329966329966328,0.06690753664634116,patient,patient,max_image_outcome,max_calibrated_image_probability
vits16,28,0.01,4884.0,862.0,0.17649467649467648,0.8141532476252998,0.6179657724070753,0.1175900907702167,0.10290044831978075,1.015020816574062,0.7867854000036418,0.016097904474617137,0.8410672853828306,0.5591745400298359,0.2902321857485989,0.4408254599701641,0.1589327146171694,0.14057239057239057,0.05979641380995658,patient,patient,max_image_outcome,max_calibrated_image_probability
vits16,29,0.01,4884.0,862.0,0.17649467649467648,0.8144004379624363,0.6197662888656572,0.1177345562004034,0.10386499551061315,1.030944439821173,0.7847066989312238,0.016879212173081675,0.8294663573085846,0.5847836897066137,0.29979035639413,0.41521631029338635,0.17053364269141535,0.14057239057239057,0.06905458861064692,patient,patient,max_image_outcome,max_calibrated_image_probability
vits16,30,0.01,4884.0,862.0,0.17649467649467648,0.8140802731150367,0.6177869820244506,0.1182863941134414,0.10476283683828666,1.0386334134016095,0.7810778547778285,0.017107099252852392,0.8248259860788864,0.5974639482844356,0.3051502145922747,0.4025360517155644,0.17517401392111365,0.16329966329966328,0.07104493126123089,patient,patient,max_image_outcome,max_calibrated_image_probability
vits16,31,0.01,4884.0,862.0,0.17649467649467648,0.8150439404620295,0.6201827834464525,0.11805082138411048,0.10505548281076446,1.0429734360515952,0.7772250107916673,0.01571536691731838,0.834106728538283,0.5803083043262058,0.2987120897382634,0.41969169567379416,0.16589327146171695,0.16329966329966328,0.0665730121901507,patient,patient,max_image_outcome,max_calibrated_image_probability
vits16,32,0.1,4884.0,862.0,0.17649467649467648,0.7917460348593178,0.5720873448408069,0.11362793619949436,0.0712709076410399,0.17441266746212225,0.6292710130529905,0.016773510745478427,0.8689095127610209,0.44107409249129786,0.24991658324991659,0.5589259075087021,0.1310904872389791,0.13636363636363635,0.09083948361918992,patient,patient,max_image_outcome,max_calibrated_image_probability
vits16,33,0.01,4884.0,862.0,0.17649467649467648,0.8143770745816801,0.6184269864977089,0.1193251204579107,0.10721746390778875,1.0977049981536622,0.7850787807823086,0.01714977764356608,0.8097447795823666,0.6166086524117355,0.31160714285714286,0.38339134758826454,0.19025522041763343,0.1860269360269361,0.07676086440433912,patient,patient,max_image_outcome,max_calibrated_image_probability
vits16,34,0.01,4884.0,862.0,0.17649467649467648,0.8130646871441412,0.6171898511794647,0.1171972352720729,0.101760326210563,0.9785558236212488,0.7826615589544442,0.01693787097839169,0.8410672853828306,0.5671307807061163,0.2939983779399838,0.43286921929388367,0.1589327146171694,0.14057239057239057,0.05844934933886976,patient,patient,max_image_outcome,max_calibrated_image_probability
vits16,35,0.01,4884.0,862.0,0.17649467649467648,0.8134468659034244,0.6164163879776428,0.11752323978732875,0.10266848604921966,0.9789753318197482,0.7733857673122622,0.01689961116192027,0.8329466357308585,0.5813028344107409,0.29891756869275604,0.41869716558925907,0.16705336426914152,0.16329966329966328,0.06421431392768297,patient,patient,max_image_outcome,max_calibrated_image_probability
vits16,36,0.01,4884.0,862.0,0.17649467649467648,0.8154339070148984,0.6199758267151247,0.11967200463733722,0.10853232804673864,1.1311195634487154,0.7848929328772623,0.01738651932005601,0.808584686774942,0.6342615614122327,0.32149446494464945,0.36573843858776733,0.191415313225058,0.2087542087542088,0.07224846066731211,patient,patient,max_image_outcome,max_calibrated_image_probability
vits16,37,0.01,4884.0,862.0,0.17649467649467648,0.8140508525614918,0.6173805127962261,0.1179878624764226,0.10397495205228664,1.0237662621493184,0.7814444599659599,0.017143622704727846,0.8283062645011601,0.5919940328194928,0.30318471337579617,0.4080059671805072,0.17169373549883993,0.16329966329966328,0.06848159273601448,patient,patient,max_image_outcome,max_calibrated_image_probability
vits16,38,0.01,4884.0,862.0,0.17649467649467648,0.8141154624045708,0.6170668254223455,0.11769609856221286,0.10314676634632769,1.0087455193482917,0.7819716996646034,0.01733242275788869,0.8283062645011601,0.5880159124813525,0.3011387600168705,0.41198408751864746,0.17169373549883993,0.16329966329966328,0.06581013758696541,patient,patient,max_image_outcome,max_calibrated_image_probability
vits16,39,0.01,4884.0,862.0,0.17649467649467648,0.8131771774959301,0.6167268632460896,0.11876024756998976,0.10566574239094553,1.0585518539322016,0.7832142372162446,0.017718225943390495,0.8097447795823666,0.6118846345101939,0.30898627711376714,0.3881153654898061,0.19025522041763343,0.1860269360269361,0.08349169087839442,patient,patient,max_image_outcome,max_calibrated_image_probability
vits16,40,0.01,4884.0,862.0,0.17649467649467648,0.8140906568398172,0.618656488222877,0.11644801073520193,0.1007897537775194,0.9631425286328482,0.7799349849081417,0.016426816398624842,0.845707656612529,0.555942317255097,0.28986083499005966,0.444057682744903,0.154292343387471,0.14057239057239057,0.05507270156683383,patient,patient,max_image_outcome,max_calibrated_image_probability
vits16,41,0.01,4884.0,862.0,0.17649467649467648,0.8141976668924166,0.6182221749422131,0.11778336137814435,0.10364994845591105,1.0223390536548616,0.7832912453209616,0.017341448859081954,0.8271461716937355,0.5947289905519642,0.30431071276141697,0.40527100944803585,0.1728538283062645,0.16329966329966328,0.0685611526151038,patient,patient,max_image_outcome,max_calibrated_image_probability
vits16,42,0.01,4884.0,862.0,0.17649467649467648,0.8146531085987625,0.6191517578841247,0.11741314992962518,0.10291845194535716,1.0165421802393027,0.7864658912712635,0.016959640888533477,0.8375870069605569,0.5788165091994033,0.298841059602649,0.4211834908005967,0.16241299303944312,0.16329966329966328,0.06702882990328078,patient,patient,max_image_outcome,max_calibrated_image_probability
vits16,43,0.01,4884.0,862.0,0.17649467649467648,0.8138045275347537,0.616858882414129,0.11664255846199727,0.1005883201642494,0.9590273761306201,0.7824172288830785,0.017067533611852544,0.8445475638051044,0.5596718050721035,0.2913165266106443,0.44032819492789654,0.15545243619489557,0.14057239057239057,0.06062753162764162,patient,patient,max_image_outcome,max_calibrated_image_probability
vits16,44,0.01,4884.0,862.0,0.17649467649467648,0.8115674117181488,0.6162567459832917,0.11752613094666481,0.10254675219644235,0.9753015989787568,0.7752762012386631,0.017566837993208972,0.8225058004640371,0.5855295872700149,0.2984006734006734,0.4144704127299851,0.1774941995359629,0.1860269360269361,0.07130763793771962,patient,patient,max_image_outcome,max_calibrated_image_probability
vits16,45,0.01,4884.0,862.0,0.17649467649467648,0.8140393150895134,0.6185688364881742,0.11810453557136096,0.10438676265440446,1.0362125166043894,0.7830979217544682,0.017370565529722645,0.8225058004640371,0.5994530084535057,0.30560344827586206,0.4005469915464943,0.1774941995359629,0.16329966329966328,0.07000092286564336,patient,patient,max_image_outcome,max_calibrated_image_probability
vits16,46,0.01,4884.0,862.0,0.17649467649467648,0.8145111976934287,0.618062334750141,0.11806432464437085,0.10423834774705555,1.0385609202786588,0.7858089557475659,0.017558440683795987,0.8283062645011601,0.5997016409746395,0.3072289156626506,0.4002983590253605,0.17169373549883993,0.16329966329966328,0.07030555240374081,patient,patient,max_image_outcome,max_calibrated_image_probability
vits16,47,0.01,4884.0,862.0,0.17649467649467648,0.8137243421045041,0.6177784765074723,0.11832771731666404,0.10481262421317768,1.0394569449678404,0.7814882453969126,0.016800111394667257,0.8271461716937355,0.5914967677772253,0.3026315789473684,0.40850323222277474,0.1728538283062645,0.16329966329966328,0.06648590989459224,patient,patient,max_image_outcome,max_calibrated_image_probability
vits16,48,0.1,4884.0,862.0,0.17649467649467648,0.7906742037125277,0.5707845218756022,0.11417729458107685,0.07319011450931538,0.18703862384329878,0.6249423139278694,0.01614970954424627,0.8677494199535963,0.4408254599701641,0.24958291624958293,0.5591745400298359,0.13225058004640367,0.15909090909090906,0.11844253791019985,patient,patient,max_image_outcome,max_calibrated_image_probability
vits16,49,0.01,4884.0,862.0,0.17649467649467648,0.813672711917401,0.6172376809041707,0.11865831497470111,0.10541363444090128,1.0399323187341174,0.7765567296778267,0.017379938547514042,0.814385150812065,0.6106414719045251,0.30952380952380953,0.3893585280954749,0.18561484918793503,0.16329966329966328,0.07134192147218839,patient,patient,max_image_outcome,max_calibrated_image_probability
vits16,50,0.01,4884.0,862.0,0.17649467649467648,0.814261988298696,0.6174648126488511,0.11857987127699547,0.10539269333813296,1.0516312776912107,0.7810791283920435,0.017430107943588347,0.8132250580046404,0.6113873694679264,0.30962897526501765,0.3886126305320736,0.1867749419953596,0.1860269360269361,0.07148350438785737,patient,patient,max_image_outcome,max_calibrated_image_probability
vits16,51,0.01,4884.0,862.0,0.17649467649467648,0.8125703064698682,0.6169705901765477,0.1178880554821755,0.10378851437292994,1.0020477133266035,0.7747923821091164,0.016537653364953882,0.8271461716937355,0.5805569368473397,0.2970833333333333,0.41944306315266033,0.1728538283062645,0.16329966329966328,0.06775179724271232,patient,patient,max_image_outcome,max_calibrated_image_probability
vits16,52,0.01,4884.0,862.0,0.17649467649467648,0.8139115375873531,0.6174174232515184,0.11777669166437466,0.10350186941737705,1.012369234939619,0.7803048891781512,0.01750161460915391,0.8271461716937355,0.5979612133267032,0.3060085836909871,0.40203878667329684,0.1728538283062645,0.16329966329966328,0.06191033872197643,patient,patient,max_image_outcome,max_calibrated_image_probability
vits16,53,0.01,4884.0,862.0,0.17649467649467648,0.814658300461153,0.6185865617760405,0.1180074242767025,0.10427458539628383,1.0355362014091691,0.7828957411215911,0.017130008380527487,0.8329466357308585,0.5957235206364992,0.30631399317406144,0.40427647936350075,0.16705336426914152,0.16329966329966328,0.06953745518159933,patient,patient,max_image_outcome,max_calibrated_image_probability
vits16,54,0.01,4884.0,862.0,0.17649467649467648,0.8149963483901188,0.619488376603693,0.11880759605155394,0.1062268730075846,1.0891002636811646,0.7895226442735419,0.01810185075442788,0.8132250580046404,0.6210840377921432,0.3150561797752809,0.37891596220785684,0.1867749419953596,0.2087542087542088,0.0726118213383598,patient,patient,max_image_outcome,max_calibrated_image_probability
vits16,55,0.01,4884.0,862.0,0.17649467649467648,0.8130877620880979,0.6164421422425103,0.11820460223501429,0.10428523943293568,1.0158041698390243,0.7766607412014327,0.01719402240979518,0.8259860788863109,0.5987071108901044,0.3061049011177988,0.4012928891098956,0.17401392111368907,0.1860269360269361,0.07485609767249406,patient,patient,max_image_outcome,max_calibrated_image_probability
vits16,56,0.01,4884.0,862.0,0.17649467649467648,0.8141186352093647,0.6175733574542459,0.11829191893175209,0.10466108978758974,1.0384484305551607,0.7824156688722215,0.017500519752570522,0.820185614849188,0.604425658876181,0.30765883376849434,0.39557434112381895,0.17981438515081205,0.16329966329966328,0.07084651244913792,patient,patient,max_image_outcome,max_calibrated_image_probability
vits16,57,0.01,4884.0,862.0,0.17649467649467648,0.8141849756732403,0.6182097782895012,0.11806956834945656,0.10439287780103909,1.0304426938917914,0.7796384587395131,0.017546317029746846,0.8190255220417634,0.6051715564395823,0.3077593722755013,0.3948284435604177,0.18097447795823662,0.16329966329966328,0.06902654877079675,patient,patient,max_image_outcome,max_calibrated_image_probability
vits16,58,0.01,4884.0,862.0,0.17649467649467648,0.8140419110207086,0.6179228450656729,0.1175107673774097,0.10296609421914739,1.0049177296436902,0.7820137765624163,0.01728849408353426,0.8329466357308585,0.587518647439085,0.3020614219604544,0.412481352560915,0.16705336426914152,0.16329966329966328,0.06851613334205035,patient,patient,max_image_outcome,max_calibrated_image_probability
vits16,59,0.1,4884.0,862.0,0.17649467649467648,0.7906912214836957,0.570564375202525,0.11433695592978335,0.07373683839743402,0.19208452320417885,0.6243743013947177,0.016013397236291204,0.8689095127610209,0.44107409249129786,0.24991658324991659,0.5589259075087021,0.1310904872389791,0.13636363636363635,0.09520474942182242,patient,patient,max_image_outcome,max_calibrated_image_probability
vits16,60,0.01,4884.0,862.0,0.17649467649467648,0.8143381356137532,0.6180256480158884,0.11828932560353085,0.10481510976260901,1.03579976724501,0.7774955177282954,0.01738213273746426,0.814385150812065,0.6061660865241174,0.30708661417322836,0.3938339134758826,0.18561484918793503,0.1860269360269361,0.06872334815332665,patient,patient,max_image_outcome,max_calibrated_image_probability
vits16,61,0.1,4884.0,862.0,0.17649467649467648,0.7911550278572261,0.5716020868424708,0.11401148041074402,0.07260541023445495,0.18295359462744265,0.6259550502931337,0.016509241170376686,0.8677494199535963,0.44405768274490304,0.25067024128686327,0.555942317255097,0.13225058004640367,0.13636363636363635,0.13502264137027697,patient,patient,max_image_outcome,max_calibrated_image_probability
vits16,62,0.01,4884.0,862.0,0.17649467649467648,0.8143589030633142,0.6183468720379246,0.11792900958448124,0.10403021229969701,1.0271611500913689,0.7820071188687787,0.017371636393648086,0.8236658932714617,0.5969666832421681,0.3045903045903046,0.40303331675783194,0.17633410672853833,0.16329966329966328,0.06374181592374237,patient,patient,max_image_outcome,max_calibrated_image_probability
vits16,63,0.01,4884.0,862.0,0.17649467649467648,0.813955379980871,0.6180868625494227,0.11807297682023808,0.10424035635760051,1.0378781459374988,0.7855584545247065,0.017072786536966315,0.8259860788863109,0.5902536051715565,0.3016949152542373,0.40974639482844355,0.17401392111368907,0.16329966329966328,0.06912326173740023,patient,patient,max_image_outcome,max_calibrated_image_probability
vits16,64,0.1,4884.0,862.0,0.17649467649467648,0.7900883885728263,0.5683723735963799,0.11465853776626682,0.07426417575576272,0.19635486577559705,0.6247979459278153,0.015918815243596774,0.8689095127610209,0.4351069119840875,0.24793114862628268,0.5648930880159124,0.1310904872389791,0.11363636363636365,0.11446963476549908,patient,patient,max_image_outcome,max_calibrated_image_probability
vits16,65,0.01,4884.0,862.0,0.17649467649467648,0.814459279069526,0.6187144138852225,0.11822814590565055,0.10479135605379312,1.0450072455109054,0.7826008188390876,0.0171698097962692,0.8236658932714617,0.6001989060169071,0.30629853321829165,0.39980109398309294,0.17633410672853833,0.16329966329966328,0.07061885735457811,patient,patient,max_image_outcome,max_calibrated_image_probability
vits16,66,0.01,4884.0,862.0,0.17649467649467648,0.814427839458385,0.6184122558337666,0.11874948187971507,0.106079665331759,1.0740486846141222,0.7836003591607387,0.017622920382566548,0.808584686774942,0.6183490800596718,0.31227598566308246,0.3816509199403282,0.191415313225058,0.2087542087542088,0.07361290879202932,patient,patient,max_image_outcome,max_calibrated_image_probability
vits16,67,0.01,4884.0,862.0,0.17649467649467648,0.8141295958077441,0.6187300701900755,0.11825272116125572,0.10491608329927436,1.047439020901349,0.7826452332935911,0.017480567700496063,0.820185614849188,0.6059174540029836,0.30846422338568935,0.3940825459970164,0.17981438515081205,0.16329966329966328,0.07163414857839288,patient,patient,max_image_outcome,max_calibrated_image_probability
vits16,68,0.01,4884.0,862.0,0.17649467649467648,0.8138884626433964,0.617372268874891,0.11745833600205004,0.10265786840808189,1.0046876471832211,0.7853359884783158,0.016831674911880718,0.8375870069605569,0.5701143709597215,0.29457364341085274,0.4298856290402785,0.16241299303944312,0.14057239057239057,0.06051485219852591,patient,patient,max_image_outcome,max_calibrated_image_probability
vits16,69,0.01,4884.0,862.0,0.17649467649467648,0.8122856193488021,0.6155656449858495,0.11909797256851135,0.10613837160706817,1.046865505413982,0.7748717427474637,0.017351127194895965,0.8155452436194895,0.6136250621581303,0.3114754098360656,0.3863749378418697,0.18445475638051045,0.16329966329966328,0.07371459808375257,patient,patient,max_image_outcome,max_calibrated_image_probability
vits16,70,0.01,4884.0,862.0,0.17649467649467648,0.814322271589783,0.617782136205978,0.11746268560118103,0.10269386647716659,1.0071406581059215,0.7852428423583981,0.017434465417594178,0.8317865429234339,0.58652411735455,0.30126050420168066,0.41347588264545,0.1682134570765661,0.14057239057239057,0.06584223034905994,patient,patient,max_image_outcome,max_calibrated_image_probability
vits16,71,0.01,4884.0,862.0,0.17649467649467648,0.815098166580328,0.6203055537489522,0.11737689664977682,0.10321014634742738,1.0238608424961864,0.7860765746622725,0.017648088242966528,0.8283062645011601,0.5977125808055693,0.30617495711835335,0.4022874191944307,0.17169373549883993,0.16329966329966328,0.06783617840000492,patient,patient,max_image_outcome,max_calibrated_image_probability
vits16,72,0.01,4884.0,862.0,0.17649467649467648,0.8140378729055161,0.6184829893087535,0.1178625798287898,0.1039242110297438,1.0243082462123343,0.7816025328050497,0.0172221667362557,0.8259860788863109,0.5957235206364992,0.3045337895637297,0.40427647936350075,0.17401392111368907,0.1860269360269361,0.06889587228115612,patient,patient,max_image_outcome,max_calibrated_image_probability
vits16,73,0.1,4884.0,862.0,0.17649467649467648,0.7898585044436573,0.5703431595014762,0.11482615977803581,0.07618428093072437,0.2192558073042951,0.6240472246081976,0.015750042825652764,0.8654292343387471,0.44952759820984584,0.252027027027027,0.5504724017901541,0.13457076566125292,0.15909090909090906,0.12796291709849947,patient,patient,max_image_outcome,max_calibrated_image_probability
vits16,74,0.01,4884.0,862.0,0.17649467649467648,0.8140447953887033,0.6177466595356359,0.11794092058583633,0.1039526444083072,1.0239662726607048,0.7816871915010472,0.01737197360851747,0.8271461716937355,0.5977125808055693,0.3058773058773059,0.4022874191944307,0.1728538283062645,0.16329966329966328,0.06877187940790289,patient,patient,max_image_outcome,max_calibrated_image_probability
vits16,75,0.01,4884.0,862.0,0.17649467649467648,0.8147027197282695,0.6187185608677851,0.11797203642035635,0.10426464413186402,1.0362942574227971,0.7828491297994271,0.017315231542958442,0.8248259860788864,0.6006961710591745,0.3068623219680621,0.3993038289408255,0.17517401392111365,0.16329966329966328,0.06922127709226825,patient,patient,max_image_outcome,max_calibrated_image_probability
vits16,76,0.01,4884.0,862.0,0.17649467649467648,0.8143476540281352,0.6183597889911118,0.11803506039712094,0.10429607354182167,1.032691596352963,0.7818492133056174,0.017340552931591088,0.8271461716937355,0.5987071108901044,0.3064030941125913,0.4012928891098956,0.1728538283062645,0.16329966329966328,0.06951636968635384,patient,patient,max_image_outcome,max_calibrated_image_probability
vits16,77,0.01,4884.0,862.0,0.17649467649467648,0.8140874840350232,0.6178446691872963,0.11791270418282329,0.10386777344199884,1.0243553613672314,0.7826170613064917,0.01721380555365106,0.8271461716937355,0.5942317255096967,0.3040511727078891,0.4057682744903033,0.1728538283062645,0.16329966329966328,0.06870615387428505,patient,patient,max_image_outcome,max_calibrated_image_probability
vits16,78,0.01,4884.0,862.0,0.17649467649467648,0.8137895288211818,0.617194036108132,0.11817094129498072,0.10435448052570093,1.0259849005928514,0.7791211542963967,0.017259466047517276,0.8236658932714617,0.5979612133267032,0.30511388053287497,0.40203878667329684,0.17633410672853833,0.16329966329966328,0.06980833955707551,patient,patient,max_image_outcome,max_calibrated_image_probability
vits16,79,0.1,4884.0,862.0,0.17649467649467648,0.79034769325554,0.5702723352057044,0.11445677152012175,0.07438000329000061,0.19254604159789881,0.6199513247631999,0.01696286041367009,0.8631090487238979,0.4644455494778717,0.2567287784679089,0.5355544505221284,0.13689095127610207,0.13636363636363635,0.11021536821461585,patient,patient,max_image_outcome,max_calibrated_image_probability
vits16,80,0.1,4884.0,862.0,0.17649467649467648,0.7911406060172532,0.5711451757056988,0.11397640773645117,0.07196830416926198,0.17551924489512294,0.6260568648703299,0.016561486658290436,0.8689095127610209,0.4420686225758329,0.2502505846976278,0.5579313774241671,0.1310904872389791,0.15909090909090906,0.10308071995737078,patient,patient,max_image_outcome,max_calibrated_image_probability
vits16,81,0.01,4884.0,862.0,0.17649467649467648,0.8140995983806005,0.6170803256730151,0.11801022755450699,0.10389079387711007,1.0228524763273363,0.7821463583026386,0.0173139485291112,0.8236658932714617,0.5954748881153655,0.30380830124090713,0.40452511188463447,0.17633410672853833,0.16329966329966328,0.06900477919060416,patient,patient,max_image_outcome,max_calibrated_image_probability
vits16,82,0.01,4884.0,862.0,0.17649467649467648,0.8136078136375227,0.6175489712492541,0.11789711893794963,0.10376954569476506,1.0171228799139274,0.7810079122237651,0.017224227890313935,0.8294663573085846,0.5939830929885629,0.3045144804088586,0.4060169070114371,0.17053364269141535,0.16329966329966328,0.06823003874448522,patient,patient,max_image_outcome,max_calibrated_image_probability
vits16,83,0.01,4884.0,862.0,0.17649467649467648,0.813501957332121,0.6176158355657758,0.11871034073425005,0.10582676385464315,1.0514442956789583,0.7781198324057579,0.017593496508632556,0.8109048723897911,0.6158627548483342,0.3114973262032086,0.3841372451516658,0.18909512761020886,0.1860269360269361,0.07070352640839678,patient,patient,max_image_outcome,max_calibrated_image_probability
vits16,84,0.01,4884.0,862.0,0.17649467649467648,0.8140918105870151,0.6181244613160494,0.11782699966068104,0.10379430658211579,1.0185944432437513,0.7807756570688287,0.01674790434981351,0.8306264501160093,0.5835405271009448,0.29945629443747385,0.41645947289905516,0.16937354988399067,0.14057239057239057,0.06266374368128459,patient,patient,max_image_outcome,max_calibrated_image_probability
vits16,85,0.01,4884.0,862.0,0.17649467649467648,0.8143767861448807,0.6182331254310219,0.1180444956086675,0.10421328619803208,1.0333462450658317,0.7834284337781743,0.01706678536246977,0.8317865429234339,0.5937344604674292,0.30497660569970225,0.40626553953257083,0.1682134570765661,0.16329966329966328,0.06926111089189387,patient,patient,max_image_outcome,max_calibrated_image_probability
vits16,86,0.01,4884.0,862.0,0.17649467649467648,0.8134174453498796,0.6178033906779501,0.11846255229031054,0.10512841236524365,1.0432925435331284,0.7804204314853316,0.01803273202100652,0.8097447795823666,0.6176031824962706,0.31216457960644006,0.38239681750372945,0.19025522041763343,0.1860269360269361,0.07228590937477218,patient,patient,max_image_outcome,max_calibrated_image_probability
vits16,87,0.01,4884.0,862.0,0.17649467649467648,0.8130496884305692,0.6168425136160731,0.11813190701741207,0.10412476263344667,1.0204370443429203,0.780972560449051,0.016847412687382265,0.8317865429234339,0.5850323222277474,0.30050293378038556,0.41496767777225263,0.1682134570765661,0.16329966329966328,0.0697658418138755,patient,patient,max_image_outcome,max_calibrated_image_probability
vits16,88,0.01,4884.0,862.0,0.17649467649467648,0.8127387535607522,0.6155028417545882,0.11812262127952396,0.10383841380804586,1.0001571696458424,0.774287670586903,0.01684309758716247,0.8306264501160093,0.5870213823968174,0.30122002524190156,0.41297861760318255,0.16937354988399067,0.16329966329966328,0.0632428288010659,patient,patient,max_image_outcome,max_calibrated_image_probability
vits16,89,0.01,4884.0,862.0,0.17649467649467648,0.8141039249325923,0.6185488322701931,0.1178111337564341,0.10373580468092794,1.0271398378425354,0.7849128583057865,0.017192327084970916,0.8317865429234339,0.5885131775236201,0.3022765598650928,0.4114868224763799,0.1682134570765661,0.16329966329966328,0.06352952901476872,patient,patient,max_image_outcome,max_calibrated_image_probability
vits16,90,0.01,4884.0,862.0,0.17649467649467648,0.8145025445894448,0.6185488239662155,0.11763319507113987,0.10335236370522526,1.0192722428302825,0.783931142854163,0.017223593649797437,0.8306264501160093,0.5890104425658876,0.30223723089911353,0.41098955743411236,0.16937354988399067,0.16329966329966328,0.06743812541207649,patient,patient,max_image_outcome,max_calibrated_image_probability
vits16,91,0.01,4884.0,862.0,0.17649467649467648,0.8128030749670316,0.6153915621318393,0.11809484038976749,0.10370380239309557,1.0055501517362941,0.778056503486163,0.01695602795376482,0.8259860788863109,0.5852809547488812,0.2991596638655462,0.4147190452511188,0.17401392111368907,0.16329966329966328,0.06772809262857893,patient,patient,max_image_outcome,max_calibrated_image_probability
vits16,92,0.01,4884.0,862.0,0.17649467649467648,0.8140150863983588,0.6179442997275955,0.1180118797092082,0.10411001160739934,1.026518189753657,0.7816035494782544,0.017199000622947533,0.8294663573085846,0.594977623073098,0.3050341296928328,0.405022376926902,0.17053364269141535,0.16329966329966328,0.06925822742439611,patient,patient,max_image_outcome,max_calibrated_image_probability
vits16,93,0.01,4884.0,862.0,0.17649467649467648,0.8148743396239477,0.6197066297531785,0.11773457396734112,0.1038561830968896,1.0318592428695577,0.7846982245716754,0.017551717498318985,0.8259860788863109,0.601193436101442,0.307426597582038,0.39880656389855795,0.17401392111368907,0.1860269360269361,0.06337466241744764,patient,patient,max_image_outcome,max_calibrated_image_probability
vits16,94,0.1,4884.0,862.0,0.17649467649467648,0.7883814195936272,0.5657178509187261,0.11454260849296084,0.07100731578520308,0.14397012786647762,0.6171375401077821,0.016270691739030747,0.87122969837587,0.43212332173048235,0.24744645799011533,0.5678766782695177,0.12877030162412995,0.09090909090909094,0.16794019101587024,patient,patient,max_image_outcome,max_calibrated_image_probability
vits16,95,0.1,4884.0,862.0,0.17649467649467648,0.7910736886797786,0.5715617554722184,0.11429986263092826,0.07431817718609794,0.20200000816262173,0.6255916975226882,0.016289307545323515,0.8665893271461717,0.44952759820984584,0.25227963525835867,0.5504724017901541,0.13341067285382835,0.15909090909090906,0.1116234732582795,patient,patient,max_image_outcome,max_calibrated_image_probability
vits16,96,0.01,4884.0,862.0,0.17649467649467648,0.8143066960026122,0.6185021213803964,0.1175942129895728,0.10324175320776349,1.0132741527395166,0.7831633949732303,0.017061083033910275,0.8329466357308585,0.5862754848334162,0.30142737195633923,0.4137245151665838,0.16705336426914152,0.16329966329966328,0.06834125123011009,patient,patient,max_image_outcome,max_calibrated_image_probability
vits16,97,0.01,4884.0,862.0,0.17649467649467648,0.813961725590459,0.6176761584718579,0.11806733963305169,0.10419804408855668,1.0259255378317873,0.7802689581370449,0.01724558776842349,0.8259860788863109,0.5984584783689707,0.30597335625268585,0.4015415216310293,0.17401392111368907,0.16329966329966328,0.06944184449253399,patient,patient,max_image_outcome,max_calibrated_image_probability
vits16,98,0.01,4884.0,862.0,0.17649467649467648,0.8140473913198983,0.6176978012648429,0.11807573685245493,0.10421450067869363,1.0281781472765552,0.7812806532502226,0.0172492252208587,0.8236658932714617,0.5972153157633019,0.30472103004291845,0.4027846842366981,0.17633410672853833,0.16329966329966328,0.06931317477000588,patient,patient,max_image_outcome,max_calibrated_image_probability
vits16,99,0.01,4884.0,862.0,0.17649467649467648,0.8126778933960664,0.6158332192263234,0.11791348205907747,0.10352536983611964,0.9969138446711279,0.7758579319351844,0.01821211577696442,0.8132250580046404,0.6071606166086524,0.3073213502849627,0.3928393833913476,0.1867749419953596,0.1860269360269361,0.06812807545021493,patient,patient,max_image_outcome,max_calibrated_image_probability
vits16,100,0.01,4884.0,862.0,0.17649467649467648,0.8137699151188187,0.6175091799595414,0.11776319593672807,0.10362932468212616,1.0067600914958084,0.7764557282317712,0.017416487956321135,0.8248259860788864,0.5977125808055693,0.3052812365822241,0.4022874191944307,0.17517401392111365,0.2087542087542088,0.06230161734897281,patient,patient,max_image_outcome,max_calibrated_image_probability
vits16,101,0.01,4884.0,862.0,0.17649467649467648,0.8140508525614918,0.6180663954590462,0.11781373490344227,0.1036607751754716,1.0211098149580176,0.7830014729789619,0.017295193187686582,0.8294663573085846,0.5922426653406265,0.3036093418259023,0.40775733465937347,0.17053364269141535,0.16329966329966328,0.06829187094527568,patient,patient,max_image_outcome,max_calibrated_image_probability
vits16,102,0.01,4884.0,862.0,0.17649467649467648,0.8135951224183464,0.6172013455150507,0.11776741830202159,0.10341443711355526,1.010501184517711,0.781161882342147,0.017333196331147483,0.8271461716937355,0.5914967677772253,0.3026315789473684,0.40850323222277474,0.1728538283062645,0.16329966329966328,0.06169532606428593,patient,patient,max_image_outcome,max_calibrated_image_probability
vits16,103,0.01,4884.0,862.0,0.17649467649467648,0.8139946073855974,0.6172384183937983,0.1176522793799867,0.10305848899858795,1.0064503202391961,0.7817669978427562,0.016660562567602923,0.8352668213457076,0.5740924912978618,0.2959309494451295,0.4259075087021382,0.16473317865429238,0.16329966329966328,0.06682925099584637,patient,patient,max_image_outcome,max_calibrated_image_probability
vits16,104,0.01,4884.0,862.0,0.17649467649467648,0.8142562195627068,0.618314894396851,0.11789459472347748,0.10394127318508312,1.0238562993468596,0.7812450017620626,0.01724316040114723,0.8259860788863109,0.5947289905519642,0.3040136635354398,0.40527100944803585,0.17401392111368907,0.16329966329966328,0.06879271433180144,patient,patient,max_image_outcome,max_calibrated_image_probability
vits16,105,0.1,4884.0,862.0,0.17649467649467648,0.7910976289341337,0.5722559154103776,0.1141816069632951,0.07420334703601565,0.2034385290434035,0.6270381116519785,0.01637427772223107,0.8677494199535963,0.4477871705619095,0.25193667901650385,0.5522128294380906,0.13225058004640367,0.15909090909090906,0.11717879125834813,patient,patient,max_image_outcome,max_calibrated_image_probability
vits16,106,0.01,4884.0,862.0,0.17649467649467648,0.8141278651869475,0.61793146404256,0.11791105485347086,0.10390486024079722,1.024293303459717,0.78204292141767,0.017201814435076086,0.8283062645011601,0.5939830929885629,0.3042181508308479,0.4060169070114371,0.17169373549883993,0.16329966329966328,0.06879213371690339,patient,patient,max_image_outcome,max_calibrated_image_probability
vits16,107,0.01,4884.0,862.0,0.17649467649467648,0.8146052280900522,0.6178730601638247,0.11860242067361,0.10551898196507944,1.0565348044974299,0.781051349739231,0.016918474046385707,0.820185614849188,0.6031824962705122,0.3069908814589666,0.39681750372948776,0.17981438515081205,0.16329966329966328,0.06667471389906407,patient,patient,max_image_outcome,max_calibrated_image_probability
vits16,108,0.01,4884.0,862.0,0.17649467649467648,0.8150246151964659,0.619674384199747,0.11682576766151788,0.10173207417402258,0.9887606329047643,0.7827469620936626,0.017693901078641803,0.834106728538283,0.587518647439085,0.30235492010092513,0.412481352560915,0.16589327146171695,0.16329966329966328,0.05709656110047938,patient,patient,max_image_outcome,max_calibrated_image_probability
vits16,109,0.01,4884.0,862.0,0.17649467649467648,0.8135861808775631,0.617762204257845,0.11763665110889186,0.10326132837746296,1.0087391990872936,0.7813121341490511,0.017072822412384576,0.8317865429234339,0.5860268523122825,0.30100755667506296,0.41397314768771754,0.1682134570765661,0.16329966329966328,0.0678083720816717,patient,patient,max_image_outcome,max_calibrated_image_probability
vits16,110,0.01,4884.0,862.0,0.17649467649467648,0.8145530210293502,0.6190478405755303,0.11769923950032395,0.103503974767577,1.0275431662126364,0.7870082202279489,0.017307428498798464,0.8294663573085846,0.5900049726504226,0.30245346869712353,0.4099950273495774,0.17053364269141535,0.16329966329966328,0.06245088181176968,patient,patient,max_image_outcome,max_calibrated_image_probability
vits16,111,0.01,4884.0,862.0,0.17649467649467648,0.8149193357646632,0.6190990629148605,0.11618470342818928,0.10018210309638931,0.9621481949750614,0.7848275667943304,0.017276142325336644,0.839907192575406,0.5631526603679762,0.29181781539701734,0.4368473396320238,0.16009280742459397,0.11784511784511786,0.05432706088055261,patient,patient,max_image_outcome,max_calibrated_image_probability
vits16,112,0.01,4884.0,862.0,0.17649467649467648,0.8144088026296206,0.6184515446336023,0.11779738867928181,0.10373868713294364,1.0233314584874167,0.7824580523655995,0.017175463377022516,0.8306264501160093,0.5934858279462953,0.3045512547851978,0.40651417205370466,0.16937354988399067,0.16329966329966328,0.06845519369424295,patient,patient,max_image_outcome,max_calibrated_image_probability
vits16,113,0.01,4884.0,862.0,0.17649467649467648,0.8140139326511611,0.6177810459939119,0.11809482810650465,0.1043142670224154,1.0286439631770274,0.7802874023890637,0.017206050031318795,0.8236658932714617,0.5979612133267032,0.30511388053287497,0.40203878667329684,0.17633410672853833,0.16329966329966328,0.06891958156852693,patient,patient,max_image_outcome,max_calibrated_image_probability
vits16,114,0.01,4884.0,862.0,0.17649467649467648,0.8133337986780365,0.6168155060964451,0.1182844012289068,0.10450139578597936,1.0253787894004436,0.7775288483028471,0.017287688162225284,0.8213457076566125,0.6006961710591745,0.3059636992221262,0.3993038289408255,0.17865429234338748,0.16329966329966328,0.06464043322259674,patient,patient,max_image_outcome,max_calibrated_image_probability
vits16,115,0.01,4884.0,862.0,0.17649467649467648,0.813636945754268,0.6173162538122234,0.1180868279043721,0.10418675643470221,1.024640577823124,0.7808782484879736,0.017621843274328284,0.8178654292343387,0.6039283938339135,0.30678851174934724,0.3960716061660865,0.1821345707656613,0.1860269360269361,0.06948570632697208,patient,patient,max_image_outcome,max_calibrated_image_probability
vits16,116,0.01,4884.0,862.0,0.17649467649467648,0.8134223487754704,0.6169709011233883,0.11764527429251832,0.1029920795453407,0.9987003236753759,0.7800183878808105,0.017632777945353107,0.8283062645011601,0.5937344604674292,0.3040885860306644,0.40626553953257083,0.17169373549883993,0.16329966329966328,0.0665922400968348,patient,patient,max_image_outcome,max_calibrated_image_probability
vits16,117,0.01,4884.0,862.0,0.17649467649467648,0.8143586146265147,0.6183040611880068,0.1174286402563754,0.10281313297976054,1.0059650667846236,0.7832019368059095,0.017301680085489754,0.8317865429234339,0.5870213823968174,0.3015138772077376,0.41297861760318255,0.1682134570765661,0.16329966329966328,0.06616709198680246,patient,patient,max_image_outcome,max_calibrated_image_probability
vits16,118,0.1,4884.0,862.0,0.17649467649467648,0.7911827177899741,0.5726492387532245,0.11324749335706878,0.06919249123340386,0.14580361487713211,0.6264371783591872,0.016416729086034434,0.8747099767981439,0.4231725509696668,0.24528301886792453,0.5768274490303331,0.12529002320185612,0.13636363636363635,0.09707258479972936,patient,patient,max_image_outcome,max_calibrated_image_probability
vits16,119,0.01,4884.0,862.0,0.17649467649467648,0.811597697582092,0.6137691677735557,0.11831122173623906,0.10399379601150116,0.9871520953531502,0.7683141847777788,0.01725365584021486,0.8236658932714617,0.5969666832421681,0.3045903045903046,0.40303331675783194,0.17633410672853833,0.16329966329966328,0.06969420051974094,patient,patient,max_image_outcome,max_calibrated_image_probability
vits16,120,0.01,4884.0,862.0,0.17649467649467648,0.8135333969432621,0.6169751720902674,0.11890701781312585,0.10585505830335129,1.0551747764281625,0.780095393362831,0.017420449695158848,0.814385150812065,0.6101442068622576,0.3092511013215859,0.38985579313774243,0.18561484918793503,0.1860269360269361,0.07285442272941159,patient,patient,max_image_outcome,max_calibrated_image_probability
vits16,121,0.01,4884.0,862.0,0.17649467649467648,0.8141818028684463,0.6184474280016814,0.11783245269541925,0.10386551498814565,1.024406132168998,0.7821483435555129,0.017207995244194627,0.8283062645011601,0.5954748881153655,0.30499786416061514,0.40452511188463447,0.17169373549883993,0.16329966329966328,0.06860256219271497,patient,patient,max_image_outcome,max_calibrated_image_probability
vits16,122,0.01,4884.0,862.0,0.17649467649467648,0.8135573371976172,0.617659902714611,0.11839078377012019,0.10494386633110883,1.0411448215704906,0.7810123970452869,0.01760142221047611,0.8155452436194895,0.6079065141720537,0.30833333333333335,0.39209348582794634,0.18445475638051045,0.2087542087542088,0.06552803465110361,patient,patient,max_image_outcome,max_calibrated_image_probability
vits16,123,0.01,4884.0,862.0,0.17649467649467648,0.8126923152360394,0.6147906830049062,0.11847132488154016,0.10442735074974852,1.0183889299348008,0.7776037848866401,0.016865542423868635,0.8259860788863109,0.5892590750870214,0.3011844331641286,0.41074092491297864,0.17401392111368907,0.16329966329966328,0.06678827805009951,patient,patient,max_image_outcome,max_calibrated_image_probability
vits16,124,0.1,4884.0,862.0,0.17649467649467648,0.7910488831150252,0.5739310270124296,0.11134242427533368,0.05777597675445706,0.03248075933631187,0.6312238699349493,0.017607100266795347,0.8874709976798144,0.3918448533068125,0.23824353783867955,0.6081551466931875,0.11252900232018559,0.09090909090909094,0.16838287698007123,patient,patient,max_image_outcome,max_calibrated_image_probability
vits16,125,0.01,4884.0,862.0,0.17649467649467648,0.813665212560615,0.6171324405085249,0.11790112845722435,0.10377760375546283,1.0147698474063123,0.7791373890116815,0.017456709203817606,0.8236658932714617,0.5987071108901044,0.3055077452667814,0.4012928891098956,0.17633410672853833,0.16329966329966328,0.06821779437923732,patient,patient,max_image_outcome,max_calibrated_image_probability
vits16,126,0.1,4884.0,862.0,0.17649467649467648,0.790739678866005,0.5704935292051381,0.114559224436703,0.07464275422253969,0.19648033312156782,0.6204352776957377,0.01792165805519607,0.8596287703016241,0.48209845847836896,0.2623937677053824,0.517901541521631,0.1403712296983759,0.15909090909090906,0.11515688374472294,patient,patient,max_image_outcome,max_calibrated_image_probability
vits16,127,0.01,4884.0,862.0,0.17649467649467648,0.813855580848258,0.6186329143409475,0.11813750839929524,0.10449818488482218,1.032881594251462,0.7806808725687012,0.017092999452269494,0.8248259860788864,0.594977623073098,0.3038461538461538,0.405022376926902,0.17517401392111365,0.16329966329966328,0.06287879071262298,patient,patient,max_image_outcome,max_calibrated_image_probability
vits16,128,0.01,4884.0,862.0,0.17649467649467648,0.814331790004165,0.6196643664263112,0.11800633667251799,0.10444247771565333,1.0487658015992078,0.7875834504440359,0.016509681942414266,0.8329466357308585,0.5825459970164097,0.29954109303295784,0.41745400298359026,0.16705336426914152,0.14057239057239057,0.07192344660235094,patient,patient,max_image_outcome,max_calibrated_image_probability
vits16,129,0.01,4884.0,862.0,0.17649467649467648,0.8136663663078126,0.6166322292561557,0.1180592921137346,0.1039409273451565,1.0151112210865105,0.7784057231143138,0.01734843741668357,0.8259860788863109,0.5957235206364992,0.3045337895637297,0.40427647936350075,0.17401392111368907,0.16329966329966328,0.06763805513851168,patient,patient,max_image_outcome,max_calibrated_image_probability
vits16,130,0.01,4884.0,862.0,0.17649467649467648,0.8138679836306347,0.6176919527915719,0.11811314863535405,0.10450182448131984,1.032626430317117,0.7799974719728613,0.016501038449671646,0.8317865429234339,0.58652411735455,0.30126050420168066,0.41347588264545,0.1682134570765661,0.16329966329966328,0.07210532914115679,patient,patient,max_image_outcome,max_calibrated_image_probability
vits16,131,0.01,4884.0,862.0,0.17649467649467648,0.8134266753274623,0.616072774397756,0.11790545022305565,0.1034181658694561,1.0124879028582667,0.7824747443371699,0.01665025364584897,0.8375870069605569,0.574838388861263,0.296875,0.42516161113873696,0.16241299303944312,0.16329966329966328,0.0672662415644214,patient,patient,max_image_outcome,max_calibrated_image_probability
vits16,132,0.01,4884.0,862.0,0.17649467649467648,0.813104779859266,0.6158361757742995,0.11898795092340295,0.10588433313802391,1.0542144640039726,0.7799915349367232,0.0176599705728027,0.8062645011600929,0.6153654898060666,0.30999107939339876,0.38463451019393335,0.19373549883990715,0.1860269360269361,0.07360299891943234,patient,patient,max_image_outcome,max_calibrated_image_probability
vits16,133,0.01,4884.0,862.0,0.17649467649467648,0.813745686427664,0.618119288150388,0.11790972936208498,0.10385985121817964,1.0236406538771248,0.783049159951291,0.0176289097027813,0.8236658932714617,0.5999502734957732,0.3061664510564899,0.40004972650422677,0.17633410672853833,0.16329966329966328,0.06889222591689649,patient,patient,max_image_outcome,max_calibrated_image_probability
vits16,134,0.01,4884.0,862.0,0.17649467649467648,0.8145740769157107,0.6179959996480204,0.11765738302693297,0.10334443818816359,1.0191738289444217,0.783548454197719,0.016198567602404824,0.839907192575406,0.5681253107906514,0.29418935392117024,0.4318746892093486,0.16009280742459397,0.14057239057239057,0.061589427762762106,patient,patient,max_image_outcome,max_calibrated_image_probability
vits16,135,0.01,4884.0,862.0,0.17649467649467648,0.8141122895997766,0.6182690570536197,0.11774214337650164,0.10355852623172938,1.0163832209435455,0.7811705396342942,0.01712835859965211,0.8306264501160093,0.5914967677772253,0.3035184400169563,0.40850323222277474,0.16937354988399067,0.16329966329966328,0.0677762279149487,patient,patient,max_image_outcome,max_calibrated_image_probability
vits16,136,0.01,4884.0,862.0,0.17649467649467648,0.8130225753714201,0.6167550849523394,0.1180587892694768,0.1039622784373488,1.02006676901726,0.7824500194656907,0.017472838593899535,0.8213457076566125,0.5934858279462953,0.30217669654289375,0.40651417205370466,0.17865429234338748,0.1860269360269361,0.06951554282704173,patient,patient,max_image_outcome,max_calibrated_image_probability
vits16,137,0.01,4884.0,862.0,0.17649467649467648,0.8143404431081488,0.6168576505669282,0.11834715040075452,0.10455595832175463,1.0380181582359604,0.7838361617774507,0.01676679943825472,0.8283062645011601,0.5887618100447538,0.3015202702702703,0.4112381899552462,0.17169373549883993,0.16329966329966328,0.06956060895602076,patient,patient,max_image_outcome,max_calibrated_image_probability
vits16,138,0.01,4884.0,862.0,0.17649467649467648,0.814296600714631,0.6184794460495158,0.11767724899103502,0.10346232075648018,1.0189603731819652,0.7832381874152933,0.017333675501486033,0.8283062645011601,0.5934858279462953,0.30395913154533843,0.40651417205370466,0.17169373549883993,0.16329966329966328,0.06758151020571455,patient,patient,max_image_outcome,max_calibrated_image_probability
vits16,139,0.01,4884.0,862.0,0.17649467649467648,0.8147315634082153,0.619400274315192,0.11730706108551178,0.10269726347987536,1.0155144496002877,0.7876370436673413,0.01698334515310469,0.8364269141531323,0.5793137742416709,0.2987981765437215,0.42068622575832915,0.1635730858468677,0.14057239057239057,0.06637142598904291,patient,patient,max_image_outcome,max_calibrated_image_probability
vits16,140,0.01,4884.0,862.0,0.17649467649467648,0.8160621223641203,0.6211097044004623,0.11659213818969096,0.10139364651473609,1.0031425793349644,0.7915375122413246,0.0190355280337443,0.820185614849188,0.6079065141720537,0.3095446584938704,0.39209348582794634,0.17981438515081205,0.1860269360269361,0.057086850853984974,patient,patient,max_image_outcome,max_calibrated_image_probability
vits16,141,0.01,4884.0,862.0,0.17649467649467648,0.8143972651576421,0.6191637343792843,0.116916454613478,0.10194143756336008,0.9861445420402272,0.7800790738439133,0.01703066345155289,0.8364269141531323,0.578070611636002,0.29818031430934655,0.42192938836399796,0.1635730858468677,0.14057239057239057,0.05806499470885346,patient,patient,max_image_outcome,max_calibrated_image_probability
vits16,142,0.01,4884.0,862.0,0.17649467649467648,0.8144125523080136,0.6181483669610394,0.11804632954355465,0.10423701485690264,1.0347091634541663,0.7836914966416207,0.01693195381427381,0.8317865429234339,0.5895077076081552,0.30278716216216217,0.4104922923918448,0.1682134570765661,0.16329966329966328,0.06968669141312919,patient,patient,max_image_outcome,max_calibrated_image_probability
vits16,143,0.1,4884.0,862.0,0.17649467649467648,0.7902750071820762,0.5689090780857355,0.11493943526988475,0.07595205784262594,0.22208887164708274,0.6284108125309729,0.01613239277185817,0.8631090487238979,0.4470412729985082,0.25067385444743934,0.5529587270014917,0.13689095127610207,0.13636363636363635,0.13768584282521293,patient,patient,max_image_outcome,max_calibrated_image_probability
vits16,144,0.01,4884.0,862.0,0.17649467649467648,0.8137554932788457,0.6169177613009572,0.11780872979276022,0.10346147175744033,1.0098937561359156,0.7798031640379444,0.01719003059537963,0.8283062645011601,0.5897563401292889,0.3020304568527919,0.4102436598707111,0.17169373549883993,0.16329966329966328,0.06718423731090416,patient,patient,max_image_outcome,max_calibrated_image_probability
vits16,145,0.01,4884.0,862.0,0.17649467649467648,0.813763281072431,0.6179605631587611,0.11793326823879409,0.10376108445688101,1.0242355464610617,0.7846554505515253,0.017382058928686935,0.8317865429234339,0.591745400298359,0.3039423484527342,0.408254599701641,0.1682134570765661,0.16329966329966328,0.0662139759209889,patient,patient,max_image_outcome,max_calibrated_image_probability
vits16,146,0.01,4884.0,862.0,0.17649467649467648,0.8144186094808022,0.6181234389927343,0.11788483675596587,0.10386121751018967,1.0275913706392106,0.7836301361850947,0.017214675443578523,0.8271461716937355,0.5939830929885629,0.30392156862745096,0.4060169070114371,0.1728538283062645,0.16329966329966328,0.06842161140384481,patient,patient,max_image_outcome,max_calibrated_image_probability
vits16,147,0.01,4884.0,862.0,0.17649467649467648,0.8140208551343481,0.6179209037289901,0.11791560684196631,0.10390512344778673,1.0237402198283672,0.7818964265431791,0.017270798398061848,0.8271461716937355,0.594977623073098,0.3044406490179334,0.405022376926902,0.1728538283062645,0.16329966329966328,0.06867320510370667,patient,patient,max_image_outcome,max_calibrated_image_probability
vits16,148,0.1,4884.0,862.0,0.17649467649467648,0.7902807759180656,0.5692695031674496,0.11394494282689083,0.07108516275554613,0.15475885544798754,0.6204154977051518,0.016931660592857264,0.8735498839907193,0.447289905519642,0.2530241935483871,0.552710094480358,0.1264501160092807,0.13636363636363635,0.13376876181121225,patient,patient,max_image_outcome,max_calibrated_image_probability
vits16,149,0.01,4884.0,862.0,0.17649467649467648,0.8141339223597361,0.618106837587483,0.11784114970726892,0.10375853000553789,1.0233594211398576,0.7829459182564732,0.017431679289043416,0.8259860788863109,0.5972153157633019,0.3053173241852487,0.4027846842366981,0.17401392111368907,0.16329966329966328,0.06817251903151152,patient,patient,max_image_outcome,max_calibrated_image_probability
vits16,150,0.01,4884.0,862.0,0.17649467649467648,0.8139810508560228,0.6176468344648242,0.11799134503844615,0.10398502264229335,1.023786107516519,0.781521412929889,0.017300311977215595,0.8294663573085846,0.5954748881153655,0.30529461998292057,0.40452511188463447,0.17053364269141535,0.16329966329966328,0.06893106512336993,patient,patient,max_image_outcome,max_calibrated_image_probability
vits16,151,0.01,4884.0,862.0,0.17649467649467648,0.8140191245135514,0.6179526449205929,0.11799796684072422,0.10410655829225146,1.0261701657533508,0.781382915345799,0.017263443460793036,0.8271461716937355,0.5962207856787668,0.30509199828840394,0.4037792143212332,0.1728538283062645,0.16329966329966328,0.06916540840793861,patient,patient,max_image_outcome,max_calibrated_image_probability
vits16,152,0.01,4884.0,862.0,0.17649467649467648,0.8141832450524435,0.6185116690591735,0.11784547449753972,0.1038895539322171,1.0276096947967261,0.7834461465778333,0.017346720407019445,0.8271461716937355,0.594977623073098,0.3044406490179334,0.405022376926902,0.1728538283062645,0.16329966329966328,0.06883655202779897,patient,patient,max_image_outcome,max_calibrated_image_probability
vits16,153,0.01,4884.0,862.0,0.17649467649467648,0.81395595685447,0.6178152362443164,0.11782162517613219,0.10371485758186508,1.01829277627727,0.7812566339257226,0.017313804063748633,0.8294663573085846,0.594977623073098,0.3050341296928328,0.405022376926902,0.17053364269141535,0.16329966329966328,0.06826059887197407,patient,patient,max_image_outcome,max_calibrated_image_probability
vits16,154,0.01,4884.0,862.0,0.17649467649467648,0.8147563689729689,0.6188063992673283,0.11801111524440765,0.10429506197476243,1.041248102146817,0.7854358495839632,0.017224703628076533,0.8283062645011601,0.5987071108901044,0.30670103092783507,0.4012928891098956,0.17169373549883993,0.16329966329966328,0.06391444953641169,patient,patient,max_image_outcome,max_calibrated_image_probability
vits16,155,0.01,4884.0,862.0,0.17649467649467648,0.8131278548032227,0.616610850609358,0.11834986869017859,0.10458171789741781,1.0341195337192433,0.7821126345604883,0.017075110923132696,0.8213457076566125,0.5934858279462953,0.30217669654289375,0.40651417205370466,0.17865429234338748,0.1860269360269361,0.06288170849426487,patient,patient,max_image_outcome,max_calibrated_image_probability
vits16,156,0.01,4884.0,862.0,0.17649467649467648,0.8140199898239496,0.6174611739570113,0.11788740259596048,0.1036536638120825,1.0183707303445309,0.7820768916457375,0.017450134999201405,0.8271461716937355,0.5969666832421681,0.305484147386461,0.40303331675783194,0.1728538283062645,0.16329966329966328,0.0626557796703818,patient,patient,max_image_outcome,max_calibrated_image_probability
vits16,157,0.01,4884.0,862.0,0.17649467649467648,0.8148143447696602,0.6177976217993553,0.11582346120846478,0.09833399133712856,0.9373126453851699,0.7924383677858458,0.0166478977251489,0.8526682134570766,0.5290900049726505,0.2795739825028528,0.47090999502734954,0.14733178654292345,0.14057239057239057,0.04890955322734897,patient,patient,max_image_outcome,max_calibrated_image_probability
vits16,158,0.01,4884.0,862.0,0.17649467649467648,0.8139637446480552,0.617641546875214,0.11801559092630451,0.1040252273744151,1.0232601067439113,0.7810146943671449,0.01727904643409849,0.8259860788863109,0.5964694181999005,0.3049250535331906,0.4035305818000995,0.17401392111368907,0.16329966329966328,0.06900959074712802,patient,patient,max_image_outcome,max_calibrated_image_probability
vits16,159,0.01,4884.0,862.0,0.17649467649467648,0.8129845017138915,0.6170812040099122,0.11846888125478984,0.10498196907218484,1.0280642928885535,0.7746612313446801,0.016296562180608692,0.8294663573085846,0.58652411735455,0.30067283431455005,0.41347588264545,0.17053364269141535,0.14057239057239057,0.07170093396328772,patient,patient,max_image_outcome,max_calibrated_image_probability
vits16,160,0.01,4884.0,862.0,0.17649467649467648,0.8143240022105797,0.618402466053598,0.11811912199047979,0.10448222271208302,1.0338465895964262,0.780517889160537,0.017438006539699617,0.8225058004640371,0.6036797613127797,0.3078593139383413,0.3963202386872203,0.1774941995359629,0.1860269360269361,0.07002923319784911,patient,patient,max_image_outcome,max_calibrated_image_probability
vits16,161,0.01,4884.0,862.0,0.17649467649467648,0.8140866187246247,0.6174467609257274,0.11821305324689498,0.1045205443351024,1.0327943477376305,0.7801177949637368,0.017022978662900128,0.8248259860788864,0.5954748881153655,0.3041060735671514,0.40452511188463447,0.17517401392111365,0.16329966329966328,0.0648164349648715,patient,patient,max_image_outcome,max_calibrated_image_probability
vits16,162,0.01,4884.0,862.0,0.17649467649467648,0.8142342983659479,0.6181796895240436,0.11798597068594605,0.104130348222976,1.029284929037103,0.7823793048981181,0.01741583697602472,0.8248259860788864,0.5989557434112381,0.3059380378657487,0.40104425658876186,0.17517401392111365,0.16329966329966328,0.06931042803692694,patient,patient,max_image_outcome,max_calibrated_image_probability
vits16,163,0.01,4884.0,862.0,0.17649467649467648,0.8128650888789154,0.6159581909608444,0.11767314102208996,0.10277472039002489,0.9879908525071217,0.777467438371741,0.016970461249769,0.8317865429234339,0.5778219791148682,0.2968944099378882,0.4221780208851318,0.1682134570765661,0.16329966329966328,0.06294298215763419,patient,patient,max_image_outcome,max_calibrated_image_probability
vits16,164,0.01,4884.0,862.0,0.17649467649467648,0.8144849499446779,0.6189375424581296,0.11822798111468899,0.10486839015865448,1.050474465843372,0.7848671262526506,0.017886981447477135,0.8167053364269141,0.6121332670313276,0.31095406360424027,0.38786673296867236,0.18329466357308588,0.16329966329966328,0.0715726183102792,patient,patient,max_image_outcome,max_calibrated_image_probability
vits16,165,0.01,4884.0,862.0,0.17649467649467648,0.8134027350731071,0.6162421823271859,0.11941286751498457,0.10697529008160528,1.0706857476948046,0.7769817715215668,0.01743983030299901,0.808584686774942,0.6220785678766783,0.3143888137122237,0.37792143212332174,0.191415313225058,0.2087542087542088,0.0700615560510303,patient,patient,max_image_outcome,max_calibrated_image_probability
vits16,166,0.1,4884.0,862.0,0.17649467649467648,0.7907690994195498,0.5710784767290196,0.11380576159127405,0.0712378968019317,0.16622245942970187,0.6249742109816709,0.017717153149105228,0.8631090487238979,0.4577324714072601,0.25435897435897437,0.5422675285927399,0.13689095127610207,0.15909090909090906,0.11601799721737989,patient,patient,max_image_outcome,max_calibrated_image_probability
vits16,167,0.01,4884.0,862.0,0.17649467649467648,0.8136389648118642,0.616926943912728,0.11884774741327635,0.10594283879599399,1.0538576438211318,0.7770744008087919,0.01760085906921426,0.8062645011600929,0.6190949776230731,0.31207903008531657,0.3809050223769269,0.19373549883990715,0.1860269360269361,0.07415794355480879,patient,patient,max_image_outcome,max_calibrated_image_probability
vits16,168,0.01,4884.0,862.0,0.17649467649467648,0.8143929386056503,0.6184299619795172,0.1176901343457767,0.10345118659154001,1.0228180259723272,0.7851247057591371,0.017362543573926068,0.8283062645011601,0.5924912978617604,0.3034424139396515,0.40750870213823964,0.17169373549883993,0.16329966329966328,0.06758528240883035,patient,patient,max_image_outcome,max_calibrated_image_probability
vits16,169,0.01,4884.0,862.0,0.17649467649467648,0.8139170178865427,0.617738363390988,0.11821399196923538,0.10458726270075512,1.032274856223156,0.7794849727637546,0.017557197118933766,0.8190255220417634,0.6059174540029836,0.30816237450894807,0.3940825459970164,0.18097447795823662,0.16329966329966328,0.07039752254988255,patient,patient,max_image_outcome,max_calibrated_image_probability
vits16,170,0.01,4884.0,862.0,0.17649467649467648,0.8136911718725661,0.6184558795556158,0.11800950476584714,0.10408168684199563,1.0377814767083797,0.789417053348059,0.017460183313354485,0.8271461716937355,0.5900049726504226,0.3018628281117697,0.4099950273495774,0.1728538283062645,0.1860269360269361,0.0711968502302844,patient,patient,max_image_outcome,max_calibrated_image_probability
vits16,171,0.01,4884.0,862.0,0.17649467649467648,0.8121930311361756,0.6146894802270135,0.11822556109045206,0.10405101065812367,0.995565866114231,0.7700989149948523,0.016399514890894668,0.8294663573085846,0.5818000994530085,0.2982895285773884,0.4181999005469915,0.17053364269141535,0.16329966329966328,0.0693201691849216,patient,patient,max_image_outcome,max_calibrated_image_probability
vits16,172,0.01,4884.0,862.0,0.17649467649467648,0.8133101468604808,0.6172497922053245,0.11755438905835462,0.10291519495137824,0.9980295048062509,0.7799121278660589,0.01715161632212231,0.8329466357308585,0.583291894579811,0.29991645781119464,0.416708105420189,0.16705336426914152,0.16329966329966328,0.06133615302916029,patient,patient,max_image_outcome,max_calibrated_image_probability
vits16,173,0.01,4884.0,862.0,0.17649467649467648,0.8140502756878928,0.6185537863315743,0.11771834820504386,0.10354693071458762,1.020097866217628,0.7836225541602327,0.017318154975503715,0.8283062645011601,0.5900049726504226,0.302158273381295,0.4099950273495774,0.17169373549883993,0.16329966329966328,0.06840396682756025,patient,patient,max_image_outcome,max_calibrated_image_probability
vits16,174,0.01,4884.0,862.0,0.17649467649467648,0.814446010976751,0.618308671640224,0.11794293437720813,0.10393381716132612,1.0264146454038119,0.7825422491447142,0.016756757320754805,0.8329466357308585,0.5860268523122825,0.3013008812421318,0.41397314768771754,0.16705336426914152,0.16329966329966328,0.06804556076041367,patient,patient,max_image_outcome,max_calibrated_image_probability
vits16,175,0.1,4884.0,862.0,0.17649467649467648,0.7909052415888944,0.5715155327803505,0.11422903743186952,0.07400165005983682,0.19918806684312018,0.6264911616761342,0.01588606484786367,0.8700696055684455,0.43983092988562905,0.24975024975024976,0.5601690701143709,0.12993039443155452,0.13636363636363635,0.10604481137829488,patient,patient,max_image_outcome,max_calibrated_image_probability
vits16,176,0.01,4884.0,862.0,0.17649467649467648,0.8144024570200324,0.6184734689308734,0.11781203677749799,0.1037489846608299,1.0260561152363101,0.7841671703246035,0.017182796928021,0.8294663573085846,0.5912481352560915,0.30309453158117844,0.40875186474390846,0.17053364269141535,0.16329966329966328,0.06814380356738617,patient,patient,max_image_outcome,max_calibrated_image_probability
vits16,177,0.01,4884.0,862.0,0.17649467649467648,0.8140871955982237,0.6179507871569672,0.11756921742178603,0.1030236325078275,1.0159310227632103,0.7864808531422602,0.017152076227480547,0.8317865429234339,0.5820487319741422,0.29899916597164305,0.4179512680258578,0.1682134570765661,0.16329966329966328,0.06672153460922499,patient,patient,max_image_outcome,max_calibrated_image_probability
vits16,178,0.01,4884.0,862.0,0.17649467649467648,0.8132867834797245,0.6162135171424612,0.11747549866758059,0.10240494597717356,0.9887113090754259,0.7812589741675796,0.017528139871522283,0.8294663573085846,0.5837891596220786,0.29928840519045624,0.41621084037792144,0.17053364269141535,0.16329966329966328,0.06255454343681807,patient,patient,max_image_outcome,max_calibrated_image_probability
vits16,179,0.1,4884.0,862.0,0.17649467649467648,0.7905369077959852,0.5705101938669654,0.11409614352101659,0.07222254803505648,0.17189444751938748,0.6228514885080728,0.016077280501184895,0.87122969837587,0.43635007458975633,0.24884029158383036,0.5636499254102436,0.12877030162412995,0.13636363636363635,0.13530215690127095,patient,patient,max_image_outcome,max_calibrated_image_probability
vits16,180,0.01,4884.0,862.0,0.17649467649467648,0.813623100787894,0.6171405073607917,0.11854647675328148,0.10516832133802748,1.0444399262581359,0.7812510461919336,0.016970162137822233,0.8248259860788864,0.5974639482844356,0.3051502145922747,0.4025360517155644,0.17517401392111365,0.16329966329966328,0.07130630785808062,patient,patient,max_image_outcome,max_calibrated_image_probability
vits16,181,0.01,4884.0,862.0,0.17649467649467648,0.8142726604602759,0.6179187187564956,0.11784242558610603,0.10376903541216637,1.0218621717976148,0.7812927416627914,0.017475265886800075,0.8213457076566125,0.6004475385380408,0.30583153347732184,0.3995524614619592,0.17865429234338748,0.16329966329966328,0.06781338403704698,patient,patient,max_image_outcome,max_calibrated_image_probability
vits16,182,0.01,4884.0,862.0,0.17649467649467648,0.8128203811749991,0.615704640584664,0.11946547470978375,0.10697265546639471,1.074080537849559,0.7802498009824489,0.016431138694271763,0.8190255220417634,0.5987071108901044,0.30431034482758623,0.4012928891098956,0.18097447795823662,0.1860269360269361,0.07625533592395177,patient,patient,max_image_outcome,max_calibrated_image_probability
vits16,183,0.01,4884.0,862.0,0.17649467649467648,0.8155443783090912,0.6197913528554275,0.11867140714684511,0.10599788936245284,1.0741302492405758,0.7829370244670816,0.01731352976309858,0.8190255220417634,0.6141223272003978,0.312666076173605,0.38587767279960217,0.18097447795823662,0.1860269360269361,0.07289614167501621,patient,patient,max_image_outcome,max_calibrated_image_probability
vits16,184,0.1,4884.0,862.0,0.17649467649467648,0.7902652003308946,0.5668439419051634,0.1153257764048545,0.07740182333310501,0.23130388306044114,0.6234213540675341,0.017146072369574213,0.8549883990719258,0.4751367478866236,0.25877808988764045,0.5248632521133765,0.1450116009280742,0.13636363636363635,0.10917465222118945,patient,patient,max_image_outcome,max_calibrated_image_probability
vits16,185,0.01,4884.0,862.0,0.17649467649467648,0.8147128150162505,0.6194969433312242,0.1177539261674896,0.10384177485750562,1.034962158841436,0.7866589656570243,0.017025984102409162,0.8329466357308585,0.5890104425658876,0.3028258118937157,0.41098955743411236,0.16705336426914152,0.16329966329966328,0.06928370116707909,patient,patient,max_image_outcome,max_calibrated_image_probability
vits16,186,0.01,4884.0,862.0,0.17649467649467648,0.8128786454084899,0.6154740429509291,0.11707914975811466,0.10123164145639581,0.9556209810406835,0.7762492256227801,0.0164145160752998,0.8422273781902552,0.555942317255097,0.2890127388535032,0.444057682744903,0.15777262180974483,0.14057239057239057,0.057199101580415884,patient,patient,max_image_outcome,max_calibrated_image_probability
vits16,187,0.01,4884.0,862.0,0.17649467649467648,0.8142940047834359,0.6194881997506866,0.11815936925345129,0.10484649865019938,1.0504237377268733,0.7852663176320689,0.01683599309006307,0.8248259860788864,0.5937344604674292,0.3031982942430704,0.40626553953257083,0.17517401392111365,0.16329966329966328,0.07150962315321559,patient,patient,max_image_outcome,max_calibrated_image_probability
vits16,188,0.1,4884.0,862.0,0.17649467649467648,0.7907656381779562,0.5718389225820171,0.11413057506563394,0.07348939747778621,0.19029443487015316,0.6244683922796811,0.016496213807333425,0.8665893271461717,0.44803580308304325,0.2517694641051567,0.5519641969169568,0.13341067285382835,0.15909090909090906,0.11679510916762353,patient,patient,max_image_outcome,max_calibrated_image_probability
vits16,189,0.1,4884.0,862.0,0.17649467649467648,0.7895983344505451,0.567620215546064,0.11405862780352634,0.07020177563088986,0.1501591915756699,0.6252173896014159,0.015904138904318018,0.8793503480278422,0.4169567379413227,0.2442797292942314,0.5830432620586773,0.12064965197215782,0.13636363636363635,0.096923615477635,patient,patient,max_image_outcome,max_calibrated_image_probability
vits16,190,0.01,4884.0,862.0,0.17649467649467648,0.8157757046222573,0.6198246514968678,0.11800818302507309,0.10457206896693433,1.0575979317525228,0.7886113383575465,0.017411929351161787,0.8213457076566125,0.605420188960716,0.3084967320261438,0.39457981103928397,0.17865429234338748,0.16329966329966328,0.06541381135896573,patient,patient,max_image_outcome,max_calibrated_image_probability
vits16,191,0.01,4884.0,862.0,0.17649467649467648,0.8139954726959957,0.617763601859216,0.11790237505401506,0.10378586169102771,1.0189418535630526,0.7811653145694211,0.017342241463803563,0.8271461716937355,0.5957235206364992,0.30483112441214194,0.40427647936350075,0.1728538283062645,0.16329966329966328,0.0683255596274155,patient,patient,max_image_outcome,max_calibrated_image_probability
vits16,192,0.01,4884.0,862.0,0.17649467649467648,0.8131535256783745,0.6164563270368302,0.11757907427988469,0.10271449798375491,0.9911517521274821,0.7797193919755072,0.01756603132627749,0.8306264501160093,0.590750870213824,0.30313293818797626,0.409249129786176,0.16937354988399067,0.16329966329966328,0.0606830692660144,patient,patient,max_image_outcome,max_calibrated_image_probability
vits16,193,0.01,4884.0,862.0,0.17649467649467648,0.8146603195187491,0.6178171298660977,0.11836521726316772,0.10515097880459223,1.0525952602709883,0.7819982045010011,0.01727558249667512,0.8190255220417634,0.6089010442565888,0.30978499341816584,0.39109895574341125,0.18097447795823662,0.1860269360269361,0.06633766829058942,patient,patient,max_image_outcome,max_calibrated_image_probability
vits16,194,0.1,4884.0,862.0,0.17649467649467648,0.7907062201972677,0.5714573562835075,0.11383319571677879,0.07202893189549535,0.17983740228978787,0.6283892328302529,0.016905753842479394,0.8665893271461717,0.4420686225758329,0.24974924774322968,0.5579313774241671,0.13341067285382835,0.15909090909090906,0.09299739092849646,patient,patient,max_image_outcome,max_calibrated_image_probability
vits16,195,0.01,4884.0,862.0,0.17649467649467648,0.8146179193092284,0.6184668889074566,0.11791081873421992,0.10393287755239125,1.0279833809535213,0.7826131879071899,0.016567946151328023,0.834106728538283,0.5857782197911486,0.3014675052410902,0.41422178020885136,0.16589327146171695,0.16329966329966328,0.06902431266577046,patient,patient,max_image_outcome,max_calibrated_image_probability
vits16,196,0.1,4884.0,862.0,0.17649467649467648,0.7927327771502676,0.576187282042966,0.11258325251695633,0.06883080171998486,0.15851517930288095,0.6334975374584547,0.01767433410467963,0.8619489559164734,0.443063152660368,0.24907810928595372,0.556936847339632,0.13805104408352664,0.15909090909090906,0.12184762887838574,patient,patient,max_image_outcome,max_calibrated_image_probability
vits16,197,0.01,4884.0,862.0,0.17649467649467648,0.8136158898679074,0.6162402742447227,0.11851273757225181,0.10495671791550527,1.0287236529136479,0.7754757266892351,0.016384448890601484,0.8236658932714617,0.5942317255096967,0.3031596925704526,0.4057682744903033,0.17633410672853833,0.16329966329966328,0.069168928399113,patient,patient,max_image_outcome,max_calibrated_image_probability
vits16,198,0.01,4884.0,862.0,0.17649467649467648,0.8133084162396842,0.616893235495849,0.118904037939584,0.10576295562009964,1.0608138309479305,0.7845233660598098,0.01747628437280723,0.8167053364269141,0.6081551466931875,0.3087719298245614,0.3918448533068125,0.18329466357308588,0.16329966329966328,0.07293351039928,patient,patient,max_image_outcome,max_calibrated_image_probability
vits16,199,0.01,4884.0,862.0,0.17649467649467648,0.8136366573174685,0.6166184791064184,0.11770270294689014,0.10314473242481208,1.0013092079047548,0.779547265902152,0.016692769852558388,0.8364269141531323,0.5783192441571358,0.298303682250724,0.42168075584286424,0.1635730858468677,0.16329966329966328,0.062158490750933965,patient,patient,max_image_outcome,max_calibrated_image_probability
convnext_tiny,0,0.01,4884.0,862.0,0.17649467649467648,0.7484577284332921,0.528381469803913,0.14746191573312645,0.14613172208038783,1.0663328149305693,0.5644276737405733,0.016143687961170473,0.5881670533642691,0.8276976628543014,0.4225,0.17230233714569865,0.4118329466357309,0.23863636363636365,0.16472771115298268,patient,patient,max_image_outcome,max_calibrated_image_probability
convnext_tiny,1,0.01,4884.0,862.0,0.17649467649467648,0.7482264021201259,0.5283612173357785,0.14751573403689053,0.14622558704075012,1.0650149900046162,0.5633846010399173,0.016105587643010837,0.5846867749419954,0.8289408254599702,0.4228187919463087,0.17105917454002983,0.4153132250580046,0.23863636363636365,0.1651653832759295,patient,patient,max_image_outcome,max_calibrated_image_probability
convnext_tiny,2,0.01,4884.0,862.0,0.17649467649467648,0.748210826532955,0.5274257302497452,0.14710448980110832,0.14551634382226586,1.0435864167445401,0.5633619382402373,0.016191410217612688,0.5916473317865429,0.8212332173048235,0.4149715215622457,0.17876678269517654,0.40835266821345706,0.21590909090909094,0.14736607594516937,patient,patient,max_image_outcome,max_calibrated_image_probability
convnext_tiny,3,0.01,4884.0,862.0,0.17649467649467648,0.7479786349093904,0.5275651553282704,0.14746378744492467,0.14607376973322805,1.055819253619705,0.5625421714088813,0.016485122930539855,0.58584686774942,0.8311785181501741,0.4265202702702703,0.16882148184982593,0.41415313225058004,0.23863636363636365,0.14887984981092117,patient,patient,max_image_outcome,max_calibrated_image_probability
convnext_tiny,4,0.01,4884.0,862.0,0.17649467649467648,0.7478266287160754,0.5268745024984534,0.14772041496887292,0.146375862337518,1.0646236186418987,0.5631449591695472,0.016379642137185943,0.5823665893271461,0.8331675783192442,0.4279624893435635,0.16683242168075585,0.41763341067285387,0.26388888888888884,0.16575743027727155,patient,patient,max_image_outcome,max_calibrated_image_probability
convnext_tiny,5,0.01,4884.0,862.0,0.17649467649467648,0.748200731244974,0.5279495840448056,0.14737615612410804,0.14598987307872613,1.0538745773759932,0.5622942765798232,0.016268090671867835,0.58584686774942,0.8279462953754351,0.4218880534670008,0.17205370462456493,0.41415313225058004,0.26388888888888884,0.1485114302058087,patient,patient,max_image_outcome,max_calibrated_image_probability
convnext_tiny,6,0.01,4884.0,862.0,0.17649467649467648,0.7482118360617531,0.5286078909060911,0.14744275538262325,0.14613638308388527,1.0618767366581325,0.5635442184565993,0.016157999126063787,0.58584686774942,0.8269517652909001,0.42048293089092426,0.1730482347090999,0.41415313225058004,0.23863636363636365,0.1652132026449013,patient,patient,max_image_outcome,max_calibrated_image_probability
convnext_tiny,7,0.01,4884.0,862.0,0.17649467649467648,0.7481375635858925,0.5283662237156351,0.14743905642030058,0.14612171862469803,1.0614093940760225,0.5632908749870992,0.01612692670149116,0.5870069605568445,0.8279462953754351,0.42237061769616024,0.17205370462456493,0.41299303944315546,0.23863636363636365,0.14902376984093973,patient,patient,max_image_outcome,max_calibrated_image_probability
convnext_tiny,8,0.01,4884.0,862.0,0.17649467649467648,0.7478946998007479,0.5279784480611835,0.14736036368315933,0.14598050162946738,1.0562782183172796,0.5633484135094715,0.016398236365055354,0.5835266821345708,0.8296867230233714,0.4234006734006734,0.17031327697662857,0.4164733178654292,0.26388888888888884,0.16443404893899016,patient,patient,max_image_outcome,max_calibrated_image_probability
convnext_tiny,9,0.01,4884.0,862.0,0.17649467649467648,0.7484274425693489,0.5285770727021577,0.14736479675553454,0.14601351115219657,1.0638344323983324,0.5646010560692374,0.01611333792392997,0.5893271461716937,0.8257086026852313,0.42018196856906537,0.17429139731476873,0.4106728538283063,0.23863636363636365,0.1642123057430504,patient,patient,max_image_outcome,max_calibrated_image_probability
convnext_tiny,10,0.01,4884.0,862.0,0.17649467649467648,0.7484459025245143,0.5287812008099615,0.14757108832438934,0.1462760779002805,1.0776095427490688,0.5671442292803159,0.016318788264397244,0.5835266821345708,0.8306812531079065,0.4248310810810811,0.16931874689209347,0.4164733178654292,0.26388888888888884,0.1658276728126889,patient,patient,max_image_outcome,max_calibrated_image_probability
convnext_tiny,11,0.01,4884.0,862.0,0.17649467649467648,0.7477119750882905,0.5278414305275326,0.1472931779353089,0.1458966378327162,1.048109680360843,0.5620041524762025,0.016146380905718388,0.5893271461716937,0.8229736449527598,0.4163934426229508,0.17702635504724018,0.4106728538283063,0.23863636363636365,0.1641000529088565,patient,patient,max_image_outcome,max_calibrated_image_probability
convnext_tiny,12,0.01,4884.0,862.0,0.17649467649467648,0.7478961419847452,0.5277946393103856,0.14750438274374494,0.1461510028045002,1.0607883720893618,0.563550109332332,0.016273706885387134,0.5870069605568445,0.8294380905022377,0.42449664429530204,0.1705619094977623,0.41299303944315546,0.23863636363636365,0.16504011860397722,patient,patient,max_image_outcome,max_calibrated_image_probability
convnext_tiny,13,0.01,4884.0,862.0,0.17649467649467648,0.7482115476249538,0.5282975146558894,0.14752975934225832,0.14621647816743216,1.0661262481844014,0.5641990110699548,0.016165849518470294,0.5881670533642691,0.8286921929388364,0.42391304347826086,0.17130780706116355,0.4118329466357309,0.23863636363636365,0.16525840922624147,patient,patient,max_image_outcome,max_calibrated_image_probability
convnext_tiny,14,0.01,4884.0,862.0,0.17649467649467648,0.7480585319028406,0.5280779883990221,0.14745548531252986,0.14610020684056005,1.0611433117830131,0.563730803414502,0.016179299124676187,0.5870069605568445,0.8281949278965689,0.4227234753550543,0.1718050721034311,0.41299303944315546,0.23863636363636365,0.1488708504048669,patient,patient,max_image_outcome,max_calibrated_image_probability
convnext_tiny,15,0.01,4884.0,862.0,0.17649467649467648,0.7479144577215109,0.528160918583165,0.14725395307881353,0.14584324925091685,1.0494520466991952,0.5623762690346377,0.01625227991406712,0.5881670533642691,0.8264545002486325,0.420746887966805,0.17354549975136746,0.4118329466357309,0.23863636363636365,0.14799753254103803,patient,patient,max_image_outcome,max_calibrated_image_probability
convnext_tiny,16,0.01,4884.0,862.0,0.17649467649467648,0.7483316815519284,0.5284753634516741,0.14733417778606808,0.14596723692367014,1.060390834349291,0.5641667875775188,0.016164701185837405,0.5881670533642691,0.8262058677274987,0.42039800995024873,0.1737941322725013,0.4118329466357309,0.23863636363636365,0.1642604140307498,patient,patient,max_image_outcome,max_calibrated_image_probability
convnext_tiny,17,0.01,4884.0,862.0,0.17649467649467648,0.7485087817467964,0.5293808123804329,0.14737042234795825,0.14608706645411632,1.0685325668306198,0.5654022909906944,0.016103715105651204,0.5870069605568445,0.8267031327697663,0.42061512884455526,0.17329686723023374,0.41299303944315546,0.23863636363636365,0.14931962267358162,patient,patient,max_image_outcome,max_calibrated_image_probability
convnext_tiny,18,0.01,4884.0,862.0,0.17649467649467648,0.7483411999663105,0.5283255998774326,0.14742044364126528,0.14604596625762914,1.0633164266326454,0.5646852732064246,0.01628097877857227,0.5835266821345708,0.8286921929388364,0.42197986577181207,0.17130780706116355,0.4164733178654292,0.23863636363636365,0.16489640774215264,patient,patient,max_image_outcome,max_calibrated_image_probability
convnext_tiny,19,0.01,4884.0,862.0,0.17649467649467648,0.7486818438264717,0.5287422888068609,0.1474408212202838,0.14611521700288932,1.071734472104018,0.5663037660758287,0.016183127475529344,0.5846867749419954,0.8281949278965689,0.4217573221757322,0.1718050721034311,0.4153132250580046,0.23863636363636365,0.14888469818523226,patient,patient,max_image_outcome,max_calibrated_image_probability
convnext_tiny,20,0.01,4884.0,862.0,0.17649467649467648,0.7485024361372082,0.5295488245962352,0.14751508587733736,0.14628679838398703,1.0768156070072912,0.5664441016529478,0.016159428967943326,0.58584686774942,0.8289408254599702,0.42330259849119867,0.17105917454002983,0.41415313225058004,0.26388888888888884,0.14995494978528856,patient,patient,max_image_outcome,max_calibrated_image_probability
convnext_tiny,21,0.01,4884.0,862.0,0.17649467649467648,0.7478194177960891,0.5281045033383902,0.14756422426346028,0.14627057807749058,1.061088692081039,0.5629440288859899,0.016313103006854655,0.5835266821345708,0.8279462953754351,0.42092050209205023,0.17205370462456493,0.4164733178654292,0.26388888888888884,0.14997882338410817,patient,patient,max_image_outcome,max_calibrated_image_probability
convnext_tiny,22,0.01,4884.0,862.0,0.17649467649467648,0.749100365622487,0.5288271189415885,0.1475195170054405,0.14615053786037965,1.0818391016220774,0.5688285548597719,0.016129261768614674,0.5893271461716937,0.8276976628543014,0.42298084929225643,0.17230233714569865,0.4106728538283063,0.23863636363636365,0.16342513742091205,patient,patient,max_image_outcome,max_calibrated_image_probability
convnext_tiny,23,0.01,4884.0,862.0,0.17649467649467648,0.7479737314837998,0.5277839576282214,0.14743394237183347,0.1460781994207991,1.0574350429434425,0.5626310331692196,0.01618241002544657,0.5881670533642691,0.8279462953754351,0.42285237698081735,0.17205370462456493,0.4118329466357309,0.23863636363636365,0.14879717496651773,patient,patient,max_image_outcome,max_calibrated_image_probability
convnext_tiny,24,0.01,4884.0,862.0,0.17649467649467648,0.7495961884807572,0.5302760484258755,0.14688572756424145,0.14540979209200222,1.0671131550178756,0.569626380293023,0.01605250182482687,0.5951276102088167,0.8184982595723521,0.412711182622687,0.18150174042764788,0.40487238979118334,0.21590909090909094,0.16362323895783581,patient,patient,max_image_outcome,max_calibrated_image_probability
convnext_tiny,25,0.01,4884.0,862.0,0.17649467649467648,0.7482160183953452,0.5283865816348202,0.14735178691372472,0.14600782077714286,1.0599054123348257,0.5637405139717588,0.016115716906379914,0.5870069605568445,0.8264545002486325,0.420265780730897,0.17354549975136746,0.41299303944315546,0.23863636363636365,0.14862893987175507,patient,patient,max_image_outcome,max_calibrated_image_probability
convnext_tiny,26,0.01,4884.0,862.0,0.17649467649467648,0.7484995517692137,0.5281673987452129,0.14735347983382005,0.1459631340002418,1.062837252069898,0.5648857661679133,0.016240809651375657,0.58584686774942,0.8276976628543014,0.42153589315525875,0.17230233714569865,0.41415313225058004,0.23863636363636365,0.1636884358919238,patient,patient,max_image_outcome,max_calibrated_image_probability
convnext_tiny,27,0.01,4884.0,862.0,0.17649467649467648,0.7468954105090218,0.526449847177221,0.14791491716386834,0.14662969623432617,1.059481045974049,0.5605205906709498,0.016147464069582673,0.5846867749419954,0.830183988065639,0.42459983150800334,0.16981601193436102,0.4153132250580046,0.26388888888888884,0.1657792110503722,patient,patient,max_image_outcome,max_calibrated_image_probability
convnext_tiny,28,0.01,4884.0,862.0,0.17649467649467648,0.7478559050512206,0.5274657211171164,0.14744778561291078,0.14604721865145012,1.056777709681872,0.5628994931440089,0.016152611209166667,0.5893271461716937,0.8269517652909001,0.4219269102990033,0.1730482347090999,0.4106728538283063,0.23863636363636365,0.1474553989313691,patient,patient,max_image_outcome,max_calibrated_image_probability
convnext_tiny,29,0.01,4884.0,862.0,0.17649467649467648,0.7468331081603384,0.5255049631867569,0.1477565047350773,0.1463951179783942,1.0441332745207457,0.5575654496628916,0.01609322701052758,0.5823665893271461,0.8279462953754351,0.4204355108877722,0.17205370462456493,0.41763341067285387,0.26388888888888884,0.14929942741207647,patient,patient,max_image_outcome,max_calibrated_image_probability
convnext_tiny,30,0.01,4884.0,862.0,0.17649467649467648,0.7478975841687425,0.5275715076643908,0.1472793203984654,0.1458338961218119,1.047402208939388,0.5621404142617997,0.0160944339853608,0.5870069605568445,0.8224763799104923,0.41475409836065574,0.17752362008950773,0.41299303944315546,0.23863636363636365,0.14795950343126313,patient,patient,max_image_outcome,max_calibrated_image_probability
convnext_tiny,31,0.01,4884.0,862.0,0.17649467649467648,0.7481773678642177,0.528354239856847,0.14748217982959078,0.14616341239424066,1.0655494512539971,0.5643294958925056,0.01625765386347269,0.58584686774942,0.8294380905022377,0.42401343408900083,0.1705619094977623,0.41415313225058004,0.23863636363636365,0.16493761717828323,patient,patient,max_image_outcome,max_calibrated_image_probability
convnext_tiny,32,0.01,4884.0,862.0,0.17649467649467648,0.7471150551318098,0.5263408844790775,0.14744870877542054,0.1460052020379653,1.046273970424358,0.561046215101593,0.016472553580371682,0.5823665893271461,0.8284435604177026,0.4211409395973154,0.17155643958229738,0.41763341067285387,0.26388888888888884,0.14700589643328985,patient,patient,max_image_outcome,max_calibrated_image_probability
convnext_tiny,33,0.01,4884.0,862.0,0.17649467649467648,0.7487274168407864,0.5287022284703365,0.14737101480398826,0.14597662015693358,1.0680472127761107,0.5662941468254317,0.01609075395121841,0.5893271461716937,0.8249627051218299,0.41914191419141916,0.1750372948781701,0.4106728538283063,0.23863636363636365,0.16424135800566603,patient,patient,max_image_outcome,max_calibrated_image_probability
convnext_tiny,34,0.01,4884.0,862.0,0.17649467649467648,0.7469187738897779,0.526018429226708,0.14765371839306884,0.1462708608838974,1.0412376572397837,0.5579477573003906,0.016062354656765185,0.5846867749419954,0.8244654400795625,0.41652892561983473,0.17553455992043754,0.4153132250580046,0.23863636363636365,0.15802055014152694,patient,patient,max_image_outcome,max_calibrated_image_probability
convnext_tiny,35,0.01,4884.0,862.0,0.17649467649467648,0.7472752817739093,0.5271709518495284,0.14748566783258774,0.1461096884896768,1.0477517045882712,0.5605273658222861,0.01625279607596843,0.5846867749419954,0.8284435604177026,0.4221105527638191,0.17155643958229738,0.4153132250580046,0.23863636363636365,0.149003236118411,patient,patient,max_image_outcome,max_calibrated_image_probability
convnext_tiny,36,0.01,4884.0,862.0,0.17649467649467648,0.7484767652620564,0.5290403923113557,0.14735781454556207,0.14606565897374282,1.0651957008217807,0.564419426181574,0.016293407518043652,0.58584686774942,0.8296867230233714,0.42436974789915966,0.17031327697662857,0.41415313225058004,0.26388888888888884,0.16476573562399308,patient,patient,max_image_outcome,max_calibrated_image_probability
convnext_tiny,37,0.01,4884.0,862.0,0.17649467649467648,0.7482442852016923,0.5284904637026029,0.14747725160089417,0.14617698876956606,1.065625820110882,0.5640959297437944,0.016126188129954425,0.5846867749419954,0.8286921929388364,0.4224643755238894,0.17130780706116355,0.4153132250580046,0.23863636363636365,0.1651441961422686,patient,patient,max_image_outcome,max_calibrated_image_probability
convnext_tiny,38,0.01,4884.0,862.0,0.17649467649467648,0.7481915012673913,0.5282151271004537,0.14741174628694675,0.14605460285252342,1.0613409622961472,0.5639960504458567,0.016241421002891512,0.58584686774942,0.8281949278965689,0.4222408026755853,0.1718050721034311,0.41415313225058004,0.23863636363636365,0.16465167236014902,patient,patient,max_image_outcome,max_calibrated_image_probability
convnext_tiny,39,0.01,4884.0,862.0,0.17649467649467648,0.7474118565984532,0.5275128070324088,0.14755167530190547,0.14622296179429825,1.049463915735995,0.5599829256452942,0.016288642286968746,0.58584686774942,0.8289408254599702,0.42330259849119867,0.17105917454002983,0.41415313225058004,0.23863636363636365,0.15029031486246328,patient,patient,max_image_outcome,max_calibrated_image_probability
convnext_tiny,40,0.01,4884.0,862.0,0.17649467649467648,0.7481335254707,0.5282449529081255,0.14740219079060804,0.14603603876348514,1.0620066027024084,0.5646205458898236,0.01624029475797563,0.5881670533642691,0.8276976628543014,0.4225,0.17230233714569865,0.4118329466357309,0.23863636363636365,0.16472472855037096,patient,patient,max_image_outcome,max_calibrated_image_probability
convnext_tiny,41,0.01,4884.0,862.0,0.17649467649467648,0.7484285963165467,0.5283277150029555,0.14730304875986486,0.14587775925238797,1.0598213792490576,0.5646345092258012,0.016223732481174404,0.5870069605568445,0.8274490303331675,0.4216666666666667,0.17255096966683248,0.41299303944315546,0.23863636363636365,0.16387211504740581,patient,patient,max_image_outcome,max_calibrated_image_probability
convnext_tiny,42,0.01,4884.0,862.0,0.17649467649467648,0.7489016326676597,0.5291497234541187,0.14713009250365533,0.1457002659457413,1.0642718652638763,0.5668882876934817,0.01626268979596319,0.5893271461716937,0.8244654400795625,0.4184514003294893,0.17553455992043754,0.4106728538283063,0.21590909090909094,0.16323191549616206,patient,patient,max_image_outcome,max_calibrated_image_probability
convnext_tiny,43,0.01,4884.0,862.0,0.17649467649467648,0.7480482923964599,0.5281969668927337,0.14707917587793173,0.14552115617371875,1.0421201697200464,0.563156940404775,0.016132360088628717,0.5928074245939675,0.8202386872202884,0.4141004862236629,0.17976131277971164,0.4071925754060325,0.21590909090909094,0.1464022929913605,patient,patient,max_image_outcome,max_calibrated_image_probability
convnext_tiny,44,0.01,4884.0,862.0,0.17649467649467648,0.7480239194869056,0.5283070307861302,0.14739724421366424,0.14602498645091283,1.0597736042994574,0.5644656861656501,0.01605755219676068,0.5893271461716937,0.8239681750372949,0.41776315789473684,0.17603182496270509,0.4106728538283063,0.23863636363636365,0.14890629623474252,patient,patient,max_image_outcome,max_calibrated_image_probability
convnext_tiny,45,0.01,4884.0,862.0,0.17649467649467648,0.747745866412227,0.5276968962746377,0.1477293956506476,0.14647753241546838,1.0655755446898048,0.5622315797953163,0.01623480318504913,0.5846867749419954,0.8319244157135753,0.4271186440677966,0.16807558428642466,0.4153132250580046,0.23863636363636365,0.1503327142505989,patient,patient,max_image_outcome,max_calibrated_image_probability
convnext_tiny,46,0.01,4884.0,862.0,0.17649467649467648,0.7493778418235668,0.5290206680224568,0.14705000389330683,0.14558363009007524,1.0702532518289016,0.5686285247899763,0.01638825700211982,0.5835266821345708,0.8267031327697663,0.4191666666666667,0.17329686723023374,0.4164733178654292,0.23863636363636365,0.14673592820099507,patient,patient,max_image_outcome,max_calibrated_image_probability
convnext_tiny,47,0.01,4884.0,862.0,0.17649467649467648,0.7485572391291054,0.5285381881784585,0.1473413520684181,0.14595298751840985,1.0633988683136186,0.5649935409875705,0.01618774422819561,0.5881670533642691,0.8267031327697663,0.4210963455149502,0.17329686723023374,0.4118329466357309,0.23863636363636365,0.16379906251330983,patient,patient,max_image_outcome,max_calibrated_image_probability
convnext_tiny,48,0.01,4884.0,862.0,0.17649467649467648,0.7486558845145205,0.5293771227315155,0.14731415641744233,0.14599265884585932,1.0669518471874262,0.5654976949165342,0.016208316399611775,0.5870069605568445,0.8276976628543014,0.42201834862385323,0.17230233714569865,0.41299303944315546,0.23863636363636365,0.1642356806116054,patient,patient,max_image_outcome,max_calibrated_image_probability
convnext_tiny,49,0.01,4884.0,862.0,0.17649467649467648,0.7488537521589494,0.5299558930451725,0.14772982458730546,0.14665449481365672,1.0975682842708137,0.568539440781479,0.01646629209969928,0.5788863109048724,0.8351566384883142,0.4294320137693632,0.16484336151168577,0.4211136890951276,0.26136363636363635,0.15199135836618882,patient,patient,max_image_outcome,max_calibrated_image_probability
convnext_tiny,50,0.01,4884.0,862.0,0.17649467649467648,0.7493071748076992,0.5303403520631345,0.14704877090980006,0.14567154551176814,1.0691242738813276,0.5682566395886121,0.01631898932237767,0.5870069605568445,0.8269517652909001,0.4209650582362729,0.1730482347090999,0.41299303944315546,0.23863636363636365,0.14784099647918103,patient,patient,max_image_outcome,max_calibrated_image_probability
convnext_tiny,51,0.01,4884.0,862.0,0.17649467649467648,0.7478948440191476,0.526910893305566,0.14757636925640258,0.1461835570656639,1.062493245617943,0.5636978079186525,0.016061163070435754,0.5881670533642691,0.8249627051218299,0.4186622625928984,0.1750372948781701,0.4118329466357309,0.21590909090909094,0.15687254292586345,patient,patient,max_image_outcome,max_calibrated_image_probability
convnext_tiny,52,0.01,4884.0,862.0,0.17649467649467648,0.7485919957634403,0.5287499301942208,0.14739756573923768,0.14605669626270235,1.0653439646521157,0.5644804727791707,0.016260105214294756,0.5881670533642691,0.8291894579811039,0.42462311557788945,0.17081054201889612,0.4118329466357309,0.23863636363636365,0.14829128079901102,patient,patient,max_image_outcome,max_calibrated_image_probability
convnext_tiny,53,0.01,4884.0,862.0,0.17649467649467648,0.7483812926814354,0.5286780541428417,0.1473510714093545,0.14600382136109744,1.0638265484048353,0.5648048851800436,0.01624963768774909,0.5870069605568445,0.8291894579811039,0.42414082145850796,0.17081054201889612,0.41299303944315546,0.23863636363636365,0.14857846418566073,patient,patient,max_image_outcome,max_calibrated_image_probability
convnext_tiny,54,0.01,4884.0,862.0,0.17649467649467648,0.7485932937290377,0.5285765998203958,0.14737130454451142,0.14599659520699093,1.066561791920683,0.5656991669677247,0.016177872912888063,0.5881670533642691,0.8267031327697663,0.4210963455149502,0.17329686723023374,0.4118329466357309,0.23863636363636365,0.1644049155022341,patient,patient,max_image_outcome,max_calibrated_image_probability
convnext_tiny,55,0.01,4884.0,862.0,0.17649467649467648,0.7477462990674261,0.5276622237289527,0.14759226841637774,0.14628973047856123,1.0587520930480965,0.5618608354688834,0.016131607177126382,0.58584686774942,0.8281949278965689,0.4222408026755853,0.1718050721034311,0.41415313225058004,0.23863636363636365,0.14938314633471209,patient,patient,max_image_outcome,max_calibrated_image_probability
convnext_tiny,56,0.01,4884.0,862.0,0.17649467649467648,0.7480895388587825,0.5277855827867407,0.1475092237231661,0.14614130172434067,1.0594919359224515,0.5628932120500817,0.016285995872384322,0.58584686774942,0.8296867230233714,0.42436974789915966,0.17031327697662857,0.41415313225058004,0.23863636363636365,0.16567037958162528,patient,patient,max_image_outcome,max_calibrated_image_probability
convnext_tiny,57,0.01,4884.0,862.0,0.17649467649467648,0.7481788100482151,0.5283116566760547,0.14768373479272576,0.14643789496036866,1.0730854319664074,0.5646146668064683,0.01626560278486707,0.5823665893271461,0.8311785181501741,0.42506350550381033,0.16882148184982593,0.41763341067285387,0.26388888888888884,0.15037478842872723,patient,patient,max_image_outcome,max_calibrated_image_probability
convnext_tiny,58,0.01,4884.0,862.0,0.17649467649467648,0.7478462424184387,0.5279127439370457,0.1474244426804297,0.14607575524497918,1.0558815738526568,0.5619651226072583,0.01616848519403592,0.5870069605568445,0.8281949278965689,0.4227234753550543,0.1718050721034311,0.41299303944315546,0.23863636363636365,0.14868566032972655,patient,patient,max_image_outcome,max_calibrated_image_probability
convnext_tiny,59,0.01,4884.0,862.0,0.17649467649467648,0.7481747719330226,0.5280569257207015,0.1475510597983441,0.14626001829888824,1.068258002958902,0.5638701118752075,0.016084729670254264,0.5823665893271461,0.8304326205867727,0.4239864864864865,0.1695673794132273,0.41763341067285387,0.26388888888888884,0.1651858141184761,patient,patient,max_image_outcome,max_calibrated_image_probability
convnext_tiny,60,0.01,4884.0,862.0,0.17649467649467648,0.7481167961363313,0.5282641990295261,0.14751321478794704,0.14620512505468367,1.06702448195895,0.5645712376131978,0.016238457599979845,0.5870069605568445,0.8272003978120338,0.42131557035803496,0.1727996021879662,0.41299303944315546,0.23863636363636365,0.1654829001358009,patient,patient,max_image_outcome,max_calibrated_image_probability
convnext_tiny,61,0.01,4884.0,862.0,0.17649467649467648,0.7475899663221193,0.5276733295463127,0.14752064246318924,0.14618233957912616,1.0568480758555006,0.5624835999039667,0.01617007241944934,0.5870069605568445,0.8272003978120338,0.42131557035803496,0.1727996021879662,0.41299303944315546,0.23863636363636365,0.1493699021186562,patient,patient,max_image_outcome,max_calibrated_image_probability
convnext_tiny,62,0.01,4884.0,862.0,0.17649467649467648,0.7485227709315702,0.5288473831070188,0.14710306181171873,0.14568374508645057,1.048877389472574,0.5625380958244942,0.015985444233229815,0.5928074245939675,0.8222277473893586,0.4168026101141925,0.17777225261064145,0.4071925754060325,0.23863636363636365,0.1629925773731421,patient,patient,max_image_outcome,max_calibrated_image_probability
convnext_tiny,63,0.01,4884.0,862.0,0.17649467649467648,0.7482816377672222,0.5286333273911995,0.14768491461805394,0.14649685722931136,1.0743053438088772,0.5637676323465872,0.016296094188176617,0.5835266821345708,0.8316757831924416,0.42627118644067796,0.16832421680755838,0.4164733178654292,0.26388888888888884,0.15038420253917367,patient,patient,max_image_outcome,max_calibrated_image_probability
convnext_tiny,64,0.01,4884.0,862.0,0.17649467649467648,0.74798959550777,0.5282713911210667,0.14765248303259074,0.14640032516624135,1.0699538028234699,0.5640413468772325,0.01640773973323175,0.5835266821345708,0.8326703132769766,0.42772108843537415,0.1673296867230234,0.4164733178654292,0.26388888888888884,0.1662761701896423,patient,patient,max_image_outcome,max_calibrated_image_probability
convnext_tiny,65,0.01,4884.0,862.0,0.17649467649467648,0.7494790831401769,0.530544380377504,0.14709832216954466,0.14571988798092667,1.0775939033902586,0.5704132362001211,0.016263314124325523,0.5881670533642691,0.8267031327697663,0.4210963455149502,0.17329686723023374,0.4118329466357309,0.21590909090909094,0.14777014585909454,patient,patient,max_image_outcome,max_calibrated_image_probability
convnext_tiny,66,0.01,4884.0,862.0,0.17649467649467648,0.7478815759263725,0.5279232397450521,0.14739209860796953,0.14601279960842203,1.0554304636395762,0.5628432387783896,0.01609998180480272,0.5881670533642691,0.825957235206365,0.420049710024855,0.174042764793635,0.4118329466357309,0.23863636363636365,0.148612144605823,patient,patient,max_image_outcome,max_calibrated_image_probability
convnext_tiny,67,0.01,4884.0,862.0,0.17649467649467648,0.7476255882668525,0.527403572875089,0.14741506901836393,0.1460083393274075,1.0525264854037466,0.5622697494442377,0.01621882096949143,0.5881670533642691,0.8274490303331675,0.4221482098251457,0.17255096966683248,0.4118329466357309,0.23863636363636365,0.16458847706951563,patient,patient,max_image_outcome,max_calibrated_image_probability
convnext_tiny,68,0.01,4884.0,862.0,0.17649467649467648,0.7483922532798148,0.5282543343019593,0.14739796295419524,0.14601555014693968,1.0646818673230727,0.5648515537357783,0.01613259914484138,0.5835266821345708,0.8286921929388364,0.42197986577181207,0.17130780706116355,0.4164733178654292,0.26388888888888884,0.14859570848855014,patient,patient,max_image_outcome,max_calibrated_image_probability
convnext_tiny,69,0.01,4884.0,862.0,0.17649467649467648,0.7482500539376815,0.5282287949011749,0.14750864969109012,0.14617752085218738,1.0677102909216074,0.5647512194502179,0.016019831749302382,0.5881670533642691,0.8269517652909001,0.42144638403990026,0.1730482347090999,0.4118329466357309,0.23863636363636365,0.16484589171687433,patient,patient,max_image_outcome,max_calibrated_image_probability
convnext_tiny,70,0.01,4884.0,862.0,0.17649467649467648,0.7485327220011515,0.5288166324755417,0.14772321779187855,0.14652977171785742,1.0809298644025027,0.5656711033527044,0.015989549704696147,0.5823665893271461,0.8299353555445053,0.42327150084317033,0.17006464445549474,0.41763341067285387,0.23863636363636365,0.16641199825822794,patient,patient,max_image_outcome,max_calibrated_image_probability
convnext_tiny,71,0.01,4884.0,862.0,0.17649467649467648,0.7485508935195173,0.5288625509496171,0.1475541774282907,0.1462902406159972,1.0750758656311936,0.565440355446745,0.01622036054353534,0.5835266821345708,0.8294380905022377,0.42304457527333894,0.1705619094977623,0.4164733178654292,0.23863636363636365,0.14938556123858743,patient,patient,max_image_outcome,max_calibrated_image_probability
convnext_tiny,72,0.01,4884.0,862.0,0.17649467649467648,0.7481753488066216,0.5284807261969233,0.14749870683909166,0.14618686513304696,1.0682559088273402,0.5652636456387686,0.01621454121857577,0.5870069605568445,0.8284435604177026,0.4230769230769231,0.17155643958229738,0.41299303944315546,0.23863636363636365,0.16541082058010978,patient,patient,max_image_outcome,max_calibrated_image_probability
convnext_tiny,73,0.01,4884.0,862.0,0.17649467649467648,0.747940993907061,0.5276862878999399,0.14751151813957214,0.14616615774593264,1.059529945955589,0.5624788903315349,0.016118374679880997,0.58584686774942,0.8291894579811039,0.4236577181208054,0.17081054201889612,0.41415313225058004,0.23863636363636365,0.16497281237684494,patient,patient,max_image_outcome,max_calibrated_image_probability
convnext_tiny,74,0.01,4884.0,862.0,0.17649467649467648,0.7486178108569919,0.5295169120573024,0.14751393095850868,0.14624281740005163,1.0748178228996628,0.5667506998180944,0.01615611432519245,0.58584686774942,0.8234709099950274,0.4156378600823045,0.17652909000497263,0.41415313225058004,0.23863636363636365,0.15162207067032363,patient,patient,max_image_outcome,max_calibrated_image_probability
convnext_tiny,75,0.01,4884.0,862.0,0.17649467649467648,0.7481583310354535,0.528480448297276,0.14734213975202445,0.14599804415370377,1.0543018486835118,0.5619465482533847,0.016134297157215725,0.5870069605568445,0.8274490303331675,0.4216666666666667,0.17255096966683248,0.41299303944315546,0.23863636363636365,0.16420735731298103,patient,patient,max_image_outcome,max_calibrated_image_probability
convnext_tiny,76,0.01,4884.0,862.0,0.17649467649467648,0.7477871128745497,0.5275342990978873,0.1475423127675957,0.14618618768598082,1.0584908794328192,0.5627329870884967,0.015897638220158876,0.5893271461716937,0.8229736449527598,0.4163934426229508,0.17702635504724018,0.4106728538283063,0.23863636363636365,0.14916691146936986,patient,patient,max_image_outcome,max_calibrated_image_probability
convnext_tiny,77,0.01,4884.0,862.0,0.17649467649467648,0.7481972700033805,0.5278675327901451,0.14730723302682766,0.14589825119435126,1.0532325051936804,0.563006009283952,0.015991596838574915,0.5916473317865429,0.8209845847836897,0.4146341463414634,0.17901541521631026,0.40835266821345706,0.21590909090909094,0.14825775506572797,patient,patient,max_image_outcome,max_calibrated_image_probability
convnext_tiny,78,0.01,4884.0,862.0,0.17649467649467648,0.7475595362397763,0.5271479432652366,0.14736753653568818,0.14591695902551072,1.0460800236481789,0.5614557742850294,0.016120109289606725,0.5870069605568445,0.8229736449527598,0.4154351395730706,0.17702635504724018,0.41299303944315546,0.23863636363636365,0.14860137767634068,patient,patient,max_image_outcome,max_calibrated_image_probability
convnext_tiny,79,0.01,4884.0,862.0,0.17649467649467648,0.748391676406216,0.5282311651384796,0.1474629260604805,0.146105997935205,1.0642435366097294,0.5643755567124448,0.016231686990424855,0.5846867749419954,0.8279462953754351,0.4214046822742475,0.17205370462456493,0.4153132250580046,0.23863636363636365,0.16457475157305684,patient,patient,max_image_outcome,max_calibrated_image_probability
convnext_tiny,80,0.01,4884.0,862.0,0.17649467649467648,0.7485912746714416,0.5286796556319165,0.14741655344030247,0.14607852244665784,1.0691496080534169,0.5656740421743841,0.01607151012221208,0.5893271461716937,0.8272003978120338,0.4222776392352452,0.1727996021879662,0.4106728538283063,0.23863636363636365,0.14862418201377575,patient,patient,max_image_outcome,max_calibrated_image_probability
convnext_tiny,81,0.01,4884.0,862.0,0.17649467649467648,0.7481955393825838,0.5283249909674227,0.1476221314180089,0.14639314388648147,1.0671922367632372,0.5625700133674115,0.016167325271469565,0.5823665893271461,0.8296867230233714,0.42291491154170174,0.17031327697662857,0.41763341067285387,0.23863636363636365,0.14971587641162115,patient,patient,max_image_outcome,max_calibrated_image_probability
convnext_tiny,82,0.01,4884.0,862.0,0.17649467649467648,0.7483163944015572,0.527618845138853,0.14739198028682535,0.14592255207832594,1.0598007961734943,0.5647847001683505,0.01607983374907417,0.5870069605568445,0.8254599701640974,0.41887417218543044,0.17454002983590255,0.41299303944315546,0.23863636363636365,0.16392191934569317,patient,patient,max_image_outcome,max_calibrated_image_probability
convnext_tiny,83,0.01,4884.0,862.0,0.17649467649467648,0.7492033375598939,0.5289320650243338,0.1475024667261452,0.1461493072838112,1.0879146464546816,0.5709153542961586,0.01592978509238282,0.5916473317865429,0.8222277473893586,0.4163265306122449,0.17777225261064145,0.40835266821345706,0.21590909090909094,0.16557488413134047,patient,patient,max_image_outcome,max_calibrated_image_probability
convnext_tiny,84,0.01,4884.0,862.0,0.17649467649467648,0.7483064433319757,0.5284660833585847,0.1474529885203885,0.1461423389078951,1.065351530401569,0.5641993100342436,0.016141029280855566,0.5870069605568445,0.8272003978120338,0.42131557035803496,0.1727996021879662,0.41299303944315546,0.23863636363636365,0.1649486716461786,patient,patient,max_image_outcome,max_calibrated_image_probability
convnext_tiny,85,0.01,4884.0,862.0,0.17649467649467648,0.7481092967795455,0.5283367229904516,0.1472235520284363,0.14579447488717448,1.0561054994405958,0.5647801136438056,0.016292916054494955,0.5881670533642691,0.8254599701640974,0.41935483870967744,0.17454002983590255,0.4118329466357309,0.23863636363636365,0.14802935906281867,patient,patient,max_image_outcome,max_calibrated_image_probability
convnext_tiny,86,0.01,4884.0,862.0,0.17649467649467648,0.7488145247542229,0.5301715788490835,0.1470863350774512,0.14571302497075042,1.0652898425971964,0.5669560035823833,0.016460335922739877,0.58584686774942,0.8286921929388364,0.42294807370184256,0.17130780706116355,0.41415313225058004,0.26388888888888884,0.16425577698830973,patient,patient,max_image_outcome,max_calibrated_image_probability
convnext_tiny,87,0.01,4884.0,862.0,0.17649467649467648,0.7479676743110109,0.5284957386239719,0.14742299696086816,0.1460916366664411,1.0599423614284584,0.5637512409556907,0.016128098093027267,0.58584686774942,0.825957235206365,0.4190871369294606,0.174042764793635,0.41415313225058004,0.21590909090909094,0.1652094186668165,patient,patient,max_image_outcome,max_calibrated_image_probability
convnext_tiny,88,0.01,4884.0,862.0,0.17649467649467648,0.7482148646481475,0.5283332807958786,0.14732799469704969,0.14597188086329918,1.0587501995352138,0.5635371962109459,0.01624111373457257,0.5870069605568445,0.8281949278965689,0.4227234753550543,0.1718050721034311,0.41299303944315546,0.23863636363636365,0.14815003500299215,patient,patient,max_image_outcome,max_calibrated_image_probability
convnext_tiny,89,0.01,4884.0,862.0,0.17649467649467648,0.7482578417312669,0.5286132299081605,0.14745331184177898,0.14614319948192941,1.0675293448527423,0.5649008334332647,0.01611092251920316,0.5881670533642691,0.8264545002486325,0.420746887966805,0.17354549975136746,0.4118329466357309,0.23863636363636365,0.16490948988420673,patient,patient,max_image_outcome,max_calibrated_image_probability
convnext_tiny,90,0.01,4884.0,862.0,0.17649467649467648,0.7479659436902143,0.5278581620444583,0.14778996727723412,0.14657719167847055,1.0681843705462308,0.5620249158688206,0.016294952924728993,0.5835266821345708,0.8326703132769766,0.42772108843537415,0.1673296867230234,0.4164733178654292,0.26388888888888884,0.16698420444830114,patient,patient,max_image_outcome,max_calibrated_image_probability
convnext_tiny,91,0.01,4884.0,862.0,0.17649467649467648,0.7482379395921042,0.5283730495813346,0.14744492541770998,0.14611539021309136,1.0636690390411276,0.5640360576441141,0.016123079890756845,0.5870069605568445,0.8276976628543014,0.42201834862385323,0.17230233714569865,0.41299303944315546,0.23863636363636365,0.16472569690092848,patient,patient,max_image_outcome,max_calibrated_image_probability
convnext_tiny,92,0.01,4884.0,862.0,0.17649467649467648,0.7488350037669845,0.5287912254314739,0.14734438198085986,0.1459559786549637,1.0692738536538537,0.5666062427773164,0.01593016210270973,0.5916473317865429,0.8209845847836897,0.4146341463414634,0.17901541521631026,0.40835266821345706,0.21590909090909094,0.16381622708766774,patient,patient,max_image_outcome,max_calibrated_image_probability
convnext_tiny,93,0.01,4884.0,862.0,0.17649467649467648,0.7482292864881204,0.5282977191542171,0.14755212817926366,0.14627330070759145,1.0673544769381327,0.5635644704746553,0.016058914930950192,0.5870069605568445,0.8289408254599702,0.423785594639866,0.17105917454002983,0.41299303944315546,0.23863636363636365,0.14933411977763583,patient,patient,max_image_outcome,max_calibrated_image_probability
convnext_tiny,94,0.01,4884.0,862.0,0.17649467649467648,0.7480416583500723,0.5280874900993473,0.1474158113047995,0.14604384404577025,1.059306632068452,0.5637266901088521,0.01616845663476185,0.5881670533642691,0.8264545002486325,0.420746887966805,0.17354549975136746,0.4118329466357309,0.23863636363636365,0.1646742172553874,patient,patient,max_image_outcome,max_calibrated_image_probability
convnext_tiny,95,0.01,4884.0,862.0,0.17649467649467648,0.7479665205638131,0.5280382247412049,0.14745547574671045,0.14610618097079112,1.059494069338211,0.5631497581717276,0.016194576112546762,0.58584686774942,0.8281949278965689,0.4222408026755853,0.1718050721034311,0.41415313225058004,0.23863636363636365,0.16483655834147842,patient,patient,max_image_outcome,max_calibrated_image_probability
convnext_tiny,96,0.01,4884.0,862.0,0.17649467649467648,0.7482571206392682,0.528826930407325,0.14751300286535224,0.14624609528182259,1.0680020455146955,0.5643961706672026,0.016178250703359813,0.5835266821345708,0.8291894579811039,0.4226890756302521,0.17081054201889612,0.4164733178654292,0.23863636363636365,0.1504487144760568,patient,patient,max_image_outcome,max_calibrated_image_probability
convnext_tiny,97,0.01,4884.0,862.0,0.17649467649467648,0.7475720832405528,0.5270790559978262,0.14718169910419904,0.14564039672807422,1.0364027506486435,0.5603711057654854,0.016192897313982928,0.5881670533642691,0.8244654400795625,0.4179719703215169,0.17553455992043754,0.4118329466357309,0.23863636363636365,0.16266094822096655,patient,patient,max_image_outcome,max_calibrated_image_probability
convnext_tiny,98,0.01,4884.0,862.0,0.17649467649467648,0.7487261188751888,0.5298916389285611,0.14744689283037296,0.14623068767730366,1.0781169420112144,0.56669028043609,0.016145973801446185,0.5870069605568445,0.8286921929388364,0.42343096234309624,0.17130780706116355,0.41299303944315546,0.23863636363636365,0.1496666165955025,patient,patient,max_image_outcome,max_calibrated_image_probability
convnext_tiny,99,0.01,4884.0,862.0,0.17649467649467648,0.7481848672210037,0.528342163280118,0.14740024844498095,0.14605325461918325,1.0602699250514043,0.5633866808655914,0.016119524234715753,0.5893271461716937,0.8276976628543014,0.42298084929225643,0.17230233714569865,0.4106728538283063,0.23863636363636365,0.16447981226483077,patient,patient,max_image_outcome,max_calibrated_image_probability
convnext_tiny,100,0.01,4884.0,862.0,0.17649467649467648,0.7478600873848128,0.527932771897882,0.14734674191602118,0.14595419365392348,1.0536263704240818,0.5628707562722465,0.016092861980721098,0.5881670533642691,0.8237195425161611,0.41694078947368424,0.17628045748383891,0.4118329466357309,0.23863636363636365,0.14849201074688972,patient,patient,max_image_outcome,max_calibrated_image_probability
convnext_tiny,101,0.01,4884.0,862.0,0.17649467649467648,0.7480992014915644,0.5279855017919121,0.14727017900517858,0.14584585163320632,1.0558858843677041,0.5641655366809968,0.016170158658191828,0.5881670533642691,0.8237195425161611,0.41694078947368424,0.17628045748383891,0.4118329466357309,0.23863636363636365,0.1482793127287673,patient,patient,max_image_outcome,max_calibrated_image_probability
convnext_tiny,102,0.01,4884.0,862.0,0.17649467649467648,0.7485229151499698,0.5289005498677516,0.14732101712811738,0.1459483780481092,1.0632059541594319,0.5650710894090669,0.016098718623770533,0.5893271461716937,0.8257086026852313,0.42018196856906537,0.17429139731476873,0.4106728538283063,0.23863636363636365,0.14830020233786192,patient,patient,max_image_outcome,max_calibrated_image_probability
convnext_tiny,103,0.01,4884.0,862.0,0.17649467649467648,0.7483013956879851,0.5285672084916604,0.1474162498315704,0.14609128054461515,1.064922435075411,0.5645501546968831,0.01610497631231703,0.5870069605568445,0.8254599701640974,0.41887417218543044,0.17454002983590255,0.41299303944315546,0.23863636363636365,0.16489565637912235,patient,patient,max_image_outcome,max_calibrated_image_probability
convnext_tiny,104,0.01,4884.0,862.0,0.17649467649467648,0.7483003861591871,0.5286161171807776,0.14735171918588236,0.14599194170210084,1.058066054426562,0.5632923133568245,0.016373537314961023,0.5846867749419954,0.8294380905022377,0.4235294117647059,0.1705619094977623,0.4153132250580046,0.23863636363636365,0.1483194184467122,patient,patient,max_image_outcome,max_calibrated_image_probability
convnext_tiny,105,0.01,4884.0,862.0,0.17649467649467648,0.7480322841540898,0.528208386422883,0.1473725194950581,0.14600761308974136,1.0585043440357036,0.5635073867416152,0.01610510796364307,0.5893271461716937,0.8267031327697663,0.4215767634854772,0.17329686723023374,0.4106728538283063,0.23863636363636365,0.14852904864462024,patient,patient,max_image_outcome,max_calibrated_image_probability
convnext_tiny,106,0.01,4884.0,862.0,0.17649467649467648,0.7471226987069954,0.5268330947188413,0.14763201032951315,0.146293317643055,1.0492768421137335,0.5594689901033731,0.016063086442449123,0.5846867749419954,0.8284435604177026,0.4221105527638191,0.17155643958229738,0.4153132250580046,0.23863636363636365,0.16538478155802427,patient,patient,max_image_outcome,max_calibrated_image_probability
convnext_tiny,107,0.01,4884.0,862.0,0.17649467649467648,0.7469554053633092,0.5268113234547446,0.14726561149226175,0.14575417626520235,1.0350515942031078,0.5599097682077188,0.016303508500304608,0.5881670533642691,0.8244654400795625,0.4179719703215169,0.17553455992043754,0.4118329466357309,0.23863636363636365,0.14780633578550428,patient,patient,max_image_outcome,max_calibrated_image_probability
convnext_tiny,108,0.01,4884.0,862.0,0.17649467649467648,0.7481840019106054,0.5281234577903068,0.14745315118506466,0.14607995110047814,1.059468151832034,0.5635171667735246,0.01621572341779625,0.5870069605568445,0.8281949278965689,0.4227234753550543,0.1718050721034311,0.41299303944315546,0.23863636363636365,0.14878029571333726,patient,patient,max_image_outcome,max_calibrated_image_probability
convnext_tiny,109,0.01,4884.0,862.0,0.17649467649467648,0.7476120317372779,0.5272714517092405,0.1479283118068563,0.14675286424175818,1.0691998494503012,0.5615846088816876,0.015656498204221932,0.5846867749419954,0.8267031327697663,0.4196502914238135,0.17329686723023374,0.4153132250580046,0.23863636363636365,0.15191511501000243,patient,patient,max_image_outcome,max_calibrated_image_probability
convnext_tiny,110,0.01,4884.0,862.0,0.17649467649467648,0.748436384110132,0.5284808090579912,0.14740686038906395,0.1460498805927924,1.068276088603311,0.5661335406542257,0.015938932702908862,0.5904872389791184,0.8234709099950274,0.41755537325676784,0.17652909000497263,0.40951276102088163,0.23863636363636365,0.16451171606242343,patient,patient,max_image_outcome,max_calibrated_image_probability
convnext_tiny,111,0.01,4884.0,862.0,0.17649467649467648,0.7484643624796796,0.5285194846725177,0.1474736228144376,0.1461325202132643,1.069997771541322,0.5658241032970498,0.01627884719576971,0.58584686774942,0.8294380905022377,0.42401343408900083,0.1705619094977623,0.41415313225058004,0.26388888888888884,0.1650172081461268,patient,patient,max_image_outcome,max_calibrated_image_probability
convnext_tiny,112,0.01,4884.0,862.0,0.17649467649467648,0.7483403346559122,0.5289169528739619,0.1471204175359316,0.14569527067538093,1.0563439638179555,0.5649243332748309,0.01633394832972109,0.5870069605568445,0.825957235206365,0.41956882255389716,0.174042764793635,0.41299303944315546,0.21590909090909094,0.16378973746065484,patient,patient,max_image_outcome,max_calibrated_image_probability
convnext_tiny,113,0.01,4884.0,862.0,0.17649467649467648,0.747206201160439,0.5274345973648044,0.14739120613132392,0.14601563554033894,1.050891885127073,0.561993530742177,0.016413361464176317,0.5835266821345708,0.830183988065639,0.42411467116357504,0.16981601193436102,0.4164733178654292,0.26136363636363635,0.14893376061158395,patient,patient,max_image_outcome,max_calibrated_image_probability
convnext_tiny,114,0.01,4884.0,862.0,0.17649467649467648,0.7480177180957172,0.5281332256024187,0.1474340778847236,0.14606691884701978,1.060012012263742,0.5636971341948824,0.01631022635452467,0.5870069605568445,0.8286921929388364,0.42343096234309624,0.17130780706116355,0.41299303944315546,0.23863636363636365,0.14848287930570253,patient,patient,max_image_outcome,max_calibrated_image_probability
convnext_tiny,115,0.01,4884.0,862.0,0.17649467649467648,0.7475831880573319,0.527203932938639,0.14748700774334675,0.14611407099164736,1.0498388030655912,0.5609487572911132,0.01625175851515947,0.5846867749419954,0.8284435604177026,0.4221105527638191,0.17155643958229738,0.4153132250580046,0.26388888888888884,0.14977638179930142,patient,patient,max_image_outcome,max_calibrated_image_probability
convnext_tiny,116,0.01,4884.0,862.0,0.17649467649467648,0.7485038783212057,0.5293200080524039,0.14768718466452066,0.14641660779185484,1.0824903315198124,0.5681626068182709,0.016314797226372853,0.5881670533642691,0.8291894579811039,0.42462311557788945,0.17081054201889612,0.4118329466357309,0.26388888888888884,0.16610475226470534,patient,patient,max_image_outcome,max_calibrated_image_probability
convnext_tiny,117,0.01,4884.0,862.0,0.17649467649467648,0.749640607747874,0.5299768025136932,0.1475083005042124,0.14629517322723304,1.0901868701873394,0.5690107769142012,0.01624758241862716,0.5835266821345708,0.8316757831924416,0.42627118644067796,0.16832421680755838,0.4164733178654292,0.26388888888888884,0.1494744300905314,patient,patient,max_image_outcome,max_calibrated_image_probability
convnext_tiny,118,0.01,4884.0,862.0,0.17649467649467648,0.7484164819709694,0.5288371400554864,0.1473582082810968,0.1460628854603375,1.0627480103686493,0.5631878111558026,0.01621838280178009,0.58584686774942,0.8299353555445053,0.4247266610597141,0.17006464445549474,0.41415313225058004,0.23863636363636365,0.1644774837221184,patient,patient,max_image_outcome,max_calibrated_image_probability
convnext_tiny,119,0.01,4884.0,862.0,0.17649467649467648,0.7483775430030424,0.5284830698068373,0.14743950128794583,0.14610735750614315,1.06484282990281,0.5644095292009834,0.01624554039672713,0.58584686774942,0.8284435604177026,0.4225941422594142,0.17155643958229738,0.41415313225058004,0.23863636363636365,0.16478419405396905,patient,patient,max_image_outcome,max_calibrated_image_probability
convnext_tiny,120,0.01,4884.0,862.0,0.17649467649467648,0.748274282628836,0.5285568058231384,0.1474861784812309,0.1461962743876947,1.0661282048204859,0.5640441659535951,0.0161511024648306,0.5870069605568445,0.8279462953754351,0.42237061769616024,0.17205370462456493,0.41299303944315546,0.23863636363636365,0.16508011688422886,patient,patient,max_image_outcome,max_calibrated_image_probability
convnext_tiny,121,0.01,4884.0,862.0,0.17649467649467648,0.747433345140013,0.5272530574760593,0.14726765156235982,0.14584785628360422,1.0376008458730996,0.5591054736095883,0.015898919849157922,0.5916473317865429,0.8202386872202884,0.41362530413625304,0.17976131277971164,0.40835266821345706,0.21590909090909094,0.14805824790917316,patient,patient,max_image_outcome,max_calibrated_image_probability
convnext_tiny,122,0.01,4884.0,862.0,0.17649467649467648,0.7482041924865674,0.5282952355110467,0.14724113196373015,0.14581628181031867,1.0550159889855055,0.5640116109569848,0.01633532714360127,0.5881670533642691,0.8267031327697663,0.4210963455149502,0.17329686723023374,0.4118329466357309,0.23863636363636365,0.16372563549112112,patient,patient,max_image_outcome,max_calibrated_image_probability
convnext_tiny,123,0.01,4884.0,862.0,0.17649467649467648,0.74828293573282,0.528089106207673,0.14718956411562378,0.14571853445621835,1.056437447279314,0.5654358483308689,0.01599330209940579,0.5893271461716937,0.8207359522625559,0.41334418226200165,0.1792640477374441,0.4106728538283063,0.23863636363636365,0.16337489811040345,patient,patient,max_image_outcome,max_calibrated_image_probability
convnext_tiny,124,0.01,4884.0,862.0,0.17649467649467648,0.7479109964799173,0.5279320903710611,0.1475687065765586,0.14629268915335958,1.0625945148895828,0.5622491793796106,0.016063672370046137,0.5881670533642691,0.8281949278965689,0.42320534223706174,0.1718050721034311,0.4118329466357309,0.23863636363636365,0.14943804549949538,patient,patient,max_image_outcome,max_calibrated_image_probability
convnext_tiny,125,0.01,4884.0,862.0,0.17649467649467648,0.7490442646649922,0.5305507919366241,0.14736110241625278,0.14614861045719488,1.075443971918159,0.5664022335750293,0.016202143743306717,0.5846867749419954,0.8299353555445053,0.42424242424242425,0.17006464445549474,0.4153132250580046,0.26388888888888884,0.1678896401825291,patient,patient,max_image_outcome,max_calibrated_image_probability
convnext_tiny,126,0.01,4884.0,862.0,0.17649467649467648,0.7481942414169862,0.5284459854977808,0.1475411193364156,0.146261089931198,1.0661262902385051,0.5635563186388859,0.016260096358627123,0.5835266821345708,0.8306812531079065,0.4248310810810811,0.16931874689209347,0.4164733178654292,0.26388888888888884,0.16540076999383263,patient,patient,max_image_outcome,max_calibrated_image_probability
convnext_tiny,127,0.01,4884.0,862.0,0.17649467649467648,0.7483253359423404,0.5283955248094071,0.14757963836709678,0.14630216108950617,1.0718345501549693,0.5647365553748676,0.016300080045116253,0.5835266821345708,0.8316757831924416,0.42627118644067796,0.16832421680755838,0.4164733178654292,0.23863636363636365,0.14971981037031148,patient,patient,max_image_outcome,max_calibrated_image_probability
convnext_tiny,128,0.01,4884.0,862.0,0.17649467649467648,0.7483596599214759,0.5285541627181388,0.14752507854255292,0.14623017772416302,1.0697013537725144,0.5649994756060056,0.016256167177377108,0.5846867749419954,0.8296867230233714,0.4238856181665265,0.17031327697662857,0.4153132250580046,0.23863636363636365,0.16535953990288838,patient,patient,max_image_outcome,max_calibrated_image_probability
convnext_tiny,129,0.01,4884.0,862.0,0.17649467649467648,0.7485190212531772,0.5294172566425449,0.1474108581028195,0.14614224049282862,1.071422907798315,0.5658426399240465,0.016105133629253136,0.5870069605568445,0.8269517652909001,0.4209650582362729,0.1730482347090999,0.41299303944315546,0.21590909090909094,0.1651776487370169,patient,patient,max_image_outcome,max_calibrated_image_probability
convnext_tiny,130,0.01,4884.0,862.0,0.17649467649467648,0.748091413697979,0.527569613441332,0.14773222657340115,0.14644121723462467,1.0707151881777577,0.5636527360968072,0.016410327480155727,0.5812064965197216,0.8339134758826454,0.42857142857142855,0.16608652411735458,0.41879350348027844,0.26388888888888884,0.14992913160545046,patient,patient,max_image_outcome,max_calibrated_image_probability
convnext_tiny,131,0.01,4884.0,862.0,0.17649467649467648,0.7478282151184725,0.5284378012993652,0.1474314997098054,0.14608762325008784,1.0573904986571978,0.5632784320181647,0.01627069348658359,0.5846867749419954,0.825957235206365,0.4186046511627907,0.174042764793635,0.4153132250580046,0.23863636363636365,0.14877383200381847,patient,patient,max_image_outcome,max_calibrated_image_probability
convnext_tiny,132,0.01,4884.0,862.0,0.17649467649467648,0.7479668090006126,0.5276574803549178,0.14731188817433347,0.14589689027796138,1.049465717964061,0.5614425592780659,0.01618033407232407,0.5881670533642691,0.8264545002486325,0.420746887966805,0.17354549975136746,0.4118329466357309,0.23863636363636365,0.16389671956908713,patient,patient,max_image_outcome,max_calibrated_image_probability
convnext_tiny,133,0.01,4884.0,862.0,0.17649467649467648,0.7487106875064178,0.5289707149932054,0.1473661363191069,0.14598751403004817,1.0657942405927618,0.5657710987294792,0.016162733351578286,0.5939675174013921,0.8262058677274987,0.4227910817506193,0.1737941322725013,0.4060324825986079,0.21590909090909094,0.14878355442358882,patient,patient,max_image_outcome,max_calibrated_image_probability
convnext_tiny,134,0.01,4884.0,862.0,0.17649467649467648,0.748312644723164,0.5288478565947144,0.14717613368966476,0.14574083360025217,1.0611400009560652,0.5665169222702495,0.016312551702390005,0.5893271461716937,0.8242168075584286,0.4181069958847737,0.17578319244157137,0.4106728538283063,0.21590909090909094,0.1635776940718962,patient,patient,max_image_outcome,max_calibrated_image_probability
convnext_tiny,135,0.01,4884.0,862.0,0.17649467649467648,0.7481129022395387,0.5281221068008193,0.14696855367745973,0.14538657680714412,1.03581384209323,0.5621153108368245,0.016270317411912975,0.5928074245939675,0.8212332173048235,0.41544715447154473,0.17876678269517654,0.4071925754060325,0.21590909090909094,0.1461123987207554,patient,patient,max_image_outcome,max_calibrated_image_probability
convnext_tiny,136,0.01,4884.0,862.0,0.17649467649467648,0.7476185215652658,0.528117944701209,0.14755309373207234,0.14625560599534743,1.0596598552797838,0.5627635167284751,0.016105613930548764,0.58584686774942,0.8269517652909001,0.42048293089092426,0.1730482347090999,0.41415313225058004,0.23863636363636365,0.1499436449588315,patient,patient,max_image_outcome,max_calibrated_image_probability
convnext_tiny,137,0.01,4884.0,862.0,0.17649467649467648,0.7478189851408897,0.5278560912859689,0.14752005041505253,0.14620335498525883,1.0581302446714833,0.5617911991399468,0.016102668285105853,0.5846867749419954,0.8279462953754351,0.4214046822742475,0.17205370462456493,0.4153132250580046,0.23863636363636365,0.14905976550646363,patient,patient,max_image_outcome,max_calibrated_image_probability
convnext_tiny,138,0.01,4884.0,862.0,0.17649467649467648,0.7481597732194508,0.5282198911996715,0.1474571517945786,0.146114276282383,1.062898875127973,0.5641036442242595,0.016349149505100354,0.58584686774942,0.830183988065639,0.42508417508417506,0.16981601193436102,0.41415313225058004,0.26388888888888884,0.16485081063716006,patient,patient,max_image_outcome,max_calibrated_image_probability
convnext_tiny,139,0.01,4884.0,862.0,0.17649467649467648,0.7480410814764733,0.5281778798669117,0.1476913563336928,0.14647043280510524,1.0679563528117642,0.5624672370847634,0.016450882423477215,0.5812064965197216,0.8359025360517156,0.4315245478036176,0.1640974639482844,0.41879350348027844,0.26388888888888884,0.15096983034040135,patient,patient,max_image_outcome,max_calibrated_image_probability
convnext_tiny,140,0.01,4884.0,862.0,0.17649467649467648,0.7481466493450755,0.5274597741020173,0.14742671664608803,0.14609413864379234,1.0540965439438792,0.5603564210983158,0.01609024985870229,0.58584686774942,0.8281949278965689,0.4222408026755853,0.1718050721034311,0.41415313225058004,0.23863636363636365,0.14902859843185004,patient,patient,max_image_outcome,max_calibrated_image_probability
convnext_tiny,141,0.01,4884.0,862.0,0.17649467649467648,0.7483071644239743,0.5286836606320177,0.147300352135307,0.14592497097019422,1.061927946680658,0.5649512495715029,0.016121081400889897,0.58584686774942,0.8257086026852313,0.4187396351575456,0.17429139731476873,0.41415313225058004,0.23863636363636365,0.16428476175177348,patient,patient,max_image_outcome,max_calibrated_image_probability
convnext_tiny,142,0.01,4884.0,862.0,0.17649467649467648,0.7487425597727579,0.5286297708092563,0.14746954859289615,0.14618897889482563,1.0687094054286028,0.5639319703271727,0.016451996855663464,0.5835266821345708,0.8311785181501741,0.42554991539763115,0.16882148184982593,0.4164733178654292,0.26388888888888884,0.14929741371065208,patient,patient,max_image_outcome,max_calibrated_image_probability
convnext_tiny,143,0.01,4884.0,862.0,0.17649467649467648,0.7482814935488226,0.5283438857975287,0.14759999474910993,0.14629868602046767,1.0702363869409868,0.5650109685711677,0.01616063082415219,0.5870069605568445,0.8279462953754351,0.42237061769616024,0.17205370462456493,0.41299303944315546,0.23863636363636365,0.15005116472190233,patient,patient,max_image_outcome,max_calibrated_image_probability
convnext_tiny,144,0.01,4884.0,862.0,0.17649467649467648,0.7482402470864998,0.5286503341231151,0.14730737678914965,0.14594111588684353,1.0569432650125956,0.563274856522711,0.01612726205018676,0.5870069605568445,0.8247140726006962,0.41783649876135426,0.17528592739930382,0.41299303944315546,0.23863636363636365,0.1640921096172379,patient,patient,max_image_outcome,max_calibrated_image_probability
convnext_tiny,145,0.01,4884.0,862.0,0.17649467649467648,0.748495080998822,0.5284719322153122,0.14761222455913092,0.1463763905261112,1.0724438324405896,0.5642325772496469,0.016143706941100643,0.58584686774942,0.830183988065639,0.42508417508417506,0.16981601193436102,0.41415313225058004,0.23863636363636365,0.14990284839406048,patient,patient,max_image_outcome,max_calibrated_image_probability
convnext_tiny,146,0.01,4884.0,862.0,0.17649467649467648,0.748359659921476,0.5288923520183937,0.14738336685843254,0.14606304003942452,1.0655483468709768,0.5648439842216927,0.016156520305682497,0.5881670533642691,0.8279462953754351,0.42285237698081735,0.17205370462456493,0.4118329466357309,0.23863636363636365,0.14881583708465418,patient,patient,max_image_outcome,max_calibrated_image_probability
convnext_tiny,147,0.01,4884.0,862.0,0.17649467649467648,0.7495948905151595,0.5314030296561658,0.1473140560701409,0.14615976224410615,1.0958827619741094,0.57136863699144,0.016579121079409596,0.5870069605568445,0.834410740924913,0.431740614334471,0.16558925907508704,0.41299303944315546,0.21590909090909094,0.16664803454585875,patient,patient,max_image_outcome,max_calibrated_image_probability
convnext_tiny,148,0.01,4884.0,862.0,0.17649467649467648,0.7482253925913277,0.5282650349994072,0.14739523218826342,0.1460377820203195,1.0591425211898429,0.5634651311397243,0.0163102152188998,0.5823665893271461,0.8286921929388364,0.42149454240134343,0.17130780706116355,0.41763341067285387,0.23863636363636365,0.16422097790533052,patient,patient,max_image_outcome,max_calibrated_image_probability
convnext_tiny,149,0.01,4884.0,862.0,0.17649467649467648,0.7481583310354535,0.5276812047861332,0.1475372168393982,0.14618452108202823,1.0653243446821044,0.5642319237338024,0.016072630262538953,0.5870069605568445,0.8269517652909001,0.4209650582362729,0.1730482347090999,0.41299303944315546,0.23863636363636365,0.14886018217731356,patient,patient,max_image_outcome,max_calibrated_image_probability
convnext_tiny,150,0.01,4884.0,862.0,0.17649467649467648,0.7491981456975035,0.5304061870629654,0.1471653819153533,0.1458634058171691,1.0746957466294873,0.5688566058368572,0.015695097309238328,0.5893271461716937,0.8172550969666832,0.4086886564762671,0.1827449030333168,0.4106728538283063,0.21590909090909094,0.16493009331074135,patient,patient,max_image_outcome,max_calibrated_image_probability
convnext_tiny,151,0.01,4884.0,862.0,0.17649467649467648,0.7492921760941275,0.5304959915529727,0.14713231627972984,0.14581592750894248,1.0760083955119235,0.5691364126382349,0.01650248018726424,0.5881670533642691,0.8281949278965689,0.42320534223706174,0.1718050721034311,0.4118329466357309,0.23863636363636365,0.1636056411584279,patient,patient,max_image_outcome,max_calibrated_image_probability
convnext_tiny,152,0.01,4884.0,862.0,0.17649467649467648,0.7460309654210426,0.5259046560223242,0.14747993589007252,0.14604193711579352,1.023461826815927,0.5552955719565548,0.016357920644858796,0.5812064965197216,0.8262058677274987,0.4175,0.1737941322725013,0.41879350348027844,0.23863636363636365,0.1489213721392228,patient,patient,max_image_outcome,max_calibrated_image_probability
convnext_tiny,153,0.01,4884.0,862.0,0.17649467649467648,0.7482111149697546,0.5283780568442876,0.14721205009507166,0.1457877193179926,1.055373289306042,0.5643856907001554,0.016249420315238797,0.5893271461716937,0.8239681750372949,0.41776315789473684,0.17603182496270509,0.4106728538283063,0.21590909090909094,0.16402647126475078,patient,patient,max_image_outcome,max_calibrated_image_probability
convnext_tiny,154,0.01,4884.0,862.0,0.17649467649467648,0.7482364974081068,0.5288119448082569,0.1473644688622982,0.14604648800352904,1.0627591209710185,0.5641789998765786,0.01583855892915067,0.5916473317865429,0.821730482347091,0.4156479217603912,0.178269517652909,0.40835266821345706,0.21590909090909094,0.14864829819572617,patient,patient,max_image_outcome,max_calibrated_image_probability
convnext_tiny,155,0.01,4884.0,862.0,0.17649467649467648,0.7477297139514573,0.5279726129113792,0.14777181734087916,0.1465600660553992,1.0702013266818284,0.5633075550474025,0.01614021521641957,0.58584686774942,0.8304326205867727,0.42544229149115415,0.1695673794132273,0.41415313225058004,0.23863636363636365,0.1666053178443913,patient,patient,max_image_outcome,max_calibrated_image_probability
convnext_tiny,156,0.01,4884.0,862.0,0.17649467649467648,0.7475886683565217,0.5272431667994578,0.14710319184021584,0.14556949787571916,1.0380537295644194,0.5615748030855001,0.016105530747432904,0.5916473317865429,0.8224763799104923,0.4166666666666667,0.17752362008950773,0.40835266821345706,0.21590909090909094,0.16279324902755038,patient,patient,max_image_outcome,max_calibrated_image_probability
convnext_tiny,157,0.01,4884.0,862.0,0.17649467649467648,0.74830947191837,0.5286179613110196,0.1473838246521067,0.14598644132558317,1.0683004011480368,0.5667793443016238,0.016073145529334774,0.5870069605568445,0.8242168075584286,0.4171475680131904,0.17578319244157137,0.41299303944315546,0.23863636363636365,0.14872633281901876,patient,patient,max_image_outcome,max_calibrated_image_probability
convnext_tiny,158,0.01,4884.0,862.0,0.17649467649467648,0.7482428430176951,0.5282459366191419,0.14752801475723473,0.1461925594279847,1.0654166455929466,0.5642239741524928,0.016218540380767327,0.58584686774942,0.8299353555445053,0.4247266610597141,0.17006464445549474,0.41415313225058004,0.23863636363636365,0.14942184729971592,patient,patient,max_image_outcome,max_calibrated_image_probability
convnext_tiny,159,0.01,4884.0,862.0,0.17649467649467648,0.7481824155082083,0.5282501902873453,0.14751500583151603,0.14621864282423944,1.0639124971469982,0.5631827355920771,0.016099984301089994,0.58584686774942,0.8284435604177026,0.4225941422594142,0.17155643958229738,0.41415313225058004,0.23863636363636365,0.14928944798825092,patient,patient,max_image_outcome,max_calibrated_image_probability
convnext_tiny,160,0.01,4884.0,862.0,0.17649467649467648,0.7477351942506469,0.5280002410245888,0.14757920427640042,0.14632682957306292,1.0603101153302101,0.5617177231538668,0.01607194526305274,0.5846867749419954,0.8274490303331675,0.42070116861435725,0.17255096966683248,0.4153132250580046,0.23863636363636365,0.15087544066389,patient,patient,max_image_outcome,max_calibrated_image_probability
convnext_tiny,161,0.01,4884.0,862.0,0.17649467649467648,0.7476410196356236,0.5275660351191418,0.1475829866603941,0.14626077677965627,1.0592331590734239,0.5625009546743587,0.016163577937077157,0.5870069605568445,0.8284435604177026,0.4230769230769231,0.17155643958229738,0.41299303944315546,0.23863636363636365,0.16550484263764148,patient,patient,max_image_outcome,max_calibrated_image_probability
convnext_tiny,162,0.01,4884.0,862.0,0.17649467649467648,0.7480788666972025,0.5288035085317662,0.14762062041141952,0.14637136667991688,1.0731210529928354,0.5656363072827691,0.016243551619088328,0.5812064965197216,0.8291894579811039,0.4217171717171717,0.17081054201889612,0.41879350348027844,0.23863636363636365,0.16724243265762412,patient,patient,max_image_outcome,max_calibrated_image_probability
convnext_tiny,163,0.01,4884.0,862.0,0.17649467649467648,0.7492177593998669,0.529472900917487,0.14764451634679224,0.14642470440284125,1.0886941630111115,0.5677567162326126,0.016338443147513208,0.5846867749419954,0.8329189457981104,0.42857142857142855,0.16708105420188957,0.4153132250580046,0.23863636363636365,0.1530695159718244,patient,patient,max_image_outcome,max_calibrated_image_probability
convnext_tiny,164,0.01,4884.0,862.0,0.17649467649467648,0.7482728404448388,0.5288525423591245,0.1475310891288374,0.14626076764447163,1.072478388348517,0.5660941565971168,0.016111242730911537,0.5904872389791184,0.8267031327697663,0.42205638474295193,0.17329686723023374,0.40951276102088163,0.21590909090909094,0.16658001220459023,patient,patient,max_image_outcome,max_calibrated_image_probability
convnext_tiny,165,0.01,4884.0,862.0,0.17649467649467648,0.7483709089566548,0.5283589021279856,0.14747694531188046,0.14614106866705728,1.0633216272217654,0.5635828035582104,0.016135236510969916,0.5870069605568445,0.8279462953754351,0.42237061769616024,0.17205370462456493,0.41299303944315546,0.23863636363636365,0.14963247122038126,patient,patient,max_image_outcome,max_calibrated_image_probability
convnext_tiny,166,0.01,4884.0,862.0,0.17649467649467648,0.748211403406554,0.5282691142088515,0.1473780591749046,0.14601381449717432,1.0607104823888456,0.5638566957449183,0.01620640848896013,0.5835266821345708,0.8286921929388364,0.42197986577181207,0.17130780706116355,0.4164733178654292,0.23863636363636365,0.14836990444055748,patient,patient,max_image_outcome,max_calibrated_image_probability
convnext_tiny,167,0.01,4884.0,862.0,0.17649467649467648,0.7489085551508466,0.5294214355561789,0.14735044549765136,0.1460388098222968,1.0729074513235297,0.5667184276220276,0.016228709900158136,0.5870069605568445,0.8296867230233714,0.4248530646515533,0.17031327697662857,0.41299303944315546,0.23863636363636365,0.16447124662184692,patient,patient,max_image_outcome,max_calibrated_image_probability
convnext_tiny,168,0.01,4884.0,862.0,0.17649467649467648,0.7482561111104702,0.5284809208738337,0.14735007625272467,0.1460064052388227,1.0609978901394386,0.5638303700687015,0.016157914496471568,0.5881670533642691,0.8274490303331675,0.4221482098251457,0.17255096966683248,0.4118329466357309,0.23863636363636365,0.1643637816698908,patient,patient,max_image_outcome,max_calibrated_image_probability
convnext_tiny,169,0.01,4884.0,862.0,0.17649467649467648,0.7479121502271151,0.527536019820878,0.1473714799121154,0.14596226641854892,1.0507725055749972,0.5616363450934061,0.016093948519221902,0.5881670533642691,0.8254599701640974,0.41935483870967744,0.17454002983590255,0.4118329466357309,0.23863636363636365,0.16469215916209157,patient,patient,max_image_outcome,max_calibrated_image_probability
convnext_tiny,170,0.01,4884.0,862.0,0.17649467649467648,0.74747228410794,0.5267139073944038,0.1477166501787627,0.14635793041601713,1.0549442301269019,0.5609809625022553,0.016296362424424813,0.5823665893271461,0.8286921929388364,0.42149454240134343,0.17130780706116355,0.41763341067285387,0.21590909090909094,0.14998416564817602,patient,patient,max_image_outcome,max_calibrated_image_probability
convnext_tiny,171,0.01,4884.0,862.0,0.17649467649467648,0.7487132834376128,0.5292439209307961,0.14732403217781576,0.1460389208747191,1.0705525833829608,0.5657145543361413,0.015930903847317296,0.5893271461716937,0.8257086026852313,0.42018196856906537,0.17429139731476873,0.4106728538283063,0.23863636363636365,0.14895103225385647,patient,patient,max_image_outcome,max_calibrated_image_probability
convnext_tiny,172,0.01,4884.0,862.0,0.17649467649467648,0.7481640997714426,0.5282089794492093,0.14746340559104507,0.14613001247862617,1.0631089331471142,0.5638272054990229,0.016216765703349543,0.5870069605568445,0.8291894579811039,0.42414082145850796,0.17081054201889612,0.41299303944315546,0.23863636363636365,0.14903275594342597,patient,patient,max_image_outcome,max_calibrated_image_probability
convnext_tiny,173,0.01,4884.0,862.0,0.17649467649467648,0.7482395259945012,0.5280589755822008,0.14767588440064008,0.14642532041101214,1.0694043206694575,0.5629980311355611,0.015996612037815175,0.5881670533642691,0.8294380905022377,0.42497904442581724,0.1705619094977623,0.4118329466357309,0.23863636363636365,0.16548521653118492,patient,patient,max_image_outcome,max_calibrated_image_probability
convnext_tiny,174,0.01,4884.0,862.0,0.17649467649467648,0.748193808761787,0.528209421875564,0.14730430620415536,0.14589630923339733,1.0594663275571579,0.5647154902988405,0.01613351190422453,0.5893271461716937,0.8252113376429637,0.4194880264244426,0.17478866235703627,0.4106728538283063,0.23863636363636365,0.16415940642967153,patient,patient,max_image_outcome,max_calibrated_image_probability
convnext_tiny,175,0.01,4884.0,862.0,0.17649467649467648,0.7480899715139817,0.5280425045285874,0.1474816144747759,0.14613063330810938,1.06202965118548,0.563774917905462,0.016259301759590776,0.5846867749419954,0.8289408254599702,0.4228187919463087,0.17105917454002983,0.4153132250580046,0.23863636363636365,0.1647728223333784,patient,patient,max_image_outcome,max_calibrated_image_probability
convnext_tiny,176,0.01,4884.0,862.0,0.17649467649467648,0.7487138603112118,0.5290672719410763,0.14729534367328115,0.14596874158133277,1.0625297423516304,0.5643035290425643,0.016156326869736618,0.5846867749419954,0.8254599701640974,0.417910447761194,0.17454002983590255,0.4153132250580046,0.23863636363636365,0.1487838624481045,patient,patient,max_image_outcome,max_calibrated_image_probability
convnext_tiny,177,0.01,4884.0,862.0,0.17649467649467648,0.7480932885371755,0.5278980927401884,0.14749733595691844,0.1461707949534428,1.0610943672470763,0.5626944357842344,0.016159864940731673,0.58584686774942,0.8296867230233714,0.42436974789915966,0.17031327697662857,0.41415313225058004,0.26388888888888884,0.148982182656135,patient,patient,max_image_outcome,max_calibrated_image_probability
convnext_tiny,178,0.01,4884.0,862.0,0.17649467649467648,0.7484490753293084,0.5284166325271671,0.14766171793375832,0.14639655614313582,1.0745374961187586,0.5650441864409466,0.01619904090180405,0.58584686774942,0.8306812531079065,0.4258010118043845,0.16931874689209347,0.41415313225058004,0.23863636363636365,0.15011230780249726,patient,patient,max_image_outcome,max_calibrated_image_probability
convnext_tiny,179,0.01,4884.0,862.0,0.17649467649467648,0.748395426084609,0.5292490629868285,0.14722164218096762,0.14584653114834709,1.0633981329354736,0.5660320851714954,0.016096509070631704,0.5893271461716937,0.8247140726006962,0.41879637262984337,0.17528592739930382,0.4106728538283063,0.23863636363636365,0.1482833879133007,patient,patient,max_image_outcome,max_calibrated_image_probability
convnext_tiny,180,0.01,4884.0,862.0,0.17649467649467648,0.7483311046783295,0.5286991917719088,0.14734484969126055,0.1460088703562253,1.0604496807936303,0.5635883559214222,0.016087717235377292,0.5893271461716937,0.8262058677274987,0.4208782104391052,0.1737941322725013,0.4106728538283063,0.23863636363636365,0.164442457422174,patient,patient,max_image_outcome,max_calibrated_image_probability
convnext_tiny,181,0.01,4884.0,862.0,0.17649467649467648,0.7472343237483863,0.5272055333119671,0.1474011049478699,0.14591867852472368,1.049179249550757,0.562986134453072,0.01581334853398007,0.5881670533642691,0.8165091994032819,0.4072289156626506,0.18349080059671807,0.4118329466357309,0.21590909090909094,0.16434969576402084,patient,patient,max_image_outcome,max_calibrated_image_probability
convnext_tiny,182,0.01,4884.0,862.0,0.17649467649467648,0.7482480348800854,0.5281866494798986,0.14752141380684444,0.14620431037567577,1.0665026058730436,0.5643190118809801,0.01604594192938986,0.5893271461716937,0.8269517652909001,0.4219269102990033,0.1730482347090999,0.4106728538283063,0.23863636363636365,0.1490048308454163,patient,patient,max_image_outcome,max_calibrated_image_probability
convnext_tiny,183,0.01,4884.0,862.0,0.17649467649467648,0.7477225030314707,0.5277547344760456,0.14750063571090244,0.14614869535880412,1.0569998289497897,0.562694874800934,0.016280114516995018,0.5835266821345708,0.8289408254599702,0.42233417296389586,0.17105917454002983,0.4164733178654292,0.23863636363636365,0.14899633147652364,patient,patient,max_image_outcome,max_calibrated_image_probability
convnext_tiny,184,0.01,4884.0,862.0,0.17649467649467648,0.7484359514549329,0.529024423761027,0.14758606008108066,0.14636376278168503,1.0733843040538085,0.5648120708378653,0.016317896777298325,0.5846867749419954,0.8319244157135753,0.4271186440677966,0.16807558428642466,0.4153132250580046,0.23863636363636365,0.14967306086289042,patient,patient,max_image_outcome,max_calibrated_image_probability
convnext_tiny,185,0.01,4884.0,862.0,0.17649467649467648,0.7483951376478094,0.5284766774991538,0.14725121435982405,0.14586068026763055,1.0582084539704093,0.5644072309760378,0.016128143067943055,0.5893271461716937,0.8237195425161611,0.41741988496302385,0.17628045748383891,0.4106728538283063,0.23863636363636365,0.14798522679698187,patient,patient,max_image_outcome,max_calibrated_image_probability
convnext_tiny,186,0.01,4884.0,862.0,0.17649467649467648,0.7480403603844747,0.5276279699750835,0.14734808268079413,0.14590624368490307,1.055048999350724,0.5635736041098486,0.016089639231053745,0.5881670533642691,0.8227250124316261,0.4155737704918033,0.1772749875683739,0.4118329466357309,0.21590909090909094,0.14824716254391201,patient,patient,max_image_outcome,max_calibrated_image_probability
convnext_tiny,187,0.01,4884.0,862.0,0.17649467649467648,0.7480882408931849,0.5278237525189231,0.14734700584027782,0.14593188917337935,1.053908578677061,0.5627008338703783,0.01622781884999258,0.5870069605568445,0.8269517652909001,0.4209650582362729,0.1730482347090999,0.41299303944315546,0.23863636363636365,0.16379533255233908,patient,patient,max_image_outcome,max_calibrated_image_probability
convnext_tiny,188,0.01,4884.0,862.0,0.17649467649467648,0.7482677928008481,0.5285709891830694,0.14744865104105512,0.14613972768684574,1.0654681195575564,0.5643464602391505,0.016214602983238506,0.5881670533642691,0.8294380905022377,0.42497904442581724,0.1705619094977623,0.4118329466357309,0.23863636363636365,0.16459804911156972,patient,patient,max_image_outcome,max_calibrated_image_probability
convnext_tiny,189,0.01,4884.0,862.0,0.17649467649467648,0.7480614162708352,0.5284412790387994,0.14748726044407792,0.14617972981236232,1.0663497860050337,0.5647031576333291,0.0162260398699576,0.5881670533642691,0.8281949278965689,0.42320534223706174,0.1718050721034311,0.4118329466357309,0.23863636363636365,0.16532884502786638,patient,patient,max_image_outcome,max_calibrated_image_probability
convnext_tiny,190,0.01,4884.0,862.0,0.17649467649467648,0.748959031590752,0.5302475935325203,0.1475107637509807,0.146347668812346,1.0847396229861666,0.5676047380193496,0.016329612552861417,0.5846867749419954,0.8314271506713078,0.4263959390862944,0.1685728493286922,0.4153132250580046,0.26388888888888884,0.16642494552052306,patient,patient,max_image_outcome,max_calibrated_image_probability
convnext_tiny,191,0.01,4884.0,862.0,0.17649467649467648,0.7485477207147233,0.5289387996976942,0.14731060695224388,0.145948706391537,1.0613458384888104,0.5643275401946105,0.01632310919177624,0.5881670533642691,0.8291894579811039,0.42462311557788945,0.17081054201889612,0.4118329466357309,0.23863636363636365,0.1642619941030743,patient,patient,max_image_outcome,max_calibrated_image_probability
convnext_tiny,192,0.01,4884.0,862.0,0.17649467649467648,0.748127179861112,0.5282967557674508,0.1474889440192131,0.14617366866886758,1.0627028536505576,0.5634607841883874,0.016281379544664937,0.58584686774942,0.8294380905022377,0.42401343408900083,0.1705619094977623,0.41415313225058004,0.23863636363636365,0.16505313738098673,patient,patient,max_image_outcome,max_calibrated_image_probability
convnext_tiny,193,0.01,4884.0,862.0,0.17649467649467648,0.7483264896895382,0.5285097286395494,0.14753703578665406,0.14625125788833956,1.0694541475291817,0.5645773865305594,0.016141595910677622,0.58584686774942,0.8296867230233714,0.42436974789915966,0.17031327697662857,0.41415313225058004,0.23863636363636365,0.16535658902682593,patient,patient,max_image_outcome,max_calibrated_image_probability
convnext_tiny,194,0.01,4884.0,862.0,0.17649467649467648,0.7486685757336966,0.5290899425761771,0.14742337494559515,0.14613585061084763,1.071733792430051,0.5656016632055271,0.01611935389977615,0.5870069605568445,0.8276976628543014,0.42201834862385323,0.17230233714569865,0.41299303944315546,0.23863636363636365,0.1647689098347141,patient,patient,max_image_outcome,max_calibrated_image_probability
convnext_tiny,195,0.01,4884.0,862.0,0.17649467649467648,0.7487918824654654,0.5293876379123942,0.14756796026221733,0.1462894821953402,1.0785639069011144,0.5675946575986861,0.016185682431952925,0.5846867749419954,0.8267031327697663,0.4196502914238135,0.17329686723023374,0.4153132250580046,0.21590909090909094,0.166618568202799,patient,patient,max_image_outcome,max_calibrated_image_probability
convnext_tiny,196,0.01,4884.0,862.0,0.17649467649467648,0.7484144629133732,0.5291570689890475,0.1472106730304279,0.14582410786779107,1.0614379458740706,0.5655305249847866,0.01626495751830773,0.5870069605568445,0.8281949278965689,0.4227234753550543,0.1718050721034311,0.41299303944315546,0.23863636363636365,0.16383807986611176,patient,patient,max_image_outcome,max_calibrated_image_probability
convnext_tiny,197,0.01,4884.0,862.0,0.17649467649467648,0.7488543290325484,0.5291096763067648,0.14732504453614784,0.14598163633664146,1.0692471566643371,0.5660458684217823,0.016144344794654923,0.5893271461716937,0.8267031327697663,0.4215767634854772,0.17329686723023374,0.4106728538283063,0.23863636363636365,0.16439381470849468,patient,patient,max_image_outcome,max_calibrated_image_probability
convnext_tiny,198,0.01,4884.0,862.0,0.17649467649467648,0.74836283272627,0.5285643159688606,0.14746567580783915,0.14614844764068843,1.0677068690249492,0.5652416563687943,0.016119465730491087,0.5881670533642691,0.8269517652909001,0.42144638403990026,0.1730482347090999,0.4118329466357309,0.21590909090909094,0.16495442600086954,patient,patient,max_image_outcome,max_calibrated_image_probability
convnext_tiny,199,0.01,4884.0,862.0,0.17649467649467648,0.7481067008483503,0.527878462191375,0.147770856530782,0.14651469455269286,1.0717946157114713,0.5634009059418041,0.016303991493290343,0.5835266821345708,0.8326703132769766,0.42772108843537415,0.1673296867230234,0.4164733178654292,0.26388888888888884,0.15010870956719136,patient,patient,max_image_outcome,max_calibrated_image_probability
